<?xml version="1.0" encoding="UTF-8"?>
<kml xmlns="http://www.opengis.net/kml/2.2" xmlns:gx="http://www.google.com/kml/ext/2.2" xmlns:kml="http://www.opengis.net/kml/2.2" xmlns:atom="http://www.w3.org/2005/Atom">
<Document id="1deeDrvBnSFPUaa_ase6UOkNRfq9IY-jB">
	<name>Commodities Trading</name>
	<open>1</open>
	<atom:link rel="app" href="https://www.google.com/earth/about/versions/#earth-pro" title="Google Earth Pro 7.3.7.1155"></atom:link>
	<Schema name="__managed_schema" id="__managed_schema00">
		<SimpleField type="int" name="09149BB14C3FE5E87566">
			<displayName>Précision (m)</displayName>
		</SimpleField>
		<SimpleField type="int" name="01A71A3D7C3F60C859AF">
			<displayName>Précision (m)</displayName>
		</SimpleField>
		<SimpleField type="int" name="0251EC974A3F382D045D">
			<displayName>Précision (m)</displayName>
		</SimpleField>
		<SimpleField type="int" name="1F8EAC76B33F33B507D9">
			<displayName>Précision (m)</displayName>
		</SimpleField>
		<SimpleField type="int" name="15A5AC85B23F337E4686">
			<displayName>Précision (m)</displayName>
		</SimpleField>
		<SimpleField type="int" name="1EA10E865E3F337D9842">
			<displayName>Précision (m)</displayName>
		</SimpleField>
		<SimpleField type="int" name="0BA5FDCF933F2D63F83B">
			<displayName>Précision (m)</displayName>
		</SimpleField>
		<SimpleField type="int" name="0E8CDA59FC3F2D6312D2">
			<displayName>Précision (m)</displayName>
		</SimpleField>
		<SimpleField type="int" name="0D198CAFB93F2D5FB01A">
			<displayName>Précision (m)</displayName>
		</SimpleField>
		<SimpleField type="int" name="0DD1A116703F2D5E1B46">
			<displayName>Précision (m)</displayName>
		</SimpleField>
		<SimpleField type="int" name="15A17569453F2D5D2854">
			<displayName>Précision (m)</displayName>
		</SimpleField>
		<SimpleField type="int" name="0A8DD0447D3F2D5CC325">
			<displayName>Précision (m)</displayName>
		</SimpleField>
		<SimpleField type="int" name="1BC97685D63F2D5B5BEB">
			<displayName>Précision (m)</displayName>
		</SimpleField>
		<SimpleField type="int" name="09932D1A3C3F2D5AF5A5">
			<displayName>Précision (m)</displayName>
		</SimpleField>
		<SimpleField type="int" name="01B67EA69F3F2D57B8E2">
			<displayName>Précision (m)</displayName>
		</SimpleField>
		<SimpleField type="int" name="1E88E1D49D3F2D55D583">
			<displayName>Précision (m)</displayName>
		</SimpleField>
		<SimpleField type="int" name="0EEAF381EB3F2D552BFA">
			<displayName>Précision (m)</displayName>
		</SimpleField>
		<SimpleField type="int" name="040A1F85F73F2D52D689">
			<displayName>Précision (m)</displayName>
		</SimpleField>
		<SimpleField type="int" name="12F3D4FBBD3F2D2B1E7A">
			<displayName>Précision (m)</displayName>
		</SimpleField>
		<SimpleField type="int" name="06D9D1A39E3F2D29F8EB">
			<displayName>Précision (m)</displayName>
		</SimpleField>
		<SimpleField type="int" name="108A3C7DC63F2D28A0C3">
			<displayName>Précision (m)</displayName>
		</SimpleField>
		<SimpleField type="int" name="04E5665DFD3F2D2702EE">
			<displayName>Précision (m)</displayName>
		</SimpleField>
		<SimpleField type="int" name="11D0633E7D3F2D20A6BF">
			<displayName>Précision (m)</displayName>
		</SimpleField>
		<SimpleField type="int" name="12F518D75D3F2D1F583E">
			<displayName>Précision (m)</displayName>
		</SimpleField>
		<SimpleField type="int" name="01FD9200253F2D1F052F">
			<displayName>Précision (m)</displayName>
		</SimpleField>
		<SimpleField type="int" name="120A5D09503F2D1E5341">
			<displayName>Précision (m)</displayName>
		</SimpleField>
		<SimpleField type="int" name="19D91D66D83F2D1DCAD3">
			<displayName>Précision (m)</displayName>
		</SimpleField>
		<SimpleField type="int" name="0D6F60EA7A3F2D1D2346">
			<displayName>Précision (m)</displayName>
		</SimpleField>
		<SimpleField type="int" name="19CBB34D003F2D1B7323">
			<displayName>Précision (m)</displayName>
		</SimpleField>
		<SimpleField type="int" name="0D8A9042393F2D1A1583">
			<displayName>Précision (m)</displayName>
		</SimpleField>
		<SimpleField type="int" name="127095F3133F2D16716B">
			<displayName>Précision (m)</displayName>
		</SimpleField>
		<SimpleField type="int" name="0C71B641FF3F2D15737B">
			<displayName>Précision (m)</displayName>
		</SimpleField>
		<SimpleField type="int" name="003F5D15A33F2D0EA8F5">
			<displayName>Précision (m)</displayName>
		</SimpleField>
		<SimpleField type="int" name="039A63B3463F2D0D4069">
			<displayName>Précision (m)</displayName>
		</SimpleField>
		<SimpleField type="int" name="08EB909DC63F2CF2FCCA">
			<displayName>Précision (m)</displayName>
		</SimpleField>
		<SimpleField type="int" name="0DE27A8B473F257D99C2">
			<displayName>Précision (m)</displayName>
		</SimpleField>
		<SimpleField type="int" name="0F7B81D1133F257B74FF">
			<displayName>Précision (m)</displayName>
		</SimpleField>
		<SimpleField type="int" name="1F40C6851D3F256D6B22">
			<displayName>Précision (m)</displayName>
		</SimpleField>
		<SimpleField type="int" name="0177E3CF353F256BD475">
			<displayName>Précision (m)</displayName>
		</SimpleField>
		<SimpleField type="int" name="17F7FA0F9B3F256AE1E6">
			<displayName>Précision (m)</displayName>
		</SimpleField>
		<SimpleField type="int" name="01AA7CB13B3F2569EA98">
			<displayName>Précision (m)</displayName>
		</SimpleField>
		<SimpleField type="int" name="001326B6213F2565761D">
			<displayName>Précision (m)</displayName>
		</SimpleField>
		<SimpleField type="int" name="06B999FA1B3F2383B69C">
			<displayName>Précision (m)</displayName>
		</SimpleField>
		<SimpleField type="int" name="052D11D80C3F23806BD6">
			<displayName>Précision (m)</displayName>
		</SimpleField>
		<SimpleField type="int" name="0F4353BB803F237C2C21">
			<displayName>Précision (m)</displayName>
		</SimpleField>
		<SimpleField type="int" name="1EB6B7AF813F23751F6B">
			<displayName>Précision (m)</displayName>
		</SimpleField>
		<SimpleField type="int" name="021F09A7FF3F23747434">
			<displayName>Précision (m)</displayName>
		</SimpleField>
		<SimpleField type="int" name="00BF1A539D3F2373AF75">
			<displayName>Précision (m)</displayName>
		</SimpleField>
		<SimpleField type="int" name="08E05108503F2372530B">
			<displayName>Précision (m)</displayName>
		</SimpleField>
		<SimpleField type="int" name="07CFE706053F23645018">
			<displayName>Précision (m)</displayName>
		</SimpleField>
		<SimpleField type="int" name="07CB78FB7C3F23629A63">
			<displayName>Précision (m)</displayName>
		</SimpleField>
		<SimpleField type="int" name="0A686630D63F2360CAA3">
			<displayName>Précision (m)</displayName>
		</SimpleField>
		<SimpleField type="int" name="099F3373BC3F22D4E305">
			<displayName>Précision (m)</displayName>
		</SimpleField>
		<SimpleField type="int" name="12383F7AA63F22C64405">
			<displayName>Précision (m)</displayName>
		</SimpleField>
		<SimpleField type="int" name="173EEA12AD3F1D2A5045">
			<displayName>Précision (m)</displayName>
		</SimpleField>
		<SimpleField type="int" name="08BBF2E27F3F1D289C3A">
			<displayName>Précision (m)</displayName>
		</SimpleField>
	</Schema>
	<Style id="default6">
		<IconStyle>
			<scale>1.1</scale>
			<Icon>
				<href>http://maps.google.com/mapfiles/kml/paddle/R.png</href>
			</Icon>
			<hotSpot x="32" y="1" xunits="pixels" yunits="pixels"/>
		</IconStyle>
		<ListStyle>
			<ItemIcon>
				<href>http://maps.google.com/mapfiles/kml/paddle/R-lv.png</href>
			</ItemIcon>
		</ListStyle>
	</Style>
	<StyleMap id="default">
		<Pair>
			<key>normal</key>
			<styleUrl>#default1</styleUrl>
		</Pair>
		<Pair>
			<key>highlight</key>
			<styleUrl>#hl</styleUrl>
		</Pair>
	</StyleMap>
	<Style id="default1">
		<IconStyle>
			<scale>1.2</scale>
			<Icon>
				<href>http://maps.google.com/mapfiles/kml/shapes/ferry.png</href>
			</Icon>
			<hotSpot x="0.5" y="0" xunits="fraction" yunits="fraction"/>
		</IconStyle>
		<ListStyle>
		</ListStyle>
	</Style>
	<StyleMap id="default0">
		<Pair>
			<key>normal</key>
			<styleUrl>#default4</styleUrl>
		</Pair>
		<Pair>
			<key>highlight</key>
			<styleUrl>#hl1</styleUrl>
		</Pair>
	</StyleMap>
	<StyleMap id="default00">
		<Pair>
			<key>normal</key>
			<styleUrl>#default5</styleUrl>
		</Pair>
		<Pair>
			<key>highlight</key>
			<styleUrl>#hl2</styleUrl>
		</Pair>
	</StyleMap>
	<Style id="default10">
		<IconStyle>
			<scale>1.1</scale>
			<Icon>
				<href>http://maps.google.com/mapfiles/kml/paddle/red-circle.png</href>
			</Icon>
			<hotSpot x="32" y="1" xunits="pixels" yunits="pixels"/>
		</IconStyle>
		<ListStyle>
			<ItemIcon>
				<href>http://maps.google.com/mapfiles/kml/paddle/red-circle-lv.png</href>
			</ItemIcon>
		</ListStyle>
	</Style>
	<StyleMap id="default2">
		<Pair>
			<key>normal</key>
			<styleUrl>#default6</styleUrl>
		</Pair>
		<Pair>
			<key>highlight</key>
			<styleUrl>#hl0</styleUrl>
		</Pair>
	</StyleMap>
	<StyleMap id="default3">
		<Pair>
			<key>normal</key>
			<styleUrl>#default10</styleUrl>
		</Pair>
		<Pair>
			<key>highlight</key>
			<styleUrl>#hl00</styleUrl>
		</Pair>
	</StyleMap>
	<Style id="default4">
		<IconStyle>
			<scale>1.1</scale>
			<Icon>
				<href>http://maps.google.com/mapfiles/kml/paddle/red-circle.png</href>
			</Icon>
			<hotSpot x="32" y="1" xunits="pixels" yunits="pixels"/>
		</IconStyle>
		<ListStyle>
			<ItemIcon>
				<href>http://maps.google.com/mapfiles/kml/paddle/red-circle-lv.png</href>
			</ItemIcon>
		</ListStyle>
	</Style>
	<Style id="default5">
		<IconStyle>
			<scale>1.1</scale>
			<Icon>
				<href>http://maps.google.com/mapfiles/kml/paddle/red-circle.png</href>
			</Icon>
			<hotSpot x="32" y="1" xunits="pixels" yunits="pixels"/>
		</IconStyle>
		<ListStyle>
			<ItemIcon>
				<href>http://maps.google.com/mapfiles/kml/paddle/red-circle-lv.png</href>
			</ItemIcon>
		</ListStyle>
	</Style>
	<Style id="failed">
		<LineStyle>
			<color>e61381ff</color>
		</LineStyle>
	</Style>
	<Style id="failed0">
		<LineStyle>
			<color>e61381ff</color>
		</LineStyle>
	</Style>
	<StyleMap id="failed4">
		<Pair>
			<key>normal</key>
			<styleUrl>#failed0</styleUrl>
		</Pair>
		<Pair>
			<key>highlight</key>
			<styleUrl>#failed</styleUrl>
		</Pair>
	</StyleMap>
	<Style id="hl1">
		<IconStyle>
			<scale>1.3</scale>
			<Icon>
				<href>http://maps.google.com/mapfiles/kml/paddle/red-circle.png</href>
			</Icon>
			<hotSpot x="32" y="1" xunits="pixels" yunits="pixels"/>
		</IconStyle>
		<ListStyle>
			<ItemIcon>
				<href>http://maps.google.com/mapfiles/kml/paddle/red-circle-lv.png</href>
			</ItemIcon>
		</ListStyle>
	</Style>
	<Style id="hl">
		<IconStyle>
			<scale>1.4</scale>
			<Icon>
				<href>http://maps.google.com/mapfiles/kml/shapes/ferry.png</href>
			</Icon>
			<hotSpot x="0.5" y="0" xunits="fraction" yunits="fraction"/>
		</IconStyle>
		<ListStyle>
		</ListStyle>
	</Style>
	<Style id="hl0">
		<IconStyle>
			<scale>1.3</scale>
			<Icon>
				<href>http://maps.google.com/mapfiles/kml/paddle/R.png</href>
			</Icon>
			<hotSpot x="32" y="1" xunits="pixels" yunits="pixels"/>
		</IconStyle>
		<ListStyle>
			<ItemIcon>
				<href>http://maps.google.com/mapfiles/kml/paddle/R-lv.png</href>
			</ItemIcon>
		</ListStyle>
	</Style>
	<Style id="hl00">
		<IconStyle>
			<scale>1.3</scale>
			<Icon>
				<href>http://maps.google.com/mapfiles/kml/paddle/red-circle.png</href>
			</Icon>
			<hotSpot x="32" y="1" xunits="pixels" yunits="pixels"/>
		</IconStyle>
		<ListStyle>
			<ItemIcon>
				<href>http://maps.google.com/mapfiles/kml/paddle/red-circle-lv.png</href>
			</ItemIcon>
		</ListStyle>
	</Style>
	<Style id="hl2">
		<IconStyle>
			<scale>1.3</scale>
			<Icon>
				<href>http://maps.google.com/mapfiles/kml/paddle/red-circle.png</href>
			</Icon>
			<hotSpot x="32" y="1" xunits="pixels" yunits="pixels"/>
		</IconStyle>
		<ListStyle>
			<ItemIcon>
				<href>http://maps.google.com/mapfiles/kml/paddle/red-circle-lv.png</href>
			</ItemIcon>
		</ListStyle>
	</Style>
	<Style id="hub">
		<LineStyle>
			<color>ff27a2c9</color>
			<width>2.6</width>
		</LineStyle>
	</Style>
	<Style id="hub0">
		<LineStyle>
			<color>ff27a2c9</color>
			<width>2.6</width>
		</LineStyle>
	</Style>
	<Style id="hub1">
		<LineStyle>
			<color>ff27a2c9</color>
			<width>2.6</width>
		</LineStyle>
	</Style>
	<StyleMap id="hub2">
		<Pair>
			<key>normal</key>
			<styleUrl>#hub</styleUrl>
		</Pair>
		<Pair>
			<key>highlight</key>
			<styleUrl>#hub0</styleUrl>
		</Pair>
	</StyleMap>
	<StyleMap id="m_ylw-pushpin0">
		<Pair>
			<key>normal</key>
			<styleUrl>#s_ylw-pushpin00</styleUrl>
		</Pair>
		<Pair>
			<key>highlight</key>
			<styleUrl>#s_ylw-pushpin_hl00</styleUrl>
		</Pair>
	</StyleMap>
	<StyleMap id="m_ylw-pushpin00">
		<Pair>
			<key>normal</key>
			<styleUrl>#s_ylw-pushpin21</styleUrl>
		</Pair>
		<Pair>
			<key>highlight</key>
			<styleUrl>#s_ylw-pushpin_hl10</styleUrl>
		</Pair>
	</StyleMap>
	<StyleMap id="m_ylw-pushpin000">
		<Pair>
			<key>normal</key>
			<styleUrl>#s_ylw-pushpin20</styleUrl>
		</Pair>
		<Pair>
			<key>highlight</key>
			<styleUrl>#s_ylw-pushpin_hl11</styleUrl>
		</Pair>
	</StyleMap>
	<StyleMap id="m_ylw-pushpin1">
		<Pair>
			<key>normal</key>
			<styleUrl>#s_ylw-pushpin0</styleUrl>
		</Pair>
		<Pair>
			<key>highlight</key>
			<styleUrl>#s_ylw-pushpin_hl0</styleUrl>
		</Pair>
	</StyleMap>
	<StyleMap id="msn_R">
		<Pair>
			<key>normal</key>
			<styleUrl>#sn_R</styleUrl>
		</Pair>
		<Pair>
			<key>highlight</key>
			<styleUrl>#sh_R</styleUrl>
		</Pair>
	</StyleMap>
	<StyleMap id="msn_airports">
		<Pair>
			<key>normal</key>
			<styleUrl>#sn_airports00</styleUrl>
		</Pair>
		<Pair>
			<key>highlight</key>
			<styleUrl>#sh_airports01</styleUrl>
		</Pair>
	</StyleMap>
	<StyleMap id="msn_airports0">
		<Pair>
			<key>normal</key>
			<styleUrl>#sn_airports1</styleUrl>
		</Pair>
		<Pair>
			<key>highlight</key>
			<styleUrl>#sh_airports00</styleUrl>
		</Pair>
	</StyleMap>
	<StyleMap id="msn_airports00">
		<Pair>
			<key>normal</key>
			<styleUrl>#sn_airports000</styleUrl>
		</Pair>
		<Pair>
			<key>highlight</key>
			<styleUrl>#sh_airports000</styleUrl>
		</Pair>
	</StyleMap>
	<StyleMap id="msn_airports1">
		<Pair>
			<key>normal</key>
			<styleUrl>#sn_airports</styleUrl>
		</Pair>
		<Pair>
			<key>highlight</key>
			<styleUrl>#sh_airports</styleUrl>
		</Pair>
	</StyleMap>
	<StyleMap id="msn_airports2">
		<Pair>
			<key>normal</key>
			<styleUrl>#sn_airports0</styleUrl>
		</Pair>
		<Pair>
			<key>highlight</key>
			<styleUrl>#sh_airports0</styleUrl>
		</Pair>
	</StyleMap>
	<StyleMap id="msn_ferry">
		<Pair>
			<key>normal</key>
			<styleUrl>#sn_ferry3</styleUrl>
		</Pair>
		<Pair>
			<key>highlight</key>
			<styleUrl>#sh_ferry1</styleUrl>
		</Pair>
	</StyleMap>
	<StyleMap id="msn_ferry0">
		<Pair>
			<key>normal</key>
			<styleUrl>#sn_ferry</styleUrl>
		</Pair>
		<Pair>
			<key>highlight</key>
			<styleUrl>#sh_ferry</styleUrl>
		</Pair>
	</StyleMap>
	<StyleMap id="msn_ferry01">
		<Pair>
			<key>normal</key>
			<styleUrl>#sn_ferry2</styleUrl>
		</Pair>
		<Pair>
			<key>highlight</key>
			<styleUrl>#sh_ferry00</styleUrl>
		</Pair>
	</StyleMap>
	<StyleMap id="msn_ferry02">
		<Pair>
			<key>normal</key>
			<styleUrl>#sn_ferry1</styleUrl>
		</Pair>
		<Pair>
			<key>highlight</key>
			<styleUrl>#sh_ferry2</styleUrl>
		</Pair>
	</StyleMap>
	<StyleMap id="msn_ferry1">
		<Pair>
			<key>normal</key>
			<styleUrl>#sn_ferry0</styleUrl>
		</Pair>
		<Pair>
			<key>highlight</key>
			<styleUrl>#sh_ferry0</styleUrl>
		</Pair>
	</StyleMap>
	<StyleMap id="msn_firedept">
		<Pair>
			<key>normal</key>
			<styleUrl>#sn_firedept</styleUrl>
		</Pair>
		<Pair>
			<key>highlight</key>
			<styleUrl>#sh_firedept</styleUrl>
		</Pair>
	</StyleMap>
	<StyleMap id="msn_icon?color=000000&amp;id=2000&amp;scale=4">
		<Pair>
			<key>normal</key>
			<styleUrl>#sn_icon?color=000000&amp;id=2000&amp;scale=40</styleUrl>
		</Pair>
		<Pair>
			<key>highlight</key>
			<styleUrl>#sh_icon?color=000000&amp;id=2000&amp;scale=4</styleUrl>
		</Pair>
	</StyleMap>
	<StyleMap id="msn_icon?color=000000&amp;id=2000&amp;scale=40">
		<Pair>
			<key>normal</key>
			<styleUrl>#sn_icon?color=000000&amp;id=2000&amp;scale=41</styleUrl>
		</Pair>
		<Pair>
			<key>highlight</key>
			<styleUrl>#sh_icon?color=000000&amp;id=2000&amp;scale=40</styleUrl>
		</Pair>
	</StyleMap>
	<StyleMap id="msn_icon?color=000000&amp;id=2000&amp;scale=400">
		<Pair>
			<key>normal</key>
			<styleUrl>#sn_icon?color=000000&amp;id=2000&amp;scale=4</styleUrl>
		</Pair>
		<Pair>
			<key>highlight</key>
			<styleUrl>#sh_icon?color=000000&amp;id=2000&amp;scale=41</styleUrl>
		</Pair>
	</StyleMap>
	<StyleMap id="msn_icon?color=1976d2&amp;id=2000&amp;scale=401">
		<Pair>
			<key>normal</key>
			<styleUrl>#sn_icon?color=1976d2&amp;id=2000&amp;scale=40100</styleUrl>
		</Pair>
		<Pair>
			<key>highlight</key>
			<styleUrl>#sh_icon?color=1976d2&amp;id=2000&amp;scale=401</styleUrl>
		</Pair>
	</StyleMap>
	<StyleMap id="msn_icon?color=1976d2&amp;id=2000&amp;scale=4010">
		<Pair>
			<key>normal</key>
			<styleUrl>#sn_icon?color=1976d2&amp;id=2000&amp;scale=4010</styleUrl>
		</Pair>
		<Pair>
			<key>highlight</key>
			<styleUrl>#sh_icon?color=1976d2&amp;id=2000&amp;scale=4010</styleUrl>
		</Pair>
	</StyleMap>
	<StyleMap id="msn_icon?color=1976d2&amp;id=2000&amp;scale=410">
		<Pair>
			<key>normal</key>
			<styleUrl>#sn_icon?color=1976d2&amp;id=2000&amp;scale=41</styleUrl>
		</Pair>
		<Pair>
			<key>highlight</key>
			<styleUrl>#sh_icon?color=1976d2&amp;id=2000&amp;scale=42</styleUrl>
		</Pair>
	</StyleMap>
	<StyleMap id="msn_icon?color=1976d2&amp;id=2000&amp;scale=42">
		<Pair>
			<key>normal</key>
			<styleUrl>#sn_icon?color=1976d2&amp;id=2000&amp;scale=402</styleUrl>
		</Pair>
		<Pair>
			<key>highlight</key>
			<styleUrl>#sh_icon?color=1976d2&amp;id=2000&amp;scale=410</styleUrl>
		</Pair>
	</StyleMap>
	<StyleMap id="msn_icon?color=1976d2&amp;id=2000&amp;scale=44000">
		<Pair>
			<key>normal</key>
			<styleUrl>#sn_icon?color=1976d2&amp;id=2000&amp;scale=43000</styleUrl>
		</Pair>
		<Pair>
			<key>highlight</key>
			<styleUrl>#sh_icon?color=1976d2&amp;id=2000&amp;scale=4201</styleUrl>
		</Pair>
	</StyleMap>
	<StyleMap id="msn_marina">
		<Pair>
			<key>normal</key>
			<styleUrl>#sn_marina</styleUrl>
		</Pair>
		<Pair>
			<key>highlight</key>
			<styleUrl>#sh_marina</styleUrl>
		</Pair>
	</StyleMap>
	<StyleMap id="msn_marina0">
		<Pair>
			<key>normal</key>
			<styleUrl>#sn_marina2</styleUrl>
		</Pair>
		<Pair>
			<key>highlight</key>
			<styleUrl>#sh_marina0</styleUrl>
		</Pair>
	</StyleMap>
	<StyleMap id="msn_marina00">
		<Pair>
			<key>normal</key>
			<styleUrl>#sn_marina1</styleUrl>
		</Pair>
		<Pair>
			<key>highlight</key>
			<styleUrl>#sh_marina00</styleUrl>
		</Pair>
	</StyleMap>
	<StyleMap id="msn_marina1">
		<Pair>
			<key>normal</key>
			<styleUrl>#sn_marina0</styleUrl>
		</Pair>
		<Pair>
			<key>highlight</key>
			<styleUrl>#sh_marina1</styleUrl>
		</Pair>
	</StyleMap>
	<StyleMap id="msn_ranger_station">
		<Pair>
			<key>normal</key>
			<styleUrl>#sn_ranger_station</styleUrl>
		</Pair>
		<Pair>
			<key>highlight</key>
			<styleUrl>#sh_ranger_station</styleUrl>
		</Pair>
	</StyleMap>
	<StyleMap id="msn_red-circle">
		<Pair>
			<key>normal</key>
			<styleUrl>#sn_red-circle8</styleUrl>
		</Pair>
		<Pair>
			<key>highlight</key>
			<styleUrl>#sh_red-circle2</styleUrl>
		</Pair>
	</StyleMap>
	<StyleMap id="msn_red-circle0">
		<Pair>
			<key>normal</key>
			<styleUrl>#sn_red-circle100</styleUrl>
		</Pair>
		<Pair>
			<key>highlight</key>
			<styleUrl>#sh_red-circle100</styleUrl>
		</Pair>
	</StyleMap>
	<StyleMap id="msn_red-circle00">
		<Pair>
			<key>normal</key>
			<styleUrl>#sn_red-circle6</styleUrl>
		</Pair>
		<Pair>
			<key>highlight</key>
			<styleUrl>#sh_red-circle00</styleUrl>
		</Pair>
	</StyleMap>
	<StyleMap id="msn_red-circle1">
		<Pair>
			<key>normal</key>
			<styleUrl>#sn_red-circle0</styleUrl>
		</Pair>
		<Pair>
			<key>highlight</key>
			<styleUrl>#sh_red-circle50</styleUrl>
		</Pair>
	</StyleMap>
	<StyleMap id="msn_red-circle10">
		<Pair>
			<key>normal</key>
			<styleUrl>#sn_red-circle3</styleUrl>
		</Pair>
		<Pair>
			<key>highlight</key>
			<styleUrl>#sh_red-circle</styleUrl>
		</Pair>
	</StyleMap>
	<StyleMap id="msn_red-circle11">
		<Pair>
			<key>normal</key>
			<styleUrl>#sn_red-circle</styleUrl>
		</Pair>
		<Pair>
			<key>highlight</key>
			<styleUrl>#sh_red-circle5</styleUrl>
		</Pair>
	</StyleMap>
	<StyleMap id="msn_red-circle2">
		<Pair>
			<key>normal</key>
			<styleUrl>#sn_red-circle4</styleUrl>
		</Pair>
		<Pair>
			<key>highlight</key>
			<styleUrl>#sh_red-circle01</styleUrl>
		</Pair>
	</StyleMap>
	<StyleMap id="msn_red-circle3">
		<Pair>
			<key>normal</key>
			<styleUrl>#sn_red-circle5</styleUrl>
		</Pair>
		<Pair>
			<key>highlight</key>
			<styleUrl>#sh_red-circle30</styleUrl>
		</Pair>
	</StyleMap>
	<StyleMap id="msn_red-circle4">
		<Pair>
			<key>normal</key>
			<styleUrl>#sn_red-circle2</styleUrl>
		</Pair>
		<Pair>
			<key>highlight</key>
			<styleUrl>#sh_red-circle3</styleUrl>
		</Pair>
	</StyleMap>
	<StyleMap id="msn_red-circle40">
		<Pair>
			<key>normal</key>
			<styleUrl>#sn_red-circle10</styleUrl>
		</Pair>
		<Pair>
			<key>highlight</key>
			<styleUrl>#sh_red-circle6</styleUrl>
		</Pair>
	</StyleMap>
	<StyleMap id="msn_red-circle5">
		<Pair>
			<key>normal</key>
			<styleUrl>#sn_red-circle7</styleUrl>
		</Pair>
		<Pair>
			<key>highlight</key>
			<styleUrl>#sh_red-circle1</styleUrl>
		</Pair>
	</StyleMap>
	<StyleMap id="msn_red-circle50">
		<Pair>
			<key>normal</key>
			<styleUrl>#sn_red-circle30</styleUrl>
		</Pair>
		<Pair>
			<key>highlight</key>
			<styleUrl>#sh_red-circle10</styleUrl>
		</Pair>
	</StyleMap>
	<StyleMap id="msn_red-circle6">
		<Pair>
			<key>normal</key>
			<styleUrl>#sn_red-circle70</styleUrl>
		</Pair>
		<Pair>
			<key>highlight</key>
			<styleUrl>#sh_red-circle40</styleUrl>
		</Pair>
	</StyleMap>
	<StyleMap id="msn_red-circle7">
		<Pair>
			<key>normal</key>
			<styleUrl>#sn_red-circle60</styleUrl>
		</Pair>
		<Pair>
			<key>highlight</key>
			<styleUrl>#sh_red-circle20</styleUrl>
		</Pair>
	</StyleMap>
	<StyleMap id="msn_red-circle8">
		<Pair>
			<key>normal</key>
			<styleUrl>#sn_red-circle9</styleUrl>
		</Pair>
		<Pair>
			<key>highlight</key>
			<styleUrl>#sh_red-circle4</styleUrl>
		</Pair>
	</StyleMap>
	<StyleMap id="msn_red-circle9">
		<Pair>
			<key>normal</key>
			<styleUrl>#sn_red-circle1</styleUrl>
		</Pair>
		<Pair>
			<key>highlight</key>
			<styleUrl>#sh_red-circle0</styleUrl>
		</Pair>
	</StyleMap>
	<StyleMap id="msn_target">
		<Pair>
			<key>normal</key>
			<styleUrl>#sn_target2</styleUrl>
		</Pair>
		<Pair>
			<key>highlight</key>
			<styleUrl>#sh_target0</styleUrl>
		</Pair>
	</StyleMap>
	<StyleMap id="msn_target0">
		<Pair>
			<key>normal</key>
			<styleUrl>#sn_target0</styleUrl>
		</Pair>
		<Pair>
			<key>highlight</key>
			<styleUrl>#sh_target00</styleUrl>
		</Pair>
	</StyleMap>
	<StyleMap id="msn_target1">
		<Pair>
			<key>normal</key>
			<styleUrl>#sn_target</styleUrl>
		</Pair>
		<Pair>
			<key>highlight</key>
			<styleUrl>#sh_target</styleUrl>
		</Pair>
	</StyleMap>
	<StyleMap id="msn_target2">
		<Pair>
			<key>normal</key>
			<styleUrl>#sn_target1</styleUrl>
		</Pair>
		<Pair>
			<key>highlight</key>
			<styleUrl>#sh_target1</styleUrl>
		</Pair>
	</StyleMap>
	<StyleMap id="msn_volcano">
		<Pair>
			<key>normal</key>
			<styleUrl>#sn_volcano3</styleUrl>
		</Pair>
		<Pair>
			<key>highlight</key>
			<styleUrl>#sh_volcano2</styleUrl>
		</Pair>
	</StyleMap>
	<StyleMap id="msn_volcano0">
		<Pair>
			<key>normal</key>
			<styleUrl>#sn_volcano</styleUrl>
		</Pair>
		<Pair>
			<key>highlight</key>
			<styleUrl>#sh_volcano</styleUrl>
		</Pair>
	</StyleMap>
	<StyleMap id="msn_volcano1">
		<Pair>
			<key>normal</key>
			<styleUrl>#sn_volcano0</styleUrl>
		</Pair>
		<Pair>
			<key>highlight</key>
			<styleUrl>#sh_volcano1</styleUrl>
		</Pair>
	</StyleMap>
	<StyleMap id="msn_volcano2">
		<Pair>
			<key>normal</key>
			<styleUrl>#sn_volcano2</styleUrl>
		</Pair>
		<Pair>
			<key>highlight</key>
			<styleUrl>#sh_volcano3</styleUrl>
		</Pair>
	</StyleMap>
	<StyleMap id="msn_volcano3">
		<Pair>
			<key>normal</key>
			<styleUrl>#sn_volcano1</styleUrl>
		</Pair>
		<Pair>
			<key>highlight</key>
			<styleUrl>#sh_volcano0</styleUrl>
		</Pair>
	</StyleMap>
	<StyleMap id="msn_ylw-pushpin">
		<Pair>
			<key>normal</key>
			<styleUrl>#sn_ylw-pushpin1</styleUrl>
		</Pair>
		<Pair>
			<key>highlight</key>
			<styleUrl>#sh_ylw-pushpin2</styleUrl>
		</Pair>
	</StyleMap>
	<StyleMap id="msn_ylw-pushpin0">
		<Pair>
			<key>normal</key>
			<styleUrl>#sn_ylw-pushpin</styleUrl>
		</Pair>
		<Pair>
			<key>highlight</key>
			<styleUrl>#sh_ylw-pushpin0</styleUrl>
		</Pair>
	</StyleMap>
	<StyleMap id="msn_ylw-pushpin00">
		<Pair>
			<key>normal</key>
			<styleUrl>#sn_ylw-pushpin00</styleUrl>
		</Pair>
		<Pair>
			<key>highlight</key>
			<styleUrl>#sh_ylw-pushpin1</styleUrl>
		</Pair>
	</StyleMap>
	<StyleMap id="msn_ylw-pushpin01">
		<Pair>
			<key>normal</key>
			<styleUrl>#sn_ylw-pushpin0</styleUrl>
		</Pair>
		<Pair>
			<key>highlight</key>
			<styleUrl>#sh_ylw-pushpin</styleUrl>
		</Pair>
	</StyleMap>
	<StyleMap id="msn_ylw-pushpin1">
		<Pair>
			<key>normal</key>
			<styleUrl>#sn_ylw-pushpin10</styleUrl>
		</Pair>
		<Pair>
			<key>highlight</key>
			<styleUrl>#sh_ylw-pushpin00</styleUrl>
		</Pair>
	</StyleMap>
	<Style id="op">
		<LineStyle>
			<color>e60000ff</color>
		</LineStyle>
	</Style>
	<Style id="op0">
		<LineStyle>
			<color>e60000ff</color>
		</LineStyle>
	</Style>
	<Style id="op00">
		<LineStyle>
			<color>e60000ff</color>
		</LineStyle>
	</Style>
	<Style id="op1">
		<LineStyle>
			<color>e60000ff</color>
		</LineStyle>
	</Style>
	<StyleMap id="op10">
		<Pair>
			<key>normal</key>
			<styleUrl>#op1</styleUrl>
		</Pair>
		<Pair>
			<key>highlight</key>
			<styleUrl>#op2</styleUrl>
		</Pair>
	</StyleMap>
	<Style id="op2">
		<LineStyle>
			<color>e60000ff</color>
		</LineStyle>
	</Style>
	<Style id="op3">
		<LineStyle>
			<color>e60000ff</color>
		</LineStyle>
	</Style>
	<StyleMap id="op30">
		<Pair>
			<key>normal</key>
			<styleUrl>#op3</styleUrl>
		</Pair>
		<Pair>
			<key>highlight</key>
			<styleUrl>#op00</styleUrl>
		</Pair>
	</StyleMap>
	<StyleMap id="op4">
		<Pair>
			<key>normal</key>
			<styleUrl>#op0</styleUrl>
		</Pair>
		<Pair>
			<key>highlight</key>
			<styleUrl>#op</styleUrl>
		</Pair>
	</StyleMap>
	<Style id="s_ylw-pushpin0">
		<IconStyle>
			<scale>1.2</scale>
			<Icon>
				<href>http://maps.google.com/mapfiles/kml/shapes/airports.png</href>
			</Icon>
			<hotSpot x="0.5" y="0" xunits="fraction" yunits="fraction"/>
		</IconStyle>
	</Style>
	<Style id="s_ylw-pushpin00">
		<IconStyle>
			<color>ffff40ff</color>
			<scale>1.3</scale>
			<Icon>
				<href>http://maps.google.com/mapfiles/kml/shapes/star.png</href>
			</Icon>
		</IconStyle>
	</Style>
	<Style id="s_ylw-pushpin20">
		<IconStyle>
			<scale>1.1</scale>
			<Icon>
				<href>http://maps.google.com/mapfiles/kml/paddle/red-circle.png</href>
			</Icon>
			<hotSpot x="32" y="1" xunits="pixels" yunits="pixels"/>
		</IconStyle>
		<ListStyle>
			<ItemIcon>
				<href>http://maps.google.com/mapfiles/kml/paddle/red-circle-lv.png</href>
			</ItemIcon>
		</ListStyle>
	</Style>
	<Style id="s_ylw-pushpin21">
		<IconStyle>
			<scale>1.1</scale>
			<Icon>
				<href>http://maps.google.com/mapfiles/kml/paddle/red-circle.png</href>
			</Icon>
			<hotSpot x="32" y="1" xunits="pixels" yunits="pixels"/>
		</IconStyle>
		<ListStyle>
			<ItemIcon>
				<href>http://maps.google.com/mapfiles/kml/paddle/red-circle-lv.png</href>
			</ItemIcon>
		</ListStyle>
	</Style>
	<Style id="s_ylw-pushpin_hl0">
		<IconStyle>
			<scale>1.4</scale>
			<Icon>
				<href>http://maps.google.com/mapfiles/kml/shapes/airports.png</href>
			</Icon>
			<hotSpot x="0.5" y="0" xunits="fraction" yunits="fraction"/>
		</IconStyle>
	</Style>
	<Style id="s_ylw-pushpin_hl00">
		<IconStyle>
			<color>ffff40ff</color>
			<scale>1.53636</scale>
			<Icon>
				<href>http://maps.google.com/mapfiles/kml/shapes/star.png</href>
			</Icon>
		</IconStyle>
	</Style>
	<Style id="s_ylw-pushpin_hl10">
		<IconStyle>
			<scale>1.3</scale>
			<Icon>
				<href>http://maps.google.com/mapfiles/kml/paddle/red-circle.png</href>
			</Icon>
			<hotSpot x="32" y="1" xunits="pixels" yunits="pixels"/>
		</IconStyle>
		<ListStyle>
			<ItemIcon>
				<href>http://maps.google.com/mapfiles/kml/paddle/red-circle-lv.png</href>
			</ItemIcon>
		</ListStyle>
	</Style>
	<Style id="s_ylw-pushpin_hl11">
		<IconStyle>
			<scale>1.3</scale>
			<Icon>
				<href>http://maps.google.com/mapfiles/kml/paddle/red-circle.png</href>
			</Icon>
			<hotSpot x="32" y="1" xunits="pixels" yunits="pixels"/>
		</IconStyle>
		<ListStyle>
			<ItemIcon>
				<href>http://maps.google.com/mapfiles/kml/paddle/red-circle-lv.png</href>
			</ItemIcon>
		</ListStyle>
	</Style>
	<Style id="sh_R">
		<IconStyle>
			<scale>1.3</scale>
			<Icon>
				<href>http://maps.google.com/mapfiles/kml/paddle/R.png</href>
			</Icon>
			<hotSpot x="32" y="1" xunits="pixels" yunits="pixels"/>
		</IconStyle>
		<BalloonStyle>
		</BalloonStyle>
		<ListStyle>
			<ItemIcon>
				<href>http://maps.google.com/mapfiles/kml/paddle/R-lv.png</href>
			</ItemIcon>
		</ListStyle>
	</Style>
	<Style id="sh_airports">
		<IconStyle>
			<scale>1.4</scale>
			<Icon>
				<href>http://maps.google.com/mapfiles/kml/shapes/airports.png</href>
			</Icon>
			<hotSpot x="0.5" y="0" xunits="fraction" yunits="fraction"/>
		</IconStyle>
	</Style>
	<Style id="sh_airports0">
		<IconStyle>
			<scale>1.4</scale>
			<Icon>
				<href>http://maps.google.com/mapfiles/kml/shapes/airports.png</href>
			</Icon>
			<hotSpot x="0.5" y="0" xunits="fraction" yunits="fraction"/>
		</IconStyle>
	</Style>
	<Style id="sh_airports00">
		<IconStyle>
			<scale>1.4</scale>
			<Icon>
				<href>http://maps.google.com/mapfiles/kml/shapes/airports.png</href>
			</Icon>
			<hotSpot x="0.5" y="0" xunits="fraction" yunits="fraction"/>
		</IconStyle>
	</Style>
	<Style id="sh_airports000">
		<IconStyle>
			<scale>1.4</scale>
			<Icon>
				<href>http://maps.google.com/mapfiles/kml/shapes/airports.png</href>
			</Icon>
			<hotSpot x="0.5" y="0" xunits="fraction" yunits="fraction"/>
		</IconStyle>
		<LineStyle>
			<color>ff2dc0fb</color>
			<width>6</width>
		</LineStyle>
		<PolyStyle>
			<color>40ffffff</color>
		</PolyStyle>
	</Style>
	<Style id="sh_airports01">
		<IconStyle>
			<scale>1.4</scale>
			<Icon>
				<href>http://maps.google.com/mapfiles/kml/shapes/airports.png</href>
			</Icon>
			<hotSpot x="0.5" y="0" xunits="fraction" yunits="fraction"/>
		</IconStyle>
	</Style>
	<Style id="sh_ferry">
		<IconStyle>
			<scale>1.4</scale>
			<Icon>
				<href>http://maps.google.com/mapfiles/kml/shapes/ferry.png</href>
			</Icon>
			<hotSpot x="0.5" y="0" xunits="fraction" yunits="fraction"/>
		</IconStyle>
	</Style>
	<Style id="sh_ferry0">
		<IconStyle>
			<scale>1.4</scale>
			<Icon>
				<href>http://maps.google.com/mapfiles/kml/shapes/ferry.png</href>
			</Icon>
			<hotSpot x="0.5" y="0" xunits="fraction" yunits="fraction"/>
		</IconStyle>
	</Style>
	<Style id="sh_ferry00">
		<IconStyle>
			<scale>1.4</scale>
			<Icon>
				<href>http://maps.google.com/mapfiles/kml/shapes/ferry.png</href>
			</Icon>
			<hotSpot x="0.5" y="0" xunits="fraction" yunits="fraction"/>
		</IconStyle>
	</Style>
	<Style id="sh_ferry1">
		<IconStyle>
			<scale>1.4</scale>
			<Icon>
				<href>http://maps.google.com/mapfiles/kml/shapes/ferry.png</href>
			</Icon>
			<hotSpot x="0.5" y="0" xunits="fraction" yunits="fraction"/>
		</IconStyle>
	</Style>
	<Style id="sh_ferry2">
		<IconStyle>
			<scale>1.4</scale>
			<Icon>
				<href>http://maps.google.com/mapfiles/kml/shapes/ferry.png</href>
			</Icon>
			<hotSpot x="0.5" y="0" xunits="fraction" yunits="fraction"/>
		</IconStyle>
	</Style>
	<Style id="sh_firedept">
		<IconStyle>
			<scale>1.4</scale>
			<Icon>
				<href>http://maps.google.com/mapfiles/kml/shapes/firedept.png</href>
			</Icon>
			<hotSpot x="0.5" y="0" xunits="fraction" yunits="fraction"/>
		</IconStyle>
	</Style>
	<Style id="sh_icon?color=000000&amp;id=2000&amp;scale=41">
		<IconStyle>
			<scale>1.3</scale>
			<Icon>
				<href>https://earth.google.com/earth/document/icon?color=000000&amp;id=2000&amp;scale=4</href>
			</Icon>
		</IconStyle>
	</Style>
	<Style id="sh_icon?color=000000&amp;id=2000&amp;scale=4">
		<IconStyle>
			<scale>1.2</scale>
			<Icon>
				<href>https://earth.google.com/earth/document/icon?color=000000&amp;id=2000&amp;scale=4</href>
			</Icon>
		</IconStyle>
		<BalloonStyle>
		</BalloonStyle>
		<ListStyle>
		</ListStyle>
	</Style>
	<Style id="sh_icon?color=000000&amp;id=2000&amp;scale=40">
		<IconStyle>
			<scale>1.3</scale>
			<Icon>
				<href>https://earth.google.com/earth/document/icon?color=000000&amp;id=2000&amp;scale=4</href>
			</Icon>
		</IconStyle>
		<BalloonStyle>
		</BalloonStyle>
		<ListStyle>
		</ListStyle>
	</Style>
	<Style id="sh_icon?color=1976d2&amp;id=2000&amp;scale=401">
		<IconStyle>
			<scale>1.2</scale>
			<Icon>
				<href>https://earth.google.com/earth/document/icon?color=1976d2&amp;id=2000&amp;scale=4</href>
			</Icon>
			<hotSpot x="64" y="128" xunits="pixels" yunits="insetPixels"/>
		</IconStyle>
		<LineStyle>
			<color>e6c80154</color>
			<width>1.5</width>
		</LineStyle>
		<PolyStyle>
			<color>40ffffff</color>
		</PolyStyle>
	</Style>
	<Style id="sh_icon?color=1976d2&amp;id=2000&amp;scale=4010">
		<IconStyle>
			<scale>1.2</scale>
			<Icon>
				<href>https://earth.google.com/earth/document/icon?color=1976d2&amp;id=2000&amp;scale=4</href>
			</Icon>
			<hotSpot x="64" y="128" xunits="pixels" yunits="insetPixels"/>
		</IconStyle>
		<LineStyle>
			<color>e6c80154</color>
			<width>1.5</width>
		</LineStyle>
		<PolyStyle>
			<color>40ffffff</color>
		</PolyStyle>
	</Style>
	<Style id="sh_icon?color=1976d2&amp;id=2000&amp;scale=410">
		<IconStyle>
			<scale>1.2</scale>
			<Icon>
				<href>https://earth.google.com/earth/document/icon?color=1976d2&amp;id=2000&amp;scale=4</href>
			</Icon>
			<hotSpot x="64" y="128" xunits="pixels" yunits="insetPixels"/>
		</IconStyle>
		<LineStyle>
			<color>e6c80154</color>
			<width>1.5</width>
		</LineStyle>
		<PolyStyle>
			<color>40ffffff</color>
		</PolyStyle>
	</Style>
	<Style id="sh_icon?color=1976d2&amp;id=2000&amp;scale=42">
		<IconStyle>
			<scale>1.2</scale>
			<Icon>
				<href>https://earth.google.com/earth/document/icon?color=1976d2&amp;id=2000&amp;scale=4</href>
			</Icon>
			<hotSpot x="64" y="128" xunits="pixels" yunits="insetPixels"/>
		</IconStyle>
		<LineStyle>
			<color>e6c80154</color>
			<width>1.5</width>
		</LineStyle>
		<PolyStyle>
			<color>40ffffff</color>
		</PolyStyle>
	</Style>
	<Style id="sh_icon?color=1976d2&amp;id=2000&amp;scale=4201">
		<IconStyle>
			<scale>1.4</scale>
			<Icon>
				<href>http://maps.google.com/mapfiles/kml/shapes/airports.png</href>
			</Icon>
			<hotSpot x="0.5" y="0" xunits="fraction" yunits="fraction"/>
		</IconStyle>
		<LineStyle>
			<color>ff2dc0fb</color>
			<width>6</width>
		</LineStyle>
		<PolyStyle>
			<color>40ffffff</color>
		</PolyStyle>
	</Style>
	<Style id="sh_marina">
		<IconStyle>
			<scale>1.4</scale>
			<Icon>
				<href>http://maps.google.com/mapfiles/kml/shapes/marina.png</href>
			</Icon>
			<hotSpot x="0.5" y="0" xunits="fraction" yunits="fraction"/>
		</IconStyle>
	</Style>
	<Style id="sh_marina0">
		<IconStyle>
			<scale>1.4</scale>
			<Icon>
				<href>http://maps.google.com/mapfiles/kml/shapes/marina.png</href>
			</Icon>
			<hotSpot x="0.5" y="0" xunits="fraction" yunits="fraction"/>
		</IconStyle>
	</Style>
	<Style id="sh_marina00">
		<IconStyle>
			<scale>1.4</scale>
			<Icon>
				<href>http://maps.google.com/mapfiles/kml/shapes/marina.png</href>
			</Icon>
			<hotSpot x="0.5" y="0" xunits="fraction" yunits="fraction"/>
		</IconStyle>
	</Style>
	<Style id="sh_marina1">
		<IconStyle>
			<scale>1.4</scale>
			<Icon>
				<href>http://maps.google.com/mapfiles/kml/shapes/marina.png</href>
			</Icon>
			<hotSpot x="0.5" y="0" xunits="fraction" yunits="fraction"/>
		</IconStyle>
	</Style>
	<Style id="sh_ranger_station">
		<IconStyle>
			<scale>1.4</scale>
			<Icon>
				<href>http://maps.google.com/mapfiles/kml/shapes/ranger_station.png</href>
			</Icon>
			<hotSpot x="0.5" y="0" xunits="fraction" yunits="fraction"/>
		</IconStyle>
	</Style>
	<Style id="sh_red-circle">
		<IconStyle>
			<scale>1.3</scale>
			<Icon>
				<href>http://maps.google.com/mapfiles/kml/paddle/red-circle.png</href>
			</Icon>
			<hotSpot x="32" y="1" xunits="pixels" yunits="pixels"/>
		</IconStyle>
		<ListStyle>
			<ItemIcon>
				<href>http://maps.google.com/mapfiles/kml/paddle/red-circle-lv.png</href>
			</ItemIcon>
		</ListStyle>
	</Style>
	<Style id="sh_red-circle0">
		<IconStyle>
			<scale>1.3</scale>
			<Icon>
				<href>http://maps.google.com/mapfiles/kml/paddle/red-circle.png</href>
			</Icon>
			<hotSpot x="32" y="1" xunits="pixels" yunits="pixels"/>
		</IconStyle>
		<ListStyle>
			<ItemIcon>
				<href>http://maps.google.com/mapfiles/kml/paddle/red-circle-lv.png</href>
			</ItemIcon>
		</ListStyle>
	</Style>
	<Style id="sh_red-circle00">
		<IconStyle>
			<scale>1.3</scale>
			<Icon>
				<href>http://maps.google.com/mapfiles/kml/paddle/red-circle.png</href>
			</Icon>
			<hotSpot x="32" y="1" xunits="pixels" yunits="pixels"/>
		</IconStyle>
		<ListStyle>
			<ItemIcon>
				<href>http://maps.google.com/mapfiles/kml/paddle/red-circle-lv.png</href>
			</ItemIcon>
		</ListStyle>
	</Style>
	<Style id="sh_red-circle01">
		<IconStyle>
			<scale>1.3</scale>
			<Icon>
				<href>http://maps.google.com/mapfiles/kml/paddle/red-circle.png</href>
			</Icon>
			<hotSpot x="32" y="1" xunits="pixels" yunits="pixels"/>
		</IconStyle>
		<ListStyle>
			<ItemIcon>
				<href>http://maps.google.com/mapfiles/kml/paddle/red-circle-lv.png</href>
			</ItemIcon>
		</ListStyle>
	</Style>
	<Style id="sh_red-circle1">
		<IconStyle>
			<scale>1.3</scale>
			<Icon>
				<href>http://maps.google.com/mapfiles/kml/paddle/red-circle.png</href>
			</Icon>
			<hotSpot x="32" y="1" xunits="pixels" yunits="pixels"/>
		</IconStyle>
		<ListStyle>
			<ItemIcon>
				<href>http://maps.google.com/mapfiles/kml/paddle/red-circle-lv.png</href>
			</ItemIcon>
		</ListStyle>
	</Style>
	<Style id="sh_red-circle10">
		<IconStyle>
			<scale>1.3</scale>
			<Icon>
				<href>http://maps.google.com/mapfiles/kml/paddle/red-circle.png</href>
			</Icon>
			<hotSpot x="32" y="1" xunits="pixels" yunits="pixels"/>
		</IconStyle>
		<ListStyle>
			<ItemIcon>
				<href>http://maps.google.com/mapfiles/kml/paddle/red-circle-lv.png</href>
			</ItemIcon>
		</ListStyle>
	</Style>
	<Style id="sh_red-circle100">
		<IconStyle>
			<scale>1.3</scale>
			<Icon>
				<href>http://maps.google.com/mapfiles/kml/paddle/red-circle.png</href>
			</Icon>
			<hotSpot x="32" y="1" xunits="pixels" yunits="pixels"/>
		</IconStyle>
		<ListStyle>
			<ItemIcon>
				<href>http://maps.google.com/mapfiles/kml/paddle/red-circle-lv.png</href>
			</ItemIcon>
		</ListStyle>
	</Style>
	<Style id="sh_red-circle2">
		<IconStyle>
			<scale>1.3</scale>
			<Icon>
				<href>http://maps.google.com/mapfiles/kml/paddle/red-circle.png</href>
			</Icon>
			<hotSpot x="32" y="1" xunits="pixels" yunits="pixels"/>
		</IconStyle>
		<ListStyle>
			<ItemIcon>
				<href>http://maps.google.com/mapfiles/kml/paddle/red-circle-lv.png</href>
			</ItemIcon>
		</ListStyle>
	</Style>
	<Style id="sh_red-circle20">
		<IconStyle>
			<scale>1.3</scale>
			<Icon>
				<href>http://maps.google.com/mapfiles/kml/paddle/red-circle.png</href>
			</Icon>
			<hotSpot x="32" y="1" xunits="pixels" yunits="pixels"/>
		</IconStyle>
		<ListStyle>
			<ItemIcon>
				<href>http://maps.google.com/mapfiles/kml/paddle/red-circle-lv.png</href>
			</ItemIcon>
		</ListStyle>
	</Style>
	<Style id="sh_red-circle3">
		<IconStyle>
			<scale>1.3</scale>
			<Icon>
				<href>http://maps.google.com/mapfiles/kml/paddle/red-circle.png</href>
			</Icon>
			<hotSpot x="32" y="1" xunits="pixels" yunits="pixels"/>
		</IconStyle>
		<ListStyle>
			<ItemIcon>
				<href>http://maps.google.com/mapfiles/kml/paddle/red-circle-lv.png</href>
			</ItemIcon>
		</ListStyle>
	</Style>
	<Style id="sh_red-circle30">
		<IconStyle>
			<scale>1.3</scale>
			<Icon>
				<href>http://maps.google.com/mapfiles/kml/paddle/red-circle.png</href>
			</Icon>
			<hotSpot x="32" y="1" xunits="pixels" yunits="pixels"/>
		</IconStyle>
		<ListStyle>
			<ItemIcon>
				<href>http://maps.google.com/mapfiles/kml/paddle/red-circle-lv.png</href>
			</ItemIcon>
		</ListStyle>
	</Style>
	<Style id="sh_red-circle4">
		<IconStyle>
			<scale>1.3</scale>
			<Icon>
				<href>http://maps.google.com/mapfiles/kml/paddle/red-circle.png</href>
			</Icon>
			<hotSpot x="32" y="1" xunits="pixels" yunits="pixels"/>
		</IconStyle>
		<ListStyle>
			<ItemIcon>
				<href>http://maps.google.com/mapfiles/kml/paddle/red-circle-lv.png</href>
			</ItemIcon>
		</ListStyle>
	</Style>
	<Style id="sh_red-circle40">
		<IconStyle>
			<scale>1.3</scale>
			<Icon>
				<href>http://maps.google.com/mapfiles/kml/paddle/red-circle.png</href>
			</Icon>
			<hotSpot x="32" y="1" xunits="pixels" yunits="pixels"/>
		</IconStyle>
		<ListStyle>
			<ItemIcon>
				<href>http://maps.google.com/mapfiles/kml/paddle/red-circle-lv.png</href>
			</ItemIcon>
		</ListStyle>
	</Style>
	<Style id="sh_red-circle5">
		<IconStyle>
			<scale>1.3</scale>
			<Icon>
				<href>http://maps.google.com/mapfiles/kml/paddle/red-circle.png</href>
			</Icon>
			<hotSpot x="32" y="1" xunits="pixels" yunits="pixels"/>
		</IconStyle>
		<ListStyle>
			<ItemIcon>
				<href>http://maps.google.com/mapfiles/kml/paddle/red-circle-lv.png</href>
			</ItemIcon>
		</ListStyle>
	</Style>
	<Style id="sh_red-circle50">
		<IconStyle>
			<scale>1.4</scale>
			<Icon>
				<href>http://maps.google.com/mapfiles/kml/shapes/marina.png</href>
			</Icon>
			<hotSpot x="0.5" y="0" xunits="fraction" yunits="fraction"/>
		</IconStyle>
	</Style>
	<Style id="sh_red-circle6">
		<IconStyle>
			<scale>1.3</scale>
			<Icon>
				<href>http://maps.google.com/mapfiles/kml/paddle/red-circle.png</href>
			</Icon>
			<hotSpot x="32" y="1" xunits="pixels" yunits="pixels"/>
		</IconStyle>
		<ListStyle>
			<ItemIcon>
				<href>http://maps.google.com/mapfiles/kml/paddle/red-circle-lv.png</href>
			</ItemIcon>
		</ListStyle>
	</Style>
	<Style id="sh_target">
		<IconStyle>
			<color>ff00ff00</color>
			<scale>1.4</scale>
			<Icon>
				<href>http://maps.google.com/mapfiles/kml/shapes/target.png</href>
			</Icon>
		</IconStyle>
	</Style>
	<Style id="sh_target0">
		<IconStyle>
			<color>ff00ff00</color>
			<scale>1.4</scale>
			<Icon>
				<href>http://maps.google.com/mapfiles/kml/shapes/target.png</href>
			</Icon>
		</IconStyle>
	</Style>
	<Style id="sh_target00">
		<IconStyle>
			<color>ff00ff00</color>
			<scale>1.4</scale>
			<Icon>
				<href>http://maps.google.com/mapfiles/kml/shapes/target.png</href>
			</Icon>
		</IconStyle>
	</Style>
	<Style id="sh_target1">
		<IconStyle>
			<color>ff00ff00</color>
			<scale>1.4</scale>
			<Icon>
				<href>http://maps.google.com/mapfiles/kml/shapes/target.png</href>
			</Icon>
		</IconStyle>
	</Style>
	<Style id="sh_volcano">
		<IconStyle>
			<scale>1.4</scale>
			<Icon>
				<href>http://maps.google.com/mapfiles/kml/shapes/volcano.png</href>
			</Icon>
			<hotSpot x="0.5" y="0" xunits="fraction" yunits="fraction"/>
		</IconStyle>
	</Style>
	<Style id="sh_volcano0">
		<IconStyle>
			<scale>1.4</scale>
			<Icon>
				<href>http://maps.google.com/mapfiles/kml/shapes/volcano.png</href>
			</Icon>
			<hotSpot x="0.5" y="0" xunits="fraction" yunits="fraction"/>
		</IconStyle>
	</Style>
	<Style id="sh_volcano1">
		<IconStyle>
			<scale>1.4</scale>
			<Icon>
				<href>http://maps.google.com/mapfiles/kml/shapes/volcano.png</href>
			</Icon>
			<hotSpot x="0.5" y="0" xunits="fraction" yunits="fraction"/>
		</IconStyle>
	</Style>
	<Style id="sh_volcano2">
		<IconStyle>
			<scale>1.4</scale>
			<Icon>
				<href>http://maps.google.com/mapfiles/kml/shapes/volcano.png</href>
			</Icon>
			<hotSpot x="0.5" y="0" xunits="fraction" yunits="fraction"/>
		</IconStyle>
	</Style>
	<Style id="sh_volcano3">
		<IconStyle>
			<scale>1.4</scale>
			<Icon>
				<href>http://maps.google.com/mapfiles/kml/shapes/volcano.png</href>
			</Icon>
			<hotSpot x="0.5" y="0" xunits="fraction" yunits="fraction"/>
		</IconStyle>
	</Style>
	<Style id="sh_ylw-pushpin">
		<IconStyle>
			<scale>1.3</scale>
			<Icon>
				<href>http://maps.google.com/mapfiles/kml/pushpin/ylw-pushpin.png</href>
			</Icon>
			<hotSpot x="20" y="2" xunits="pixels" yunits="pixels"/>
		</IconStyle>
		<LineStyle>
			<color>e6ff0000</color>
			<width>2.5</width>
		</LineStyle>
	</Style>
	<Style id="sh_ylw-pushpin0">
		<IconStyle>
			<scale>1.4</scale>
			<Icon>
				<href>http://maps.google.com/mapfiles/kml/shapes/ferry.png</href>
			</Icon>
			<hotSpot x="0.5" y="0" xunits="fraction" yunits="fraction"/>
		</IconStyle>
	</Style>
	<Style id="sh_ylw-pushpin00">
		<IconStyle>
			<scale>1.3</scale>
			<Icon>
				<href>http://maps.google.com/mapfiles/kml/pushpin/ylw-pushpin.png</href>
			</Icon>
			<hotSpot x="20" y="2" xunits="pixels" yunits="pixels"/>
		</IconStyle>
		<LineStyle>
			<color>e6c80154</color>
			<width>1.5</width>
		</LineStyle>
	</Style>
	<Style id="sh_ylw-pushpin1">
		<IconStyle>
			<scale>1.3</scale>
			<Icon>
				<href>http://maps.google.com/mapfiles/kml/pushpin/ylw-pushpin.png</href>
			</Icon>
			<hotSpot x="20" y="2" xunits="pixels" yunits="pixels"/>
		</IconStyle>
		<LineStyle>
			<color>ffc80154</color>
		</LineStyle>
	</Style>
	<Style id="sh_ylw-pushpin2">
		<IconStyle>
			<scale>1.3</scale>
			<Icon>
				<href>http://maps.google.com/mapfiles/kml/paddle/red-circle.png</href>
			</Icon>
			<hotSpot x="32" y="1" xunits="pixels" yunits="pixels"/>
		</IconStyle>
		<ListStyle>
			<ItemIcon>
				<href>http://maps.google.com/mapfiles/kml/paddle/red-circle-lv.png</href>
			</ItemIcon>
		</ListStyle>
	</Style>
	<Style id="sn_R">
		<IconStyle>
			<scale>1.1</scale>
			<Icon>
				<href>http://maps.google.com/mapfiles/kml/paddle/R.png</href>
			</Icon>
			<hotSpot x="32" y="1" xunits="pixels" yunits="pixels"/>
		</IconStyle>
		<BalloonStyle>
		</BalloonStyle>
		<ListStyle>
			<ItemIcon>
				<href>http://maps.google.com/mapfiles/kml/paddle/R-lv.png</href>
			</ItemIcon>
		</ListStyle>
	</Style>
	<Style id="sn_airports">
		<IconStyle>
			<scale>1.2</scale>
			<Icon>
				<href>http://maps.google.com/mapfiles/kml/shapes/airports.png</href>
			</Icon>
			<hotSpot x="0.5" y="0" xunits="fraction" yunits="fraction"/>
		</IconStyle>
	</Style>
	<Style id="sn_airports0">
		<IconStyle>
			<scale>1.2</scale>
			<Icon>
				<href>http://maps.google.com/mapfiles/kml/shapes/airports.png</href>
			</Icon>
			<hotSpot x="0.5" y="0" xunits="fraction" yunits="fraction"/>
		</IconStyle>
	</Style>
	<Style id="sn_airports00">
		<IconStyle>
			<scale>1.2</scale>
			<Icon>
				<href>http://maps.google.com/mapfiles/kml/shapes/airports.png</href>
			</Icon>
			<hotSpot x="0.5" y="0" xunits="fraction" yunits="fraction"/>
		</IconStyle>
	</Style>
	<Style id="sn_airports000">
		<IconStyle>
			<scale>1.2</scale>
			<Icon>
				<href>http://maps.google.com/mapfiles/kml/shapes/airports.png</href>
			</Icon>
			<hotSpot x="0.5" y="0" xunits="fraction" yunits="fraction"/>
		</IconStyle>
		<LabelStyle>
			<scale>0</scale>
		</LabelStyle>
		<LineStyle>
			<color>ff2dc0fb</color>
			<width>4</width>
		</LineStyle>
		<PolyStyle>
			<color>40ffffff</color>
		</PolyStyle>
	</Style>
	<Style id="sn_airports1">
		<IconStyle>
			<scale>1.2</scale>
			<Icon>
				<href>http://maps.google.com/mapfiles/kml/shapes/airports.png</href>
			</Icon>
			<hotSpot x="0.5" y="0" xunits="fraction" yunits="fraction"/>
		</IconStyle>
	</Style>
	<Style id="sn_ferry">
		<IconStyle>
			<scale>1.2</scale>
			<Icon>
				<href>http://maps.google.com/mapfiles/kml/shapes/ferry.png</href>
			</Icon>
			<hotSpot x="0.5" y="0" xunits="fraction" yunits="fraction"/>
		</IconStyle>
	</Style>
	<Style id="sn_ferry0">
		<IconStyle>
			<scale>1.2</scale>
			<Icon>
				<href>http://maps.google.com/mapfiles/kml/shapes/ferry.png</href>
			</Icon>
			<hotSpot x="0.5" y="0" xunits="fraction" yunits="fraction"/>
		</IconStyle>
	</Style>
	<Style id="sn_ferry1">
		<IconStyle>
			<scale>1.2</scale>
			<Icon>
				<href>http://maps.google.com/mapfiles/kml/shapes/ferry.png</href>
			</Icon>
			<hotSpot x="0.5" y="0" xunits="fraction" yunits="fraction"/>
		</IconStyle>
	</Style>
	<Style id="sn_ferry2">
		<IconStyle>
			<scale>1.2</scale>
			<Icon>
				<href>http://maps.google.com/mapfiles/kml/shapes/ferry.png</href>
			</Icon>
			<hotSpot x="0.5" y="0" xunits="fraction" yunits="fraction"/>
		</IconStyle>
	</Style>
	<Style id="sn_ferry3">
		<IconStyle>
			<scale>1.2</scale>
			<Icon>
				<href>http://maps.google.com/mapfiles/kml/shapes/ferry.png</href>
			</Icon>
			<hotSpot x="0.5" y="0" xunits="fraction" yunits="fraction"/>
		</IconStyle>
	</Style>
	<Style id="sn_firedept">
		<IconStyle>
			<scale>1.2</scale>
			<Icon>
				<href>http://maps.google.com/mapfiles/kml/shapes/firedept.png</href>
			</Icon>
			<hotSpot x="0.5" y="0" xunits="fraction" yunits="fraction"/>
		</IconStyle>
	</Style>
	<Style id="sn_icon?color=000000&amp;id=2000&amp;scale=4">
		<IconStyle>
			<scale>1.1</scale>
			<Icon>
				<href>https://earth.google.com/earth/document/icon?color=000000&amp;id=2000&amp;scale=4</href>
			</Icon>
		</IconStyle>
	</Style>
	<Style id="sn_icon?color=000000&amp;id=2000&amp;scale=41">
		<IconStyle>
			<scale>1.1</scale>
			<Icon>
				<href>https://earth.google.com/earth/document/icon?color=000000&amp;id=2000&amp;scale=4</href>
			</Icon>
		</IconStyle>
		<BalloonStyle>
		</BalloonStyle>
		<ListStyle>
		</ListStyle>
	</Style>
	<Style id="sn_icon?color=000000&amp;id=2000&amp;scale=40">
		<IconStyle>
			<Icon>
				<href>https://earth.google.com/earth/document/icon?color=000000&amp;id=2000&amp;scale=4</href>
			</Icon>
		</IconStyle>
		<BalloonStyle>
		</BalloonStyle>
		<ListStyle>
		</ListStyle>
	</Style>
	<Style id="sn_icon?color=1976d2&amp;id=2000&amp;scale=4010">
		<IconStyle>
			<Icon>
				<href>https://earth.google.com/earth/document/icon?color=1976d2&amp;id=2000&amp;scale=4</href>
			</Icon>
			<hotSpot x="64" y="128" xunits="pixels" yunits="insetPixels"/>
		</IconStyle>
		<LabelStyle>
			<scale>0</scale>
		</LabelStyle>
		<LineStyle>
			<color>e6c80154</color>
			<width>1.5</width>
		</LineStyle>
		<PolyStyle>
			<color>40ffffff</color>
		</PolyStyle>
	</Style>
	<Style id="sn_icon?color=1976d2&amp;id=2000&amp;scale=40100">
		<IconStyle>
			<Icon>
				<href>https://earth.google.com/earth/document/icon?color=1976d2&amp;id=2000&amp;scale=4</href>
			</Icon>
			<hotSpot x="64" y="128" xunits="pixels" yunits="insetPixels"/>
		</IconStyle>
		<LabelStyle>
			<scale>0</scale>
		</LabelStyle>
		<LineStyle>
			<color>e6c80154</color>
			<width>1.5</width>
		</LineStyle>
		<PolyStyle>
			<color>40ffffff</color>
		</PolyStyle>
	</Style>
	<Style id="sn_icon?color=1976d2&amp;id=2000&amp;scale=402">
		<IconStyle>
			<Icon>
				<href>https://earth.google.com/earth/document/icon?color=1976d2&amp;id=2000&amp;scale=4</href>
			</Icon>
			<hotSpot x="64" y="128" xunits="pixels" yunits="insetPixels"/>
		</IconStyle>
		<LabelStyle>
			<scale>0</scale>
		</LabelStyle>
		<LineStyle>
			<color>e6c80154</color>
			<width>1.5</width>
		</LineStyle>
		<PolyStyle>
			<color>40ffffff</color>
		</PolyStyle>
	</Style>
	<Style id="sn_icon?color=1976d2&amp;id=2000&amp;scale=41">
		<IconStyle>
			<Icon>
				<href>https://earth.google.com/earth/document/icon?color=1976d2&amp;id=2000&amp;scale=4</href>
			</Icon>
			<hotSpot x="64" y="128" xunits="pixels" yunits="insetPixels"/>
		</IconStyle>
		<LabelStyle>
			<scale>0</scale>
		</LabelStyle>
		<LineStyle>
			<color>e6c80154</color>
			<width>1.5</width>
		</LineStyle>
		<PolyStyle>
			<color>40ffffff</color>
		</PolyStyle>
	</Style>
	<Style id="sn_icon?color=1976d2&amp;id=2000&amp;scale=43000">
		<IconStyle>
			<scale>1.2</scale>
			<Icon>
				<href>http://maps.google.com/mapfiles/kml/shapes/airports.png</href>
			</Icon>
			<hotSpot x="0.5" y="0" xunits="fraction" yunits="fraction"/>
		</IconStyle>
		<LabelStyle>
			<scale>0</scale>
		</LabelStyle>
		<LineStyle>
			<color>ff2dc0fb</color>
			<width>4</width>
		</LineStyle>
		<PolyStyle>
			<color>40ffffff</color>
		</PolyStyle>
	</Style>
	<Style id="sn_marina">
		<IconStyle>
			<scale>1.2</scale>
			<Icon>
				<href>http://maps.google.com/mapfiles/kml/shapes/marina.png</href>
			</Icon>
			<hotSpot x="0.5" y="0" xunits="fraction" yunits="fraction"/>
		</IconStyle>
	</Style>
	<Style id="sn_marina0">
		<IconStyle>
			<scale>1.2</scale>
			<Icon>
				<href>http://maps.google.com/mapfiles/kml/shapes/marina.png</href>
			</Icon>
			<hotSpot x="0.5" y="0" xunits="fraction" yunits="fraction"/>
		</IconStyle>
	</Style>
	<Style id="sn_marina1">
		<IconStyle>
			<scale>1.2</scale>
			<Icon>
				<href>http://maps.google.com/mapfiles/kml/shapes/marina.png</href>
			</Icon>
			<hotSpot x="0.5" y="0" xunits="fraction" yunits="fraction"/>
		</IconStyle>
	</Style>
	<Style id="sn_marina2">
		<IconStyle>
			<scale>1.2</scale>
			<Icon>
				<href>http://maps.google.com/mapfiles/kml/shapes/marina.png</href>
			</Icon>
			<hotSpot x="0.5" y="0" xunits="fraction" yunits="fraction"/>
		</IconStyle>
	</Style>
	<Style id="sn_ranger_station">
		<IconStyle>
			<scale>1.2</scale>
			<Icon>
				<href>http://maps.google.com/mapfiles/kml/shapes/ranger_station.png</href>
			</Icon>
			<hotSpot x="0.5" y="0" xunits="fraction" yunits="fraction"/>
		</IconStyle>
	</Style>
	<Style id="sn_red-circle">
		<IconStyle>
			<scale>1.1</scale>
			<Icon>
				<href>http://maps.google.com/mapfiles/kml/paddle/red-circle.png</href>
			</Icon>
			<hotSpot x="32" y="1" xunits="pixels" yunits="pixels"/>
		</IconStyle>
		<ListStyle>
			<ItemIcon>
				<href>http://maps.google.com/mapfiles/kml/paddle/red-circle-lv.png</href>
			</ItemIcon>
		</ListStyle>
	</Style>
	<Style id="sn_red-circle0">
		<IconStyle>
			<scale>1.2</scale>
			<Icon>
				<href>http://maps.google.com/mapfiles/kml/shapes/marina.png</href>
			</Icon>
			<hotSpot x="0.5" y="0" xunits="fraction" yunits="fraction"/>
		</IconStyle>
	</Style>
	<Style id="sn_red-circle1">
		<IconStyle>
			<scale>1.1</scale>
			<Icon>
				<href>http://maps.google.com/mapfiles/kml/paddle/red-circle.png</href>
			</Icon>
			<hotSpot x="32" y="1" xunits="pixels" yunits="pixels"/>
		</IconStyle>
		<ListStyle>
			<ItemIcon>
				<href>http://maps.google.com/mapfiles/kml/paddle/red-circle-lv.png</href>
			</ItemIcon>
		</ListStyle>
	</Style>
	<Style id="sn_red-circle10">
		<IconStyle>
			<scale>1.1</scale>
			<Icon>
				<href>http://maps.google.com/mapfiles/kml/paddle/red-circle.png</href>
			</Icon>
			<hotSpot x="32" y="1" xunits="pixels" yunits="pixels"/>
		</IconStyle>
		<ListStyle>
			<ItemIcon>
				<href>http://maps.google.com/mapfiles/kml/paddle/red-circle-lv.png</href>
			</ItemIcon>
		</ListStyle>
	</Style>
	<Style id="sn_red-circle100">
		<IconStyle>
			<scale>1.1</scale>
			<Icon>
				<href>http://maps.google.com/mapfiles/kml/paddle/red-circle.png</href>
			</Icon>
			<hotSpot x="32" y="1" xunits="pixels" yunits="pixels"/>
		</IconStyle>
		<ListStyle>
			<ItemIcon>
				<href>http://maps.google.com/mapfiles/kml/paddle/red-circle-lv.png</href>
			</ItemIcon>
		</ListStyle>
	</Style>
	<Style id="sn_red-circle2">
		<IconStyle>
			<scale>1.1</scale>
			<Icon>
				<href>http://maps.google.com/mapfiles/kml/paddle/red-circle.png</href>
			</Icon>
			<hotSpot x="32" y="1" xunits="pixels" yunits="pixels"/>
		</IconStyle>
		<ListStyle>
			<ItemIcon>
				<href>http://maps.google.com/mapfiles/kml/paddle/red-circle-lv.png</href>
			</ItemIcon>
		</ListStyle>
	</Style>
	<Style id="sn_red-circle3">
		<IconStyle>
			<scale>1.1</scale>
			<Icon>
				<href>http://maps.google.com/mapfiles/kml/paddle/red-circle.png</href>
			</Icon>
			<hotSpot x="32" y="1" xunits="pixels" yunits="pixels"/>
		</IconStyle>
		<ListStyle>
			<ItemIcon>
				<href>http://maps.google.com/mapfiles/kml/paddle/red-circle-lv.png</href>
			</ItemIcon>
		</ListStyle>
	</Style>
	<Style id="sn_red-circle30">
		<IconStyle>
			<scale>1.1</scale>
			<Icon>
				<href>http://maps.google.com/mapfiles/kml/paddle/red-circle.png</href>
			</Icon>
			<hotSpot x="32" y="1" xunits="pixels" yunits="pixels"/>
		</IconStyle>
		<ListStyle>
			<ItemIcon>
				<href>http://maps.google.com/mapfiles/kml/paddle/red-circle-lv.png</href>
			</ItemIcon>
		</ListStyle>
	</Style>
	<Style id="sn_red-circle4">
		<IconStyle>
			<scale>1.1</scale>
			<Icon>
				<href>http://maps.google.com/mapfiles/kml/paddle/red-circle.png</href>
			</Icon>
			<hotSpot x="32" y="1" xunits="pixels" yunits="pixels"/>
		</IconStyle>
		<ListStyle>
			<ItemIcon>
				<href>http://maps.google.com/mapfiles/kml/paddle/red-circle-lv.png</href>
			</ItemIcon>
		</ListStyle>
	</Style>
	<Style id="sn_red-circle5">
		<IconStyle>
			<scale>1.1</scale>
			<Icon>
				<href>http://maps.google.com/mapfiles/kml/paddle/red-circle.png</href>
			</Icon>
			<hotSpot x="32" y="1" xunits="pixels" yunits="pixels"/>
		</IconStyle>
		<ListStyle>
			<ItemIcon>
				<href>http://maps.google.com/mapfiles/kml/paddle/red-circle-lv.png</href>
			</ItemIcon>
		</ListStyle>
	</Style>
	<Style id="sn_red-circle6">
		<IconStyle>
			<scale>1.1</scale>
			<Icon>
				<href>http://maps.google.com/mapfiles/kml/paddle/red-circle.png</href>
			</Icon>
			<hotSpot x="32" y="1" xunits="pixels" yunits="pixels"/>
		</IconStyle>
		<ListStyle>
			<ItemIcon>
				<href>http://maps.google.com/mapfiles/kml/paddle/red-circle-lv.png</href>
			</ItemIcon>
		</ListStyle>
	</Style>
	<Style id="sn_red-circle60">
		<IconStyle>
			<scale>1.1</scale>
			<Icon>
				<href>http://maps.google.com/mapfiles/kml/paddle/red-circle.png</href>
			</Icon>
			<hotSpot x="32" y="1" xunits="pixels" yunits="pixels"/>
		</IconStyle>
		<ListStyle>
			<ItemIcon>
				<href>http://maps.google.com/mapfiles/kml/paddle/red-circle-lv.png</href>
			</ItemIcon>
		</ListStyle>
	</Style>
	<Style id="sn_red-circle7">
		<IconStyle>
			<scale>1.1</scale>
			<Icon>
				<href>http://maps.google.com/mapfiles/kml/paddle/red-circle.png</href>
			</Icon>
			<hotSpot x="32" y="1" xunits="pixels" yunits="pixels"/>
		</IconStyle>
		<ListStyle>
			<ItemIcon>
				<href>http://maps.google.com/mapfiles/kml/paddle/red-circle-lv.png</href>
			</ItemIcon>
		</ListStyle>
	</Style>
	<Style id="sn_red-circle70">
		<IconStyle>
			<scale>1.1</scale>
			<Icon>
				<href>http://maps.google.com/mapfiles/kml/paddle/red-circle.png</href>
			</Icon>
			<hotSpot x="32" y="1" xunits="pixels" yunits="pixels"/>
		</IconStyle>
		<ListStyle>
			<ItemIcon>
				<href>http://maps.google.com/mapfiles/kml/paddle/red-circle-lv.png</href>
			</ItemIcon>
		</ListStyle>
	</Style>
	<Style id="sn_red-circle8">
		<IconStyle>
			<scale>1.1</scale>
			<Icon>
				<href>http://maps.google.com/mapfiles/kml/paddle/red-circle.png</href>
			</Icon>
			<hotSpot x="32" y="1" xunits="pixels" yunits="pixels"/>
		</IconStyle>
		<ListStyle>
			<ItemIcon>
				<href>http://maps.google.com/mapfiles/kml/paddle/red-circle-lv.png</href>
			</ItemIcon>
		</ListStyle>
	</Style>
	<Style id="sn_red-circle9">
		<IconStyle>
			<scale>1.1</scale>
			<Icon>
				<href>http://maps.google.com/mapfiles/kml/paddle/red-circle.png</href>
			</Icon>
			<hotSpot x="32" y="1" xunits="pixels" yunits="pixels"/>
		</IconStyle>
		<ListStyle>
			<ItemIcon>
				<href>http://maps.google.com/mapfiles/kml/paddle/red-circle-lv.png</href>
			</ItemIcon>
		</ListStyle>
	</Style>
	<Style id="sn_target">
		<IconStyle>
			<color>ff00ff00</color>
			<scale>1.2</scale>
			<Icon>
				<href>http://maps.google.com/mapfiles/kml/shapes/target.png</href>
			</Icon>
		</IconStyle>
	</Style>
	<Style id="sn_target0">
		<IconStyle>
			<color>ff00ff00</color>
			<scale>1.2</scale>
			<Icon>
				<href>http://maps.google.com/mapfiles/kml/shapes/target.png</href>
			</Icon>
		</IconStyle>
	</Style>
	<Style id="sn_target1">
		<IconStyle>
			<color>ff00ff00</color>
			<scale>1.2</scale>
			<Icon>
				<href>http://maps.google.com/mapfiles/kml/shapes/target.png</href>
			</Icon>
		</IconStyle>
	</Style>
	<Style id="sn_target2">
		<IconStyle>
			<color>ff00ff00</color>
			<scale>1.2</scale>
			<Icon>
				<href>http://maps.google.com/mapfiles/kml/shapes/target.png</href>
			</Icon>
		</IconStyle>
	</Style>
	<Style id="sn_volcano">
		<IconStyle>
			<scale>1.2</scale>
			<Icon>
				<href>http://maps.google.com/mapfiles/kml/shapes/volcano.png</href>
			</Icon>
			<hotSpot x="0.5" y="0" xunits="fraction" yunits="fraction"/>
		</IconStyle>
	</Style>
	<Style id="sn_volcano0">
		<IconStyle>
			<scale>1.2</scale>
			<Icon>
				<href>http://maps.google.com/mapfiles/kml/shapes/volcano.png</href>
			</Icon>
			<hotSpot x="0.5" y="0" xunits="fraction" yunits="fraction"/>
		</IconStyle>
	</Style>
	<Style id="sn_volcano1">
		<IconStyle>
			<scale>1.2</scale>
			<Icon>
				<href>http://maps.google.com/mapfiles/kml/shapes/volcano.png</href>
			</Icon>
			<hotSpot x="0.5" y="0" xunits="fraction" yunits="fraction"/>
		</IconStyle>
	</Style>
	<Style id="sn_volcano2">
		<IconStyle>
			<scale>1.2</scale>
			<Icon>
				<href>http://maps.google.com/mapfiles/kml/shapes/volcano.png</href>
			</Icon>
			<hotSpot x="0.5" y="0" xunits="fraction" yunits="fraction"/>
		</IconStyle>
	</Style>
	<Style id="sn_volcano3">
		<IconStyle>
			<scale>1.2</scale>
			<Icon>
				<href>http://maps.google.com/mapfiles/kml/shapes/volcano.png</href>
			</Icon>
			<hotSpot x="0.5" y="0" xunits="fraction" yunits="fraction"/>
		</IconStyle>
	</Style>
	<Style id="sn_ylw-pushpin">
		<IconStyle>
			<scale>1.2</scale>
			<Icon>
				<href>http://maps.google.com/mapfiles/kml/shapes/ferry.png</href>
			</Icon>
			<hotSpot x="0.5" y="0" xunits="fraction" yunits="fraction"/>
		</IconStyle>
	</Style>
	<Style id="sn_ylw-pushpin0">
		<IconStyle>
			<scale>1.1</scale>
			<Icon>
				<href>http://maps.google.com/mapfiles/kml/pushpin/ylw-pushpin.png</href>
			</Icon>
			<hotSpot x="20" y="2" xunits="pixels" yunits="pixels"/>
		</IconStyle>
		<LineStyle>
			<color>e6ff0000</color>
			<width>2.5</width>
		</LineStyle>
	</Style>
	<Style id="sn_ylw-pushpin00">
		<IconStyle>
			<scale>1.1</scale>
			<Icon>
				<href>http://maps.google.com/mapfiles/kml/pushpin/ylw-pushpin.png</href>
			</Icon>
			<hotSpot x="20" y="2" xunits="pixels" yunits="pixels"/>
		</IconStyle>
		<LineStyle>
			<color>ffc80154</color>
		</LineStyle>
	</Style>
	<Style id="sn_ylw-pushpin1">
		<IconStyle>
			<scale>1.1</scale>
			<Icon>
				<href>http://maps.google.com/mapfiles/kml/paddle/red-circle.png</href>
			</Icon>
			<hotSpot x="32" y="1" xunits="pixels" yunits="pixels"/>
		</IconStyle>
		<ListStyle>
			<ItemIcon>
				<href>http://maps.google.com/mapfiles/kml/paddle/red-circle-lv.png</href>
			</ItemIcon>
		</ListStyle>
	</Style>
	<Style id="sn_ylw-pushpin10">
		<IconStyle>
			<scale>1.1</scale>
			<Icon>
				<href>http://maps.google.com/mapfiles/kml/pushpin/ylw-pushpin.png</href>
			</Icon>
			<hotSpot x="20" y="2" xunits="pixels" yunits="pixels"/>
		</IconStyle>
		<LineStyle>
			<color>e6c80154</color>
			<width>1.5</width>
		</LineStyle>
	</Style>
	<Style id="style100">
		<LineStyle>
			<color>e6c80154</color>
			<width>1.5</width>
		</LineStyle>
	</Style>
	<Style id="style111">
		<LineStyle>
			<color>e6c80154</color>
			<width>1.5</width>
		</LineStyle>
	</Style>
	<Style id="style150">
		<LineStyle>
			<color>e6c80154</color>
			<width>1.5</width>
		</LineStyle>
	</Style>
	<Style id="style160">
		<LineStyle>
			<color>e6c80154</color>
			<width>1.5</width>
		</LineStyle>
	</Style>
	<Style id="style170">
		<LineStyle>
			<color>e6c80154</color>
			<width>1.5</width>
		</LineStyle>
	</Style>
	<Style id="style180">
		<LineStyle>
			<color>e6c80154</color>
			<width>1.5</width>
		</LineStyle>
	</Style>
	<Style id="style190">
		<LineStyle>
			<color>e6c80154</color>
			<width>1.5</width>
		</LineStyle>
	</Style>
	<Style id="style200">
		<LineStyle>
			<color>e6c80154</color>
			<width>1.5</width>
		</LineStyle>
	</Style>
	<Style id="style24">
		<LineStyle>
			<color>e6c80154</color>
			<width>1.5</width>
		</LineStyle>
	</Style>
	<Style id="style40">
		<LineStyle>
			<color>e6c80154</color>
			<width>1.5</width>
		</LineStyle>
	</Style>
	<Style id="style50">
		<LineStyle>
			<color>e6c80154</color>
			<width>1.5</width>
		</LineStyle>
	</Style>
	<Style id="style90">
		<LineStyle>
			<color>e6c80154</color>
			<width>1.5</width>
		</LineStyle>
	</Style>
	<StyleMap id="stylemap_id020">
		<Pair>
			<key>normal</key>
			<styleUrl>#style90</styleUrl>
		</Pair>
		<Pair>
			<key>highlight</key>
			<styleUrl>#style40</styleUrl>
		</Pair>
	</StyleMap>
	<StyleMap id="stylemap_id200">
		<Pair>
			<key>normal</key>
			<styleUrl>#style100</styleUrl>
		</Pair>
		<Pair>
			<key>highlight</key>
			<styleUrl>#style50</styleUrl>
		</Pair>
	</StyleMap>
	<StyleMap id="stylemap_id210">
		<Pair>
			<key>normal</key>
			<styleUrl>#style170</styleUrl>
		</Pair>
		<Pair>
			<key>highlight</key>
			<styleUrl>#style180</styleUrl>
		</Pair>
	</StyleMap>
	<StyleMap id="stylemap_id220">
		<Pair>
			<key>normal</key>
			<styleUrl>#style150</styleUrl>
		</Pair>
		<Pair>
			<key>highlight</key>
			<styleUrl>#style160</styleUrl>
		</Pair>
	</StyleMap>
	<StyleMap id="stylemap_id240">
		<Pair>
			<key>normal</key>
			<styleUrl>#style190</styleUrl>
		</Pair>
		<Pair>
			<key>highlight</key>
			<styleUrl>#style200</styleUrl>
		</Pair>
	</StyleMap>
	<StyleMap id="stylemap_id25">
		<Pair>
			<key>normal</key>
			<styleUrl>#style24</styleUrl>
		</Pair>
		<Pair>
			<key>highlight</key>
			<styleUrl>#style111</styleUrl>
		</Pair>
	</StyleMap>
	<Style id="ww">
		<LineStyle>
			<color>e6ff0000</color>
			<width>2.5</width>
		</LineStyle>
	</Style>
	<Style id="ww0">
		<LineStyle>
			<color>e6ff0000</color>
			<width>2.5</width>
		</LineStyle>
	</Style>
	<StyleMap id="ww1">
		<Pair>
			<key>normal</key>
			<styleUrl>#ww0</styleUrl>
		</Pair>
		<Pair>
			<key>highlight</key>
			<styleUrl>#ww</styleUrl>
		</Pair>
	</StyleMap>
	<Folder>
		<name>A. Production</name>
		<Folder>
			<name>Oil Fields</name>
			<Folder>
				<name>Onshore fields</name>
				<Placemark>
					<name>Romanian Onshore Oil Fields (OMV Petrom)</name>
					<description>Status: Operational
Operator: OMV Petrom across hundreds of mature fields — the Videle, Muntenia and Oltenia clusters and the Suplacu de Barcău heavy-oil steamflood among them
Role: Europe&apos;s oldest oil province still at work — Romania recorded the world&apos;s first official crude production statistics in 1857 and lit Bucharest with kerosene the same year
Capacity: ~45,000–50,000 b/d of liquids from a province producing for 165+ years — deep decline managed well by EOR and dense infrastructure
Connectivity: Gathering into Petrobrazi, the refinery built to run exactly this barrel
Strategic role: The historical bedrock of the map — where the industry&apos;s story starts — and the reason Romania retains an integrated national oil company at all
Risks: Terminal decline; abandonment liabilities across thousands of old wells; costs of operating antiquity</description>
					<styleUrl>#msn_target</styleUrl>
					<Point>
						<coordinates>25.52,44.28,0</coordinates>
					</Point>
				</Placemark>
				<Placemark>
					<name>Permian Basin – Midland Basin</name>
					<description>Status: Operational
Operator: Fragmented by design — ExxonMobil (Pioneer), Chevron, Occidental, Diamondback and hundreds of independents
Role: The eastern lobe of the world&apos;s most productive oil basin — the original &quot;West Texas Intermediate&quot; country around Midland-Odessa; stacked shale benches (Spraberry, Wolfcamp) drilled by the thousand
Capacity: The Permian as a whole produces ~6+ million b/d of crude — more than any country except the US itself, Saudi Arabia and Russia; Midland Basin light sweet is the core of the WTI deliverable stream
Connectivity: The Basin pipeline to Cushing (on this map) — the historic route; today most barrels flow straight to Corpus Christi and Houston for export
Recent: The 2026 price spike above $90 tested shale&apos;s defining trait — the only production on Earth that responds to price in months, not years
Risks: Decline-rate treadmill; gas takeaway and flaring constraints; inventory-depth debates; service-cost inflation</description>
					<styleUrl>#msn_target0</styleUrl>
					<Point>
						<coordinates>-102,31.9,0</coordinates>
					</Point>
				</Placemark>
				<Placemark>
					<name>Permian Basin – Delaware Basin</name>
					<description>Status: Operational
Operator: ExxonMobil, Chevron, Occidental, ConocoPhillips, EOG and independents across Texas and New Mexico
Role: The deeper, gassier western lobe of the Permian and its growth engine — the most active drilling zone in the world, straddling the Texas–New Mexico line
Capacity: The Permian&apos;s incremental barrels have come disproportionately from here; New Mexico became the second-largest producing US state on Delaware output alone
Connectivity: Gathering into the Permian trunk systems — toward Cushing via Basin, toward the Gulf via the Corpus Christi and Houston pipelines that now carry the marginal barrel
Recent: Consolidation wave — the majors bought the basin (Pioneer, CrownRock, Endeavor deals) betting decades of inventory
Risks: Water handling at enormous scale; federal-land permitting on the New Mexico side; productivity plateau questions</description>
					<styleUrl>#msn_target0</styleUrl>
					<Point>
						<coordinates>-103.5,31.7,0</coordinates>
					</Point>
				</Placemark>
				<Placemark>
					<name>SCOOP/STACK (Anadarko Basin, Oklahoma)</name>
					<description>Status: Operational
Operator: Continental Resources, Devon, Marathon and Oklahoma independents
Role: The hub&apos;s home-state supply — the shale plays of the Anadarko Basin west of Oklahoma City, a short pipe from Cushing&apos;s tanks
Capacity: Several hundred thousand b/d of light sweet crude and condensate at plateau — modest beside the Permian, but the closest barrels to the benchmark
Connectivity: Local gathering into the Cushing hub — no long-haul economics needed
Strategic role: The reason Oklahoma still produces the barrel it prices — and the marginal local supply that shows up first in the hub&apos;s weekly inventory number
Risks: Play maturity after the 2010s boom; gas-weighted economics; competition for capital against the Permian</description>
					<styleUrl>#msn_target0</styleUrl>
					<Point>
						<coordinates>-97.89999999999999,35.4,0</coordinates>
					</Point>
				</Placemark>
				<Placemark>
					<name>DJ Basin (Denver-Julesburg, Colorado)</name>
					<description>Status: Operational
Operator: Chevron (dominant after the Noble and PDC acquisitions), Occidental, Civitas
Role: Colorado&apos;s shale engine on the Front Range — Niobrara light sweet crude from Weld County, one of the classic inbound streams to Cushing
Capacity: ~400,000+ b/d at plateau
Connectivity: The White Cliffs and Saddlehorn pipelines carry DJ barrels southeast to the Cushing hub — the northern spoke of the crossroads
Strategic role: A steady non-Permian feed that diversifies the deliverable stream — and a regulatory bellwether: Colorado&apos;s setback and permitting politics preview the US onshore&apos;s constraints
Risks: State regulatory tightening; urban-interface drilling limits; single-basin consolidation under Chevron</description>
					<styleUrl>#msn_target0</styleUrl>
					<Point>
						<coordinates>-104.6,40.3,0</coordinates>
					</Point>
				</Placemark>
				<Placemark>
					<name>Bakken (Williston Basin, North Dakota)</name>
					<description>Status: Operational
Operator: ConocoPhillips, Continental, Hess (Chevron), Devon and others
Role: The play that started the shale revolution at scale — light sweet crude from the Williston Basin, ~1 million b/d at plateau
Capacity: ~1 million b/d; the northernmost major feed of the US light sweet system
Connectivity: Mostly southeast via the Dakota Access Pipeline to Patoka and on to Nederland — but Rockies routes (Pony Express toward Cushing) and rail keep it tied to the hub&apos;s orbit
Recent: A decade past peak growth, the Bakken settled into harvest mode — stable output, capital discipline, and the pipeline-politics scars of the DAPL fight
Strategic role: Proof of concept for everything the Permian scaled up — and a swing contributor to the light sweet pool that defines WTI quality
Risks: Winter operations; DAPL legal exposure; basin maturity; rail-dependence in disruptions</description>
					<styleUrl>#msn_target0</styleUrl>
					<Point>
						<coordinates>-103.3,48.10000000000001,0</coordinates>
					</Point>
				</Placemark>
				<Placemark>
					<name>Fahud Oil Field</name>
					<description>Status: Operational
Operator: Petroleum Development Oman (PDO — Omani state 60%, Shell 34%, TotalEnergies 4%, Partex 2%)
Role: One of Oman&apos;s founding fields — the 1964 discovery that launched the industry; northern cluster anchor and gathering node of the interior production system
Capacity: A core contributor within PDO&apos;s ~650,000+ b/d; Omani crude blends light and medium streams from dozens of interior fields
Connectivity: Head of the Main Oil Line over the Hajar mountains to Mina al-Fahal
Recent: PDO sustains output through enhanced recovery across its mature northern fields; Oman held its OPEC+ position through the 2026 crisis with exports unimpeded — no Hormuz transit required
Risks: Field maturity and decline management; interior logistics; single trunkline evacuation</description>
					<styleUrl>#msn_target0</styleUrl>
					<Point>
						<coordinates>56.48,22.35,0</coordinates>
					</Point>
				</Placemark>
				<Placemark>
					<name>Yibal Oil Field</name>
					<description>Status: Operational
Operator: Petroleum Development Oman
Role: Historically PDO&apos;s largest producer — the giant of the northern cluster, a textbook case of peak, steep decline and technology-driven rehabilitation (horizontal wells, water management, the Yibal Khuff deep gas-oil project)
Capacity: Well below its 1990s peak but sustained by redevelopment; the Khuff project added sour gas and condensate processing
Connectivity: Gathering into the Fahud-area system and the Main Oil Line to the coast
Recent: The Yibal Khuff integrated project (onstream 2020s) extended the hub&apos;s life by decades
Risks: Advanced maturity; sour-service complexity at Khuff; decline-rate economics</description>
					<styleUrl>#msn_target0</styleUrl>
					<Point>
						<coordinates>56.03,22.19,0</coordinates>
					</Point>
				</Placemark>
				<Placemark>
					<name>Marmul Oil Field</name>
					<description>Status: Operational
Operator: Petroleum Development Oman
Role: The anchor of PDO&apos;s southern heavy-oil cluster — viscous crude produced with polymer flooding and enhanced recovery since the 1980s; one of the earliest large-scale polymer floods anywhere
Capacity: A major contributor to the southern system&apos;s heavy streams
Connectivity: Southern gathering north toward the Main Oil Line system and the coastal blend
Recent: Solar steam and EOR innovation (the nearby Miraah solar-thermal plant serves PDO&apos;s southern heavy-oil operations) — Oman as a test bed for lower-carbon heavy-oil production
Risks: Heavy-oil economics; EOR energy intensity; long-distance evacuation from the south</description>
					<styleUrl>#msn_target0</styleUrl>
					<Point>
						<coordinates>55.18000000000001,18.14,0</coordinates>
					</Point>
				</Placemark>
				<Placemark>
					<name>Mukhaizna Oil Field</name>
					<description>Status: Operational
Operator: Occidental Petroleum (Oxy Oman) — the largest non-PDO producer
Role: Oman&apos;s flagship foreign-operated heavy-oil project — a massive steam flood in the central desert that multiplied output roughly tenfold after Oxy took over in 2005
Capacity: ~100,000–120,000 b/d of viscous crude at plateau
Connectivity: Evacuation into the national crude system toward the coastal export blend
Recent: Decades-long steam-flood management with produced-water treatment at scale; Oxy&apos;s largest international operation
Risks: Steam energy intensity and gas supply; water handling; heavy-grade pricing</description>
					<styleUrl>#msn_target0</styleUrl>
					<Point>
						<coordinates>56.40000000000001,19.4,0</coordinates>
					</Point>
				</Placemark>
				<Placemark>
					<name>Zubair Oil Field</name>
					<description>Status: Reduced
Operator: Basra Oil Company with an Eni-led consortium as technical service contractor
Role: One of the four southern supergiants — southwest of Basra city, producing since the 1950s; a pillar of the Basrah Medium and Heavy export streams
Capacity: ~400,000 b/d achieved against a renegotiated plateau (originally contracted far higher in the 2009 licensing round)
Connectivity: Degassing and gathering into the southern network, Zubair/Fao storage and the Gulf terminals
Recent: 2026 — throttled with the whole southern system as the Hormuz closure saturated storage and forced shut-ins; Eni remains the last Western supermajor operating a southern Iraqi giant
Risks: Hormuz-dependent evacuation; storage-saturation shut-ins; contractor-economics friction; urban encroachment from Basra</description>
					<styleUrl>#msn_target0</styleUrl>
					<Point>
						<coordinates>47.65594324583399,30.35116389253891,0</coordinates>
					</Point>
				</Placemark>
				<Placemark>
					<name>Majnoon Oil Field</name>
					<description>Status: Reduced
Operator: Basra Oil Company, self-operated since Shell and Petronas exited in 2018
Role: The supergiant whose name means &quot;crazy&quot; — for the size of the reserves found in the marshes northeast of Basra, straddling the geological structure shared with Iran&apos;s Azadegan across the border
Capacity: ~240,000 b/d, with long-deferred expansion ambitions well above that
Connectivity: Central processing into the southern pipeline network toward Fao and the Gulf terminals
Recent: 2026 — cut back with the rest of the south under the Hormuz closure; the field remains the test case of Iraqi self-operatorship after the supermajor exit
Risks: Hormuz-dependent evacuation; border-zone location opposite Iranian Azadegan; marshland environment; capital constraints without a foreign operator</description>
					<styleUrl>#msn_target0</styleUrl>
					<Point>
						<coordinates>47.61137539505276,31.07147118772586,0</coordinates>
					</Point>
				</Placemark>
				<Placemark>
					<name>Bu Hasa Oil Field</name>
					<description>Status: Operational
Operator: ADNOC Onshore
Role: ADNOC&apos;s largest onshore producer — the volume heart of the Murban crude stream, southwest of Abu Dhabi near the Habshan complex; producing since the 1960s
Capacity: ~650,000 b/d after the Bu Hasa integrated-facilities expansion — the biggest single contributor to the UAE&apos;s onshore system
Connectivity: Gathering into Habshan for processing, then the Murban export system — Jebel Dhanna by pipeline west, or ADCOP east to Fujairah beyond the strait
Recent: 2026 — the field behind the UAE&apos;s resilience: Bu Hasa barrels reached market through the Hormuz closure via the Fujairah route while offshore grades sat constrained
Risks: Processing concentration at Habshan; maturity management at high sustained rates; drone exposure of desert facilities</description>
					<styleUrl>#msn_target0</styleUrl>
					<Point>
						<coordinates>53.14999999999999,23.55,0</coordinates>
					</Point>
				</Placemark>
				<Placemark>
					<name>Wafra Oil Field (Partitioned Zone, Onshore)</name>
					<description>Status: Operational
Owner/Operator: ADNOC
Role: The principal shore terminal of the Murban system — onshore crude from the Habshan hub loads here through offshore berths and SPMs, beside the Ruwais refining complex
Berths / vessel size: Multiple deep-water loading points serving VLCC-scale tankers
Storage capacity: Large crude tank farm buffering the onshore pipeline system against liftings
Connectivity: Pipeline-fed from Habshan; the western twin of the ADCOP/Fujairah route — same crude, two exits on opposite sides of the strait
Recent: 2026 — Gulf-side Murban loadings here required escorted transits while Fujairah loadings sailed free: one grade, two terminals, two completely different risk premiums
Strategic role: The inside-the-strait half of the UAE&apos;s dual-exit design — the benchmark of what ADCOP was built to hedge
Risks: Hormuz dependence; coastal concentration beside Ruwais; regional escalation</description>
					<styleUrl>#msn_target0</styleUrl>
					<Point>
						<coordinates>52.58,24.19,0</coordinates>
					</Point>
				</Placemark>
				<Placemark>
					<name>Wafra Oil Field (Partitioned Zone, Onshore)</name>
					<description>Status: Operational
Operator: Kuwait Gulf Oil Company (KGOC) with Saudi Arabian Chevron — production shared 50/50 between Kuwait and Saudi Arabia
Role: The onshore half of the Saudi-Kuwaiti Partitioned Neutral Zone — heavy crude produced under a unique condominium arrangement dating to the 1922 Uqair borders
Capacity: PZ combined design ~500,000 b/d (Wafra plus offshore Khafji); actual output a few hundred thousand, rebuilt since restart
Recent: Shut from May 2015 to early 2020 by a Saudi-Kuwaiti operating dispute — half a million barrels of capacity idled for five years by paperwork, not geology; production resumed after the December 2019 accord and has ramped through the 2020s
Strategic role: The OPEC cut nobody voted for — proof that shared sovereignty is itself an operational risk category
Risks: Bilateral-relations dependence; heavy-crude economics; Chevron concession horizon; Hormuz-dependent evacuation</description>
					<styleUrl>#msn_target0</styleUrl>
					<Point>
						<coordinates>47.93,28.55,0</coordinates>
					</Point>
				</Placemark>
				<Placemark>
					<name>Ahvaz Oil Field</name>
					<description>Status: Reduced
Operator: National Iranian South Oil Company (NISOC)
Role: Iran&apos;s largest oil field — a giant anticline running beneath and around the city of Ahvaz in Khuzestan; producing since the late 1950s; Iranian Heavy and Light export grades
Capacity: ~700,000+ b/d in normal operation — the single biggest contributor to Iranian production
Connectivity: Khuzestan gathering network to Ganaveh and the subsea lines feeding Kharg Island
Recent: 2026 — output throttled toward domestic-refinery demand as the war and US naval blockade shut the export outlet; production reportedly running roughly in line with home consumption
Risks: Export-outlet dependence on Kharg; wartime strike exposure; decades of sanctions-starved investment; urban overlap of field and city</description>
					<styleUrl>#msn_target0</styleUrl>
					<Point>
						<coordinates>48.65,31.3,0</coordinates>
					</Point>
				</Placemark>
				<Placemark>
					<name>Marun Oil Field</name>
					<description>Status: Reduced
Operator: National Iranian South Oil Company (NISOC)
Role: One of Iran&apos;s supergiants, east of Ahvaz in Khuzestan — discovered 1963; a pillar of the Iranian Heavy export stream and feedstock for regional petrochemicals
Capacity: ~520,000 b/d in normal operation
Connectivity: Khuzestan trunklines into the Kharg export system; associated gas to the Marun petrochemical complex
Recent: 2026 — throttled with the rest of the southern system as the blockade closed exports; production aligned to domestic refinery runs
Risks: Kharg single-outlet dependence; wartime exposure; ageing reservoir management under sanctions</description>
					<styleUrl>#msn_target0</styleUrl>
					<Point>
						<coordinates>49.29999999999999,31.1,0</coordinates>
					</Point>
				</Placemark>
				<Placemark>
					<name>Azadegan Oil Field (North &amp; South)</name>
					<description>Status: Reduced
Operator: NISOC / Petroleum Engineering &amp; Development Co.; North Azadegan developed with CNPC, South Azadegan developed domestically after foreign exits
Role: Iran&apos;s largest oil reserves in one structure — the West Karun giant on the Iraqi border, geologically shared with Iraq&apos;s Majnoon; the centrepiece of Iran&apos;s ambition to grow West Karun output
Capacity: ~200,000–250,000 b/d combined in recent years against plateau ambitions of ~570,000 — chronically capital-starved
Connectivity: West Karun gathering toward the Khuzestan trunk system and Kharg
Recent: 2026 — expansion plans frozen by war and sanctions; output constrained to the domestic-demand ceiling like the rest of the south
Risks: Sanctions on investment and technology; border-zone location; the gap between reserves and deliverability — Iran&apos;s structural story in one field</description>
					<styleUrl>#msn_target0</styleUrl>
					<Point>
						<coordinates>47.8,31.05,0</coordinates>
					</Point>
				</Placemark>
				<Placemark id="035F65880D3F3CCC6A37">
					<name>Halfaya Oil Field (CPF-1)</name>
					<description>Status: Operational
Operator: Missan Oil Company; PetroChina-led consortium with TotalEnergies and Petronas
Role: The giant of Missan province — developed since 2010 through three Central Processing Facilities; your point marks CPF-1
Capacity: ~400,000 b/d plateau reached with CPF-3, making Halfaya one of Iraq&apos;s largest post-2003 developments
Connectivity: Missan export pipelines south into the Basra network toward Fao and the Gulf terminals
Recent: 2026 — throttled with the whole southern system by the Hormuz closure and storage saturation
Risks: Hormuz-dependent evacuation; Missan logistics; contractor-model economics under fiscal stress</description>
					<LookAt>
						<longitude>47.4323452</longitude>
						<latitude>31.67494139999999</latitude>
						<altitude>0</altitude>
						<heading>0</heading>
						<tilt>0</tilt>
						<gx:fovy>35</gx:fovy>
						<range>883.1037221287936</range>
						<altitudeMode>relativeToGround</altitudeMode>
					</LookAt>
					<styleUrl>#msn_target0</styleUrl>
					<Point>
						<altitudeMode>relativeToGround</altitudeMode>
						<coordinates>47.4323452,31.6749414,0</coordinates>
					</Point>
				</Placemark>
				<Placemark>
					<name>Rumaila Oil Field</name>
					<description>Status: Reduced
Operator: Basra Oil Company with Basra Energy Company (BP–PetroChina joint venture) as lead contractor
Role: Iraq&apos;s largest oil field and one of the world&apos;s supergiants — North and South Rumaila stretch ~80 km along the Kuwaiti border west of Basra; discovered 1953; the base of the Basrah crude grades
Capacity: ~1.4 million b/d in normal operation — roughly a third of Iraqi production
Connectivity: Degassing stations into the southern pipeline network, Zubair/Fao storage and the Gulf export terminals
Recent: 2026 — output cut back as the Hormuz closure saturated Fao storage within days and forced field shut-ins; national production halved to ~1.9 million b/d by June
Risks: 100% Hormuz-dependent evacuation; storage-saturation shut-ins; ageing water-injection infrastructure; fiscal pressure on the operator model</description>
					<styleUrl>#msn_target0</styleUrl>
					<Point>
						<coordinates>47.34999999999999,30.35,0</coordinates>
					</Point>
				</Placemark>
				<Placemark>
					<name>West Qurna 1 Oil Field</name>
					<description>Status: Reduced
Operator: Basra Oil Company; PetroChina lead contractor since ExxonMobil&apos;s 2024 exit
Role: The northern extension of the Rumaila trend — a supergiant in its own right, ~50 km northwest of Basra
Capacity: ~550,000–600,000 b/d in normal operation, with long-term expansion plans toward much higher plateaus
Connectivity: Southern gathering and pipeline network to Zubair/Fao storage and the Gulf terminals
Recent: 2026 — throttled with the rest of the southern system by the Hormuz closure and storage saturation; PetroChina consolidating its position as the dominant foreign operator in southern Iraq
Risks: Hormuz-dependent single evacuation route; contractor-model economics; infrastructure and water-supply constraints (the Common Seawater Supply Project remains unfinished)</description>
					<styleUrl>#msn_target0</styleUrl>
					<Point>
						<coordinates>47.32931550724308,30.65228549676802,0</coordinates>
					</Point>
				</Placemark>
				<Placemark>
					<name>West Qurna 2 Oil Field</name>
					<description>Status: Reduced
Operator: Basra Oil Company; Lukoil as lead contractor — status in flux
Role: The deeper, western licence of the West Qurna supergiant, developed by Lukoil from 2014
Capacity: ~480,000 b/d in normal operation
Connectivity: Central processing facilities into the southern pipeline and export system
Recent: US sanctions on Lukoil (October 2025) threw the contract into crisis — force majeure declared, payment channels frozen, and Lukoil exploring an exit or sale of its stake while operations continue; the 2026 Hormuz closure then throttled output along with the whole southern system
Risks: Operator uncertainty under sanctions — the largest Russian-operated asset in the Arab world; Hormuz dependence; payment-mechanism fragility; potential operatorship transition</description>
					<styleUrl>#msn_target0</styleUrl>
					<Point>
						<coordinates>47.2,30.85,0</coordinates>
					</Point>
				</Placemark>
				<Placemark>
					<name>Greater Burgan Oil Field</name>
					<description>Status: Operational
Operator: Kuwait Oil Company (KOC)
Role: The world&apos;s second-largest oil field after Ghawar — the Burgan, Magwa and Ahmadi sectors in southeast Kuwait; discovered 1938, producing since 1946; the base of the Kuwait Export Crude blend
Capacity: ~1.6 million b/d sustainable — well over half of Kuwaiti production; medium sour crude gathered through KOC&apos;s numbered gathering centres
Connectivity: Short pipelines north-east to the Ahmadi tank farms and the Mina al-Ahmadi export terminal
Recent: 2026 — with no pipeline bypass, Burgan&apos;s barrels sat fully behind the Hormuz closure; the 1991 wellhead fires remain the field&apos;s defining historical trauma
Risks: Total Hormuz dependence; maturity and water management after eight decades; gathering-centre concentration</description>
					<styleUrl>#msn_target0</styleUrl>
					<Point>
						<coordinates>47.93364218729315,29.02404225611651,0</coordinates>
					</Point>
				</Placemark>
				<Placemark>
					<name>Raudhatain Oil Field</name>
					<description>Status: Operational
Operator: Kuwait Oil Company (KOC)
Role: The anchor of the North Kuwait asset — light crude discovered in 1955, produced together with neighbouring Sabriya through shared gathering and processing
Capacity: Several hundred thousand b/d — with Sabriya, the core of North Kuwait&apos;s ~700,000 b/d production area; lighter grades that upgrade the Kuwait Export Crude blend
Connectivity: North Kuwait gathering centres, then trunklines south to the Ahmadi hub and export system
Recent: Water-injection and facility upgrades sustaining the mature northern fields; heavy-oil development at nearby Ratqa complements the light streams
Risks: Hormuz dependence via the single southern export chain; reservoir maturity; proximity to the Iraqi border zone</description>
					<styleUrl>#msn_target0</styleUrl>
					<Point>
						<coordinates>47.75,29.86,0</coordinates>
					</Point>
				</Placemark>
				<Placemark>
					<name>Sabriya Oil Field</name>
					<description>Status: Operational
Operator: Kuwait Oil Company (KOC)
Role: Raudhatain&apos;s twin in North Kuwait — oil production plus the centre of KOC&apos;s Jurassic non-associated gas development, feeding domestic power as well as the crude blend
Capacity: Oil in the low-to-mid hundreds of thousands b/d within the North Kuwait complex; growing gas and condensate output
Connectivity: Shared North Kuwait gathering and processing with Raudhatain; trunklines south to Ahmadi
Recent: Jurassic gas expansion — Kuwait&apos;s attempt to cut the summer crude burn in its power plants, freeing export barrels
Risks: Hormuz dependence; gas-oil operational interdependence; border-zone location</description>
					<styleUrl>#msn_target0</styleUrl>
					<Point>
						<coordinates>47.89999999999999,29.78,0</coordinates>
					</Point>
				</Placemark>
				<Placemark>
					<name>Bab Oil Field</name>
					<description>Status: Operational
Operator: ADNOC Onshore
Role: Abu Dhabi&apos;s founding field — the emirate&apos;s first commercial oil discovery (drilled from 1954, onstream 1960s), ~150 km southwest of Abu Dhabi city; a pillar of the Murban crude stream
Capacity: ~400,000–450,000 b/d, with sour-gas development alongside
Connectivity: Gathered and processed at the Habshan complex on the field&apos;s northern edge — the entry point of the Murban system and of the ADCOP pipeline to Fujairah
Recent: 2026 — Bab barrels kept flowing to market through the Hormuz closure via the Habshan→Fujairah route, the reason Murban stayed the region&apos;s most reliable export grade
Risks: Maturity management after six decades; sour-gas handling; processing concentration at Habshan</description>
					<styleUrl>#msn_target0</styleUrl>
					<Point>
						<coordinates>53.70070814624188,23.65806611036309,0</coordinates>
					</Point>
				</Placemark>
				<Placemark>
					<name>Ghawar Oil Field</name>
					<description>Status: Operational
Operator: Saudi Aramco
Role: The world&apos;s largest conventional onshore oil field — ~280 km north–south by ~30 km, from Ain Dar and Shedgum through Uthmaniyah and Hawiyah to Haradh; producing since 1951
Capacity: ~3.8 million b/d maximum sustained capacity (2019 bond-prospectus disclosure) — historically more than half of cumulative Saudi production; Arabian Light
Connectivity: Feeds the Abqaiq stabilisation complex, thence Ras Tanura (east) or Petroline to Yanbu (west)
Recent: 2026 — output managed down with exports at ~57% of 2025 rates during the Hormuz closure, with westbound Petroline routing maximised
Risks: Water-cut and pressure management after seven decades; drone/missile exposure of associated GOSPs; single-complex dependence on Abqaiq</description>
					<styleUrl>#msn_target0</styleUrl>
					<Point>
						<coordinates>49.29999999999999,25.2,0</coordinates>
					</Point>
				</Placemark>
				<Placemark>
					<name>Khurais Oil Field</name>
					<description>Status: Operational
Operator: Saudi Aramco
Role: One of the kingdom&apos;s giant onshore fields, ~150 km west of Ghawar toward Riyadh — the 2009 megaproject that added the largest single increment in Aramco history, expanded again in 2019
Capacity: ~1.45 million b/d maximum sustained capacity; Arabian Light
Connectivity: Central processing at Khurais, pipeline ties into the east-coast system and Abqaiq
Recent: Struck alongside Abqaiq in the September 2019 drone/missile attack — production restored within weeks; capacity management through the 2026 export constraints
Risks: Demonstrated vulnerability to precision attack; processing-plant concentration; reservoir management on high sustained rates</description>
					<styleUrl>#msn_target0</styleUrl>
					<Point>
						<coordinates>48.07999999999999,25.1,0</coordinates>
					</Point>
				</Placemark>
				<Placemark>
					<name>Shaybah Oil Field</name>
					<description>Status: Operational
Operator: Saudi Aramco
Role: The Empty Quarter giant — Arabian Extra Light from beneath the Rub&apos; al-Khali dunes on the UAE border, onstream 1998; includes a major NGL recovery plant (2016)
Capacity: ~1.0 million b/d maximum sustained capacity
Connectivity: Pipeline north to the eastern processing and export system — its remoteness means everything (people, power, equipment) flies or drives 800 km of desert
Recent: Attacked by drones in August 2019 (fires at the NGL plant, no production loss) — the strike that previewed Abqaiq; steady operations through the 2026 constraints
Risks: Extreme-environment logistics; long single pipeline exposure; NGL-plant concentration</description>
					<styleUrl>#msn_target0</styleUrl>
					<Point>
						<coordinates>53.96000000000001,22.51,0</coordinates>
					</Point>
				</Placemark>
				<Placemark>
					<name>Bomu Oil Field</name>
					<description>Status: Offline
Operator: Renaissance Africa Energy (ex-SPDC, acquired March 2025); JV — NNPC 55%, Renaissance 30%, TotalEnergies 10%, Eni 5%
Role: Ogoniland field (OML 11), eastern Niger Delta — discovered 1958, shut in since 1993 amid community unrest; historic source field of the Trans Niger Pipeline; 96 wells, 5 flow stations and the Bomu Manifold, one of Africa&apos;s largest gathering points
Capacity: Historic peak ~75,000 b/d before the civil war; effectively zero while shut in
Recent: Renaissance announced in July 2026 the revival of a dormant Nigerian field, and officials have discussed resuming Ogoniland output (&gt;40% of OML 11&apos;s recoverable reserves) — but no report names Bomu specifically as restarted, so the shut-in status stands until confirmed
Risks: Community relations and the Ogoni legacy; pipeline vandalism; restart economics after 30 years idle</description>
					<styleUrl>#msn_target0</styleUrl>
					<Point>
						<coordinates>7.2835,4.6605,0</coordinates>
					</Point>
				</Placemark>
				<Placemark>
					<name>Nembe Field Area (OML 29)</name>
					<description>Status: Operational
Operator: Nembe E&amp;P (ex-Aiteo, which bought OML 29 from Shell in 2015 for $1.7bn), in JV with NNPC
Role: OML 29 fields (Nembe, Santa Barbara, Okoroba, Oloibiri — Nigeria&apos;s first commercial discovery, 1956), Bayelsa State; 983 km², 11 fields; source of the Nembe Creek Trunk Line (100 km, 600,000 b/d nameplate)
Capacity: Reported output diverges — ~150,000 b/d vs ~60,000 b/d in different July 2025 reports — likely real swings from vandalism and theft that have at times cut volumes by up to 90%; ~2.2 billion boe reserve base; a new Central Processing Facility and 17 wells target 200,000 b/d
Risks: Pipeline vandalism and crude theft; single-trunkline evacuation; data opacity</description>
					<styleUrl>#msn_target0</styleUrl>
					<Point>
						<coordinates>6.35,4.53,0</coordinates>
					</Point>
				</Placemark>
				<Placemark>
					<name>Hassi Messaoud Oil Field</name>
					<description>Status: Operational
Operator: Sonatrach (sole operator)
Role: Algeria&apos;s largest producing field, flowing since 1956 — the anchor of the Saharan Blend export grade, gathered at Haoud El Hamra
Capacity: ~350,000 b/d; reserves ~6.4 billion bbl
Recent: Part of Sonatrach&apos;s 2025–30 plan (500 exploration + 950 development wells nationally, incl. a new 60,000 b/d separation and compression centre here); officials warn national reserves (~13 billion bbl) could deplete within ~30 years without new discoveries
Risks: Mature-field decline requiring constant enhanced-recovery investment; Sahel border security; dependence on state investment</description>
					<styleUrl>#msn_target0</styleUrl>
					<Point>
						<coordinates>6.072899999999999,31.6804,0</coordinates>
					</Point>
				</Placemark>
				<Placemark id="06E2D3E90A3F2D157379">
					<name>Kirkuk Oil Field (Baba Gurgur)</name>
					<description>Status: Operational
Operator: North Oil Company; BP under a 2025 redevelopment agreement covering the Kirkuk fields (Baba and Avanah domes, Bai Hassan and adjacent fields)
Role: The historic northern supergiant — Baba Gurgur, drilled in 1927, launched Iraqi oil; the anchor of the northern production system feeding the Iraq–Türkiye export corridor
Capacity: ~250,000–300,000 b/d area production, with BP&apos;s redevelopment targeting recovery of long-underinvested capacity
Connectivity: Injects at Khurmala into the KRG pipeline to Fishkhabur and Ceyhan; the rebuilt federal Kirkuk–Fishkhabur line (Offline, under reconstruction on this map) would restore Baghdad&apos;s own route
Recent: BP operations ramped through 2025–26 — the supermajor&apos;s return to the field it discovered a century ago; the ITP treaty&apos;s July 2026 termination hangs over the export route
Risks: Export-route politics (KRG leverage, Türkiye treaty vacuum); decades of underinvestment; security around Kirkuk</description>
					<LookAt>
						<longitude>44.35029651051684</longitude>
						<latitude>35.52532047167097</latitude>
						<altitude>0</altitude>
						<heading>0.0007994681670593199</heading>
						<tilt>30.03045142236227</tilt>
						<range>6779.67724801639</range>
						<gx:altitudeMode>relativeToSeaFloor</gx:altitudeMode>
					</LookAt>
					<styleUrl>#msn_target0</styleUrl>
					<ExtendedData>
						<SchemaData schemaUrl="#__managed_schema00">
							<SimpleData name="0C71B641FF3F2D15737B">0</SimpleData>
						</SchemaData>
					</ExtendedData>
					<Point>
						<extrude>1</extrude>
						<coordinates>44.33675247371175,35.51396335977478,323.3022642490641</coordinates>
					</Point>
				</Placemark>
				<Placemark id="072AC446C03F2D28A0C3">
					<name>Taq Taq oil field</name>
					<description>Status: Offline
Operator: Genel Energy (operator, historically ~44% — exit terms agreed with the KRG January 2025); historic partners Sinopec/Addax ~36%, KRG ~20%
Role: Onshore field near Taq Taq, Kurdistan Region — PSC signed 2002; once the largest internationally operated field in Kurdistan
Capacity: Peaked at 116,000 b/d in 2015; fell on geological complications and reserve downgrades to under 5,000 b/d before the 2023 pipeline closure, then to zero — no production in 2024
Recent: Genel&apos;s exit sheds residual decommissioning liability, leaving it a 25% non-operated stake in Tawke; no confirmed operator or restart plan
Risks: No restart plan; reserve downgrades; Kurdistan payment and export uncertainty</description>
					<LookAt>
						<longitude>43.97388591362881</longitude>
						<latitude>36.25606542224983</latitude>
						<altitude>402.4603629189912</altitude>
						<heading>359.9999999999994</heading>
						<tilt>0</tilt>
						<gx:fovy>35.00003458331483</gx:fovy>
						<range>8023.972904192051</range>
						<altitudeMode>absolute</altitudeMode>
					</LookAt>
					<styleUrl>#msn_target0</styleUrl>
					<ExtendedData>
						<SchemaData schemaUrl="#__managed_schema00">
							<SimpleData name="108A3C7DC63F2D28A0C3">0</SimpleData>
						</SchemaData>
					</ExtendedData>
					<Point>
						<extrude>1</extrude>
						<coordinates>43.97051760905521,36.2618389887833,397.362776409538</coordinates>
					</Point>
				</Placemark>
				<Placemark id="07C24C13813F39F143AC">
					<name>Tawke oil field</name>
					<description>Status: Operational
Operator: DNO ASA 75% (operator); Genel Energy 25%
Role: Tawke + Peshkabir complex, Kurdistan Region; gas capture and reinjection at Peshkabir roughly halves its emissions intensity; feeds the KRG export line at Fishkhabur
Capacity: 2025 average ~70,100 boe/d, ~77,300 by Q4; target 100,000 boe/d (2019–20 ran 100,000–120,000)
Recent: Ramp-up resumed February 2026 after a 30-month drilling hiatus (two rigs, eight wells, $100m Kurdistan capex vs $22m in 2025); production was shut as a precaution on 13 March 2026 amid the regional war, after damaging drone strikes in July 2025 — KRG pipeline flows resumed 18 March, and volatility remains the field&apos;s defining feature
Risks: Drone strikes (installations hit three times in 2025); war-related shutdowns; payment mechanism; licence renewal options to 2031/2036</description>
					<LookAt>
						<longitude>42.79620380482646</longitude>
						<latitude>37.13612164673467</latitude>
						<altitude>574.8687596868648</altitude>
						<heading>0</heading>
						<tilt>0</tilt>
						<gx:fovy>35</gx:fovy>
						<range>3364.727699850337</range>
						<altitudeMode>absolute</altitudeMode>
					</LookAt>
					<styleUrl>#msn_target0</styleUrl>
					<Point>
						<coordinates>42.79533850917564,37.13455384915873,570.2466207505971</coordinates>
					</Point>
				</Placemark>
				<Placemark id="00FD4B720E3F39F9EB09">
					<name>Shaikan oil filed</name>
					<description>Status: Offline
Operator: Gulf Keystone Petroleum 80% (operator); MOL Group 20%
Role: Onshore field ~60 km north-west of Erbil, Kurdistan Region, producing since 2013
Capacity: ~60,000 b/d processing capacity across two facilities; 2P reserves 416 million bbl (Dec 2025), ~27 years of life; averaged ~41,560 b/d in 2025
Recent: Suspended late July 2026 — a precautionary shutdown amid the regional conflict, the second shut-in of the year (also halted February 2026); ~$269m revenue on 9.6 million bbl in the first eight months of 2025
Risks: Sole export route via the Iraq–Türkiye system, no redundancy; recurring conflict shutdowns; Baghdad–Erbil payment disputes; the US troop withdrawal from Kurdistan by 30 Sept 2026 removes an implicit security backstop</description>
					<LookAt>
						<longitude>43.26884624947994</longitude>
						<latitude>36.82751206699264</latitude>
						<altitude>576.1717099629935</altitude>
						<heading>0</heading>
						<tilt>0</tilt>
						<gx:fovy>34.99999999993442</gx:fovy>
						<range>1910.304970643192</range>
						<altitudeMode>absolute</altitudeMode>
					</LookAt>
					<styleUrl>#msn_target0</styleUrl>
					<Point>
						<coordinates>43.26382573337291,36.82832234899749,591.5106136316049</coordinates>
					</Point>
				</Placemark>
				<Placemark id="0C734745E640214C7E68">
					<name>Tengiz, Drilling oil filed (CPC blend)</name>
					<description>Status: Operational
Operator: Tengizchevroil — Chevron 50% (operator), ExxonMobil 25%, KazMunayGas 20%, LukArco 5%
Role: Kazakhstan&apos;s largest field, onshore near the Caspian; crude blended into CPC Blend and exported via the CPC pipeline to Novorossiysk
Capacity: ~950,000 b/d following the FGP-WPMP expansion (first oil January 2025) — roughly 50% above pre-expansion output
Recent: January 2026 fires at on-site power facilities forced a near-total shutdown for most of the month; full production was targeted back by 23 February, with no further disruption reported since
Risks: Single evacuation route via CPC — exposed to the 2026 drone campaign at the marine terminal; power-system reliability; expansion ramp-up</description>
					<LookAt>
						<longitude>53.3912354</longitude>
						<latitude>46.14843079999999</latitude>
						<altitude>0</altitude>
						<heading>0</heading>
						<tilt>0</tilt>
						<gx:fovy>35</gx:fovy>
						<range>705.0070574178768</range>
						<altitudeMode>relativeToGround</altitudeMode>
					</LookAt>
					<styleUrl>#msn_target0</styleUrl>
					<Point>
						<altitudeMode>relativeToGround</altitudeMode>
						<coordinates>53.4062187167094,46.15216146839361,0</coordinates>
					</Point>
				</Placemark>
				<Placemark id="0B5E62717C3F3CCE416C">
					<name>Ahdab Oil Field ( Al-Waha Petroleum Company)</name>
					<description>Status: Operational
Operator: CNPC via Al-Waha Petroleum Company; partners Midland Oil Company (Iraqi state) and ZhenHua Oil
Role: Onshore field, Wasit Governorate, Iraq — discovered 1979, developed under one of Iraq&apos;s earliest post-2008 service contracts, producing since 2011
Capacity: ~120,000 b/d in 2025, up sharply from ~46,000 in 2023; ~1 billion bbl of reserves plus substantial associated gas
Recent: April 2025 — an idle vertical well revived with horizontal drilling, yielding strong output with low water cut; framed as a repeatable model for the field&apos;s older wells
Risks: Ageing wells requiring workover investment; Iraqi political, security and contractual risk; water handling</description>
					<LookAt>
						<longitude>45.6657142</longitude>
						<latitude>32.4933051</latitude>
						<altitude>0</altitude>
						<heading>0</heading>
						<tilt>0</tilt>
						<gx:fovy>35</gx:fovy>
						<range>874.4207686807406</range>
						<altitudeMode>relativeToGround</altitudeMode>
					</LookAt>
					<styleUrl>#msn_target0</styleUrl>
					<Point>
						<altitudeMode>relativeToGround</altitudeMode>
						<coordinates>45.6657142,32.4933051,0</coordinates>
					</Point>
				</Placemark>
				<Placemark id="054A8A275C3F3CCF9266">
					<name>East Baghdad Field</name>
					<description>Status: Planned
Operator: Midland Oil Company with EBS Petroleum (China&apos;s ZhenHua Oil); Iraqi Drilling Company handling wells
Role: A super-giant field literally underlying eastern Baghdad — 11 km × 64 km; historically stranded by its urban location
Capacity: Reserves revised up to ~15 billion bbl — central Iraq&apos;s largest resource; near-term target 120,000 b/d of oil plus 25–50 MMcf/d of gas; 2009-era estimates saw up to 400,000 b/d potential
Recent: 18 wells being drilled; first oil targeted June 2026 and first gas September 2026 — startup not yet confirmed; the contract area was expanded in February 2025 (+~710 million bbl of estimated resources)
Risks: Urban drilling constraints; startup risk; Iraqi contractual terms; security</description>
					<LookAt>
						<longitude>44.6484347</longitude>
						<latitude>33.3526498</latitude>
						<altitude>0</altitude>
						<heading>0</heading>
						<tilt>0</tilt>
						<gx:fovy>35</gx:fovy>
						<range>865.1073099074351</range>
						<altitudeMode>relativeToGround</altitudeMode>
					</LookAt>
					<styleUrl>#msn_target0</styleUrl>
					<Point>
						<altitudeMode>relativeToGround</altitudeMode>
						<coordinates>44.6484347,33.3526498,0</coordinates>
					</Point>
				</Placemark>
				<Placemark>
					<name>Cold Lake Blend Production Facility</name>
					<description>Status: Operational
Operator: Imperial Oil (100% owner-operator)
Role: In-situ oil-sands complex, Cold Lake, Alberta — bitumen from the Clearwater formation across multiple pads; produces Cold Lake Blend, moved via the Cold Lake Pipeline to Edmonton/Hardisty
Capacity: ~190,000 b/d design; ~150,000 current, targeting 165,000 by 2030
Recent: Transition from cyclic steam to solvent-assisted SAGD — Grand Rapids onstream 2024, Leming steaming since summer 2025 (first oil end-2025), Mahihkan targeted 2029; the projects should add ~50,000 b/d by 2030 while cutting the steam-oil ratio from 4.4 toward 3.5
Risks: Natural-gas price exposure (steam generation); heavy-crude discount to WTI; execution risk converting old CSS infrastructure; Canadian emissions cap and carbon pricing</description>
					<LookAt>
						<longitude>-110.5356938911647</longitude>
						<latitude>55.07062982057658</latitude>
						<altitude>0</altitude>
						<heading>0.0002104505678027235</heading>
						<tilt>0</tilt>
						<range>5847.445808746465</range>
						<gx:altitudeMode>relativeToSeaFloor</gx:altitudeMode>
					</LookAt>
					<styleUrl>#msn_target0</styleUrl>
					<Point>
						<gx:drawOrder>1</gx:drawOrder>
						<coordinates>-110.5356938911647,55.07062982057658,0</coordinates>
					</Point>
				</Placemark>
				<Placemark id="0F0D10EA6840677FCB7A">
					<name>Ras Shukier oil field</name>
					<description>Status: Operational
Operator: GUPCO (BP–EGPC 50/50); the small adjacent Shukheir Marine concession is run separately
Role: Field and Egypt&apos;s key Gulf of Suez export hub — the terminal aggregates crude from the GUPCO-area fields (incl. Morgan, discovered 1967) and feeds the 340 km Ras Shukeir–Asyut pipeline to inland refineries
Capacity: GUPCO&apos;s Gulf of Suez output ~71,250 b/d per a 2026 report (highest since 2019); field-specific figures are not published
Recent: The concession was extended in 2005 for 20 years (~through 2025) after $1.4bn of investment; no site-specific 2025–26 update found
Risks: Deep basin maturity and natural decline; concession renewal; Red Sea logistics exposure</description>
					<LookAt>
						<longitude>33.2756409</longitude>
						<latitude>28.1316192</latitude>
						<altitude>0</altitude>
						<heading>0</heading>
						<tilt>0</tilt>
						<gx:fovy>35</gx:fovy>
						<range>2235.956018491528</range>
						<altitudeMode>relativeToGround</altitudeMode>
					</LookAt>
					<styleUrl>#msn_target0</styleUrl>
					<Point>
						<altitudeMode>relativeToGround</altitudeMode>
						<coordinates>33.2756409,28.1316192,0</coordinates>
					</Point>
				</Placemark>
				<Placemark id="0B88D3B248406780BADA">
					<name>Zeit Bay oil field</name>
					<description>Status: Operational
Operator: Suez Oil Company (SUCO) — EGPC with the ex-Wintershall Dea stake now held by Harbour Energy (2024)
Role: Coastal Gulf of Suez field ~80 km north of Hurghada with its own export terminal; produces from a fractured basement reservoir
Capacity: Small and mature — ~5,000 b/d from 19 wells on artificial lift and secondary recovery; ~80% of accessible resources already produced by the mid-2010s
Recent: Ownership moved to Harbour Energy in the 2024 $11.2bn Wintershall Dea acquisition
Risks: Deep depletion; lifting costs on a late-life asset</description>
					<LookAt>
						<longitude>33.57398443307559</longitude>
						<latitude>27.80800299911596</latitude>
						<altitude>5.868974768868116</altitude>
						<heading>0</heading>
						<tilt>0</tilt>
						<gx:fovy>35</gx:fovy>
						<range>3642.746898007463</range>
						<altitudeMode>absolute</altitudeMode>
					</LookAt>
					<styleUrl>#msn_target0</styleUrl>
					<Point>
						<coordinates>33.57398443307559,27.80800299911596,5.868974768868116</coordinates>
					</Point>
				</Placemark>
				<Placemark>
					<name>Gialo Oil Field</name>
					<description>Status: Operational
Operator: Waha Oil Company — NOC 59.16%, ConocoPhillips 20.42%, TotalEnergies 20.42%
Role: Sirte Basin field producing since 1961 — linked to the Es Sider export terminal via the Gialo-Waha line
Capacity: ~130,000 b/d design (2020); ran ~245,000 b/d in 2012, likely below design now as the field matures
Recent: The adjacent North Gialo development (~100,000 boe/d, FID 2019) is tied to Waha&apos;s January 2026 concession-extension deal
Risks: Libyan blockade and force-majeure risk (last resurfaced May 2025); mature decline; shared exposure with the wider Waha system</description>
					<Camera>
						<longitude>21.41730238096121</longitude>
						<latitude>28.67981021896902</latitude>
						<altitude>14707.00906128159</altitude>
						<heading>-3.019709188107036</heading>
						<tilt>7.699351516991807</tilt>
						<roll>-1.994574620987538</roll>
						<gx:altitudeMode>relativeToSeaFloor</gx:altitudeMode>
					</Camera>
					<styleUrl>#msn_target0</styleUrl>
					<Point>
						<gx:drawOrder>1</gx:drawOrder>
						<coordinates>21.41472772816507,28.68823231403621,0</coordinates>
					</Point>
				</Placemark>
				<Placemark>
					<name>Waha Oil Field</name>
					<description>Status: Operational
Operator: Waha Oil Company — NOC 59.16%, ConocoPhillips 20.42%, TotalEnergies 20.42%
Role: Sirte Basin concession complex producing since 1963; feeds the Es Sider export terminal
Capacity: ~370,000 boe/d (January 2026); ~630 million bbl remaining reserves (2020); North Gialo could add ~100,000 boe/d
Recent: Concessions extended to December 2050 in a January 2026 agreement with revised fiscal terms; seven exploration wells and seismic work planned for 2026
Risks: Political fragmentation between rival governments with recurring blockades (May 2025 precedent); mature-field decline</description>
					<Camera>
						<longitude>19.93105785447903</longitude>
						<latitude>28.28919675167925</latitude>
						<altitude>3554.286233659476</altitude>
						<heading>-2.841771876841253</heading>
						<tilt>13.99553671304515</tilt>
						<roll>-1.092325945202973</roll>
						<gx:altitudeMode>relativeToSeaFloor</gx:altitudeMode>
					</Camera>
					<styleUrl>#msn_target0</styleUrl>
					<Point>
						<gx:drawOrder>1</gx:drawOrder>
						<coordinates>19.92182096596482,28.29870047645361,0</coordinates>
					</Point>
				</Placemark>
			</Folder>
			<Folder>
				<name>Offshore fields &amp; FPSOs</name>
				<Placemark>
					<name>Neptun Deep (Offshore Black Sea)</name>
					<description>Status: Planned
Operator: OMV Petrom and Romgaz, 50/50 — final investment decision 2023, first production targeted 2027
Role: The EU&apos;s largest natural gas project — a deep-water Black Sea development ~160 km offshore; gas rather than oil, mapped here because it will remake Romania&apos;s whole energy position
Capacity: ~100 Mt of gas over its life, enough to make Romania the EU&apos;s largest gas producer
Recent: Development drilling and subsea construction under way in a sea patrolled for drifting mines — the first major European offshore project built inside a war&apos;s insurance zone
Strategic role: The future counterweight to everything else on the Romanian map — a declining oil province funding its successor
Risks: War-zone construction and insurance; project execution offshore; gas-price cycles at start-up</description>
					<styleUrl>#msn_target</styleUrl>
					<Point>
						<coordinates>30.5,44.2,0</coordinates>
					</Point>
				</Placemark>
				<Placemark>
					<name>Lower Zakum Oil Field (Offshore)</name>
					<description>Status: Operational
Operator: ADNOC Offshore — ADNOC 60% with INPEX, TotalEnergies, Eni, PetroChina and an Indian ONGC-led consortium as concession partners
Role: The shallower portion of the giant Zakum structure — one of the world&apos;s largest offshore fields, developed separately from Upper Zakum under its own 2018 concession
Capacity: ~400,000 b/d, with expansion targeted toward ~450,000
Connectivity: Subsea lines to Das Island for processing, storage and export in the Das crude blend
Recent: The 2018 concession round made it a showcase of ADNOC&apos;s partner diversification — Japanese, European, Chinese and Indian capital in one field; 2026 liftings constrained by in-Gulf loading like the rest of the offshore system
Risks: Hormuz dependence via Das Island; multi-partner alignment; shallow-water infrastructure age</description>
					<styleUrl>#msn_target1</styleUrl>
					<Point>
						<coordinates>53.39999999999999,24.9,0</coordinates>
					</Point>
				</Placemark>
				<Placemark>
					<name>Khafji Oil Field (Partitioned Zone, Offshore)</name>
					<description>Status: Operational
Operator: Al-Khafji Joint Operations — KGOC with Aramco Gulf Operations; output shared 50/50
Role: The offshore half of the Partitioned Zone — shallow-water heavy crude loaded at the Ras al-Khafji terminal on the shared coast
Capacity: ~300,000 b/d design within the PZ&apos;s ~500,000 combined; ramped back since the 2020 restart
Recent: Shut May 2015–February 2020 in the same bilateral dispute as Wafra (with an environmental-permit trigger on the Saudi side); its restart added real barrels to a tight market — and its 2026 liftings sit inside the closed strait like everything else in the northern Gulf
Strategic role: The maritime expression of the condominium — a field whose production schedule is written in two capitals
Risks: Bilateral alignment; in-Gulf loading under Hormuz closure; offshore drone and naval exposure; heavy-grade demand</description>
					<styleUrl>#msn_target2</styleUrl>
					<Point>
						<coordinates>48.6,28.45,0</coordinates>
					</Point>
				</Placemark>
				<Placemark>
					<name>Al-Basra Oil Terminal (ABOT) &amp; SPM Buoys</name>
					<description>Status: Reduced
Owner/Operator: Basra Oil Company / Iraqi Oil Ministry; exports marketed by SOMO
Role: Iraq&apos;s principal crude export terminal — a fixed offshore platform complex plus single-point mooring buoys at the head of the Gulf, loading Basrah Medium and Basrah Heavy for the world
Capacity: ~3.4 million b/d nominal across the terminal and SPM system — normally ~93% of Iraqi exports and ~90% of the state budget
Connectivity: Subsea pipelines from the Fao storage and tank farm; the last link of the chain from Rumaila and West Qurna to water
Recent: 2026 — loadings collapsed to 260,000 b/d in May (8% of the 2025 average) as the Hormuz closure struck; tankers were hit near the loading zone; Iran granted case-by-case passage to some Iraqi tankers in August
Strategic role: The single most consequential loading point of the 2026 crisis — OPEC&apos;s second producer funnelled through one offshore complex behind a closed strait
Risks: 100% Hormuz dependence; naval, mine and drone exposure; no meaningful storage behind it once Fao saturates; single-complex concentration</description>
					<styleUrl>#msn_target2</styleUrl>
					<Point>
						<coordinates>48.8,29.67,0</coordinates>
					</Point>
				</Placemark>
				<Placemark>
					<name>Khor al-Amaya Oil Terminal (KAAOT)</name>
					<description>Status: Offline
Owner/Operator: Basra Oil Company / Iraqi Oil Ministry
Role: Iraq&apos;s second offshore loading platform, a few kilometres from ABOT — historically a twin export terminal, largely idle for years after war damage, tanker collisions and chronic underinvestment
Capacity: Nominal berths largely out of service; periodic rehabilitation plans announced without sustained restoration
Connectivity: Same Fao-fed subsea system as ABOT
Recent: Rehabilitation repeatedly studied as part of Iraq&apos;s export-capacity ambitions; the 2026 crisis made its idle berths a visible cost — a second terminal that could not relieve the first
Strategic role: The spare capacity Iraq doesn&apos;t have — the physical difference between nominal and usable export infrastructure
Risks: Structural degradation; funding priority against onshore projects; the same Hormuz dependence as everything else in the south</description>
					<styleUrl>#msn_target2</styleUrl>
					<Point>
						<coordinates>48.83,29.79,0</coordinates>
					</Point>
				</Placemark>
				<Placemark>
					<name>Upper Zakum Oil Field (Offshore)</name>
					<description>Status: Operational
Operator: ADNOC Offshore — ADNOC 60%, ExxonMobil 28%, INPEX/JODCO 12%
Role: The world&apos;s second-largest offshore oil field — developed from four artificial drilling islands with extended-reach wells replacing dozens of conventional platforms
Capacity: ~1 million b/d achieved, with expansion targeted toward 1.2 million b/d; the Upper Zakum export grade
Connectivity: Subsea lines to Zirku Island for processing, storage and export — loading remains inside the Persian Gulf
Recent: 2026 — the in-Gulf loading point left this barrel Hormuz-exposed even as the UAE ran at 82% of export rates overall; the contrast with pipeline-served onshore Murban is the emirate&apos;s core supply-security lesson
Risks: In-Gulf export dependence; island drilling-centre concentration; partner-alignment on expansion pace</description>
					<styleUrl>#msn_target2</styleUrl>
					<Point>
						<coordinates>53.64188397319204,24.83863620795789,0</coordinates>
					</Point>
				</Placemark>
				<Placemark>
					<name>Zuluf Oil Field (Offshore)</name>
					<description>Status: Operational
Operator: Saudi Aramco
Role: One of the kingdom&apos;s giant offshore fields, ~240 km northwest of Dhahran in the shallow Gulf; producing Arabian Medium/Heavy since the 1970s
Capacity: ~800,000–825,000 b/d maximum sustained capacity; the Zuluf increment programme adds ~600,000 b/d of Arabian Heavy via a new central processing facility — the largest single project in Aramco&apos;s offshore maintain-potential effort, targeted around 2026
Connectivity: Offshore gathering platforms to onshore processing and the east-coast export system
Recent: Expansion execution through the 2026 period even as exports ran constrained by the Hormuz closure
Risks: Offshore infrastructure within regional drone/naval reach; project execution at scale; heavy-grade demand cycles</description>
					<styleUrl>#msn_target2</styleUrl>
					<Point>
						<coordinates>49.1,28.3,0</coordinates>
					</Point>
				</Placemark>
				<Placemark>
					<name>Marjan Oil Field (Offshore)</name>
					<description>Status: Operational
Operator: Saudi Aramco
Role: Offshore giant in the northern Gulf near the Zuluf–Safaniya cluster; Arabian Medium; discovered 1967
Capacity: ~500,000 b/d, rising toward ~800,000 with the Marjan increment (+300,000 b/d) — new offshore platforms, GOSP-4 and major gas/NGL processing at the Tanajib onshore complex; phased start-up from ~2025
Connectivity: Offshore gathering to Tanajib and the east-coast processing and export chain
Recent: One of the two flagship offshore expansions (with Zuluf) sustaining Saudi maximum capacity as older increments decline
Risks: Mega-project execution; offshore exposure in the northern Gulf, the closest Saudi production to Iranian waters; processing concentration at Tanajib</description>
					<styleUrl>#msn_target2</styleUrl>
					<Point>
						<coordinates>49.55,28.25,0</coordinates>
					</Point>
				</Placemark>
				<Placemark>
					<name>Manifa Oil Field</name>
					<description>Status: Operational
Operator: Saudi Aramco
Role: One of the world&apos;s largest oil fields, developed in shallow water through an engineering landmark — a 41 km causeway with 27 drilling islands threading Manifa Bay, onstream 2013
Capacity: ~900,000 b/d of Arabian Heavy plus associated gas and condensate
Connectivity: Island and platform wells to onshore central processing, feeding the heavy-crude system toward the Jubail-area refineries and export terminals
Recent: Purpose-built to feed the kingdom&apos;s heavy-conversion refineries — the field and its refinery customers were designed as one system
Risks: Environmental sensitivity of the shallow bay (the causeway was engineered around currents and shrimp grounds); heavy-grade demand; causeway single-access logistics</description>
					<styleUrl>#msn_target2</styleUrl>
					<Point>
						<coordinates>49.01419188715067,27.64586553442138,0</coordinates>
					</Point>
				</Placemark>
				<Placemark>
					<name>Safaniya Oil Field (Offshore)</name>
					<description>Status: Operational
Operator: Saudi Aramco
Role: The world&apos;s largest offshore oil field — shallow-water Persian Gulf, ~265 km north of Dhahran, producing since 1957; the backbone of the Arabian Heavy export grade
Capacity: ~1.3 million b/d maximum sustained capacity; a long-term expansion programme (jackets, platforms, tie-ins) is part of Aramco&apos;s offshore maintain-potential effort
Connectivity: Offshore gathering to onshore processing, then the Ras Tanura export system
Recent: 2026 — heavy-grade exports constrained by the Hormuz closure; offshore infrastructure inside the Gulf cannot reroute west without passing onshore processing first
Risks: Offshore facilities within range of regional drones and naval incidents; heavy-crude demand cycles; ageing shallow-water infrastructure</description>
					<styleUrl>#msn_target2</styleUrl>
					<Point>
						<coordinates>48.78367847480708,28.01910515921066,0</coordinates>
					</Point>
				</Placemark>
				<Placemark>
					<name>Liza Field / FPSO Station</name>
					<description>Status: Operational
Operator: ExxonMobil 45% (operator); Chevron 30% (via Hess); CNOOC 25%
Role: Deepwater Stabroek Block field ~190 km off Guyana (1,500–1,900 m water); two FPSOs — Liza Destiny (Phase 1) and Liza Unity (Phase 2)
Capacity: Destiny ~120,000 b/d; Unity up to 220,000 b/d (peak 252,000)
Recent: The Stabroek Block hit 900,000 b/d in November 2025 across four FPSOs; targeting 1.7 million b/d by 2030 across eight developments
Risks: The Venezuela–Guyana Essequibo dispute before the ICJ (March 2025 naval incursion near the Payara FPSO); deepwater operational and spill risk</description>
					<styleUrl>#msn_target2</styleUrl>
					<Point>
						<coordinates>-56.917,8.016999999999999,0</coordinates>
					</Point>
				</Placemark>
				<Placemark>
					<name>Girassol Field / FPSO</name>
					<description>Status: Operational
Operator: TotalEnergies 38% (operator); Equinor 22%, ExxonMobil 19%, Azule Energy 15%, Sonangol 5%
Role: Deepwater Block 17 FPSO ~150 km off Angola — commingles the Girassol, Jasmim and Rosa streams; loads offshore via a CALM buoy
Capacity: Peaked above 200,000 b/d; ~90,000 boe/d by 2021; Block 17&apos;s four FPSOs together produce ~440,000 boe/d
Recent: Block 17 has produced ~3 billion bbl since 2001, with over 1 billion still estimated recoverable
Risks: Mature decline sustained by infill drilling and the GirRI redevelopment; deepwater operations; long-haul export logistics</description>
					<styleUrl>#msn_target2</styleUrl>
					<Point>
						<coordinates>11.683,-7.652999999999999,0</coordinates>
					</Point>
				</Placemark>
				<Placemark id="08D3B7F3C13F53A3A3E4">
					<name>Lunskoye Gas Field (Offshore)</name>
					<description>Status: Operational</description>
					<LookAt>
						<longitude>144</longitude>
						<latitude>51.40000000000001</latitude>
						<altitude>0</altitude>
						<heading>0</heading>
						<tilt>0</tilt>
						<gx:fovy>35</gx:fovy>
						<range>629.4335268571252</range>
						<altitudeMode>relativeToGround</altitudeMode>
					</LookAt>
					<styleUrl>#msn_target2</styleUrl>
					<Point>
						<extrude>1</extrude>
						<coordinates>144,51.4,0</coordinates>
					</Point>
				</Placemark>
				<Placemark id="044DBAACAE3F53A62729">
					<name>Piltun-Astokhskoye Oil Field</name>
					<description>Status: Operational</description>
					<LookAt>
						<longitude>144.2</longitude>
						<latitude>52.09999999999999</latitude>
						<altitude>0</altitude>
						<heading>0</heading>
						<tilt>0</tilt>
						<gx:fovy>35</gx:fovy>
						<range>619.0072124953833</range>
						<altitudeMode>relativeToGround</altitudeMode>
					</LookAt>
					<styleUrl>#msn_target2</styleUrl>
					<Point>
						<extrude>1</extrude>
						<coordinates>144.2,52.09999999999999,0</coordinates>
					</Point>
				</Placemark>
				<Placemark>
					<name>Hebron-Ben Nevis oil field</name>
					<description>Status: Operational
Operator: ExxonMobil Canada 36% (operator); Chevron 27%, Suncor 23%, Equinor 10%, NL Hydro 4%
Role: Gravity-based platform in the Jeanne d&apos;Arc Basin ~350 km south-east of St. John&apos;s — Canada&apos;s largest offshore platform; crude exported via Whiffen Head
Capacity: Designed for ~150,000 b/d average over 30 years (peak ~250,000); ~700 million bbl producible
Recent: 2025 curtailments — a January shuttle-tanker collision at the Whiffen Head jetty plus tanker shortages and weather; a December 2023 approval added Jeanne d&apos;Arc sands with reserves revised sharply upward using existing infrastructure
Risks: Harsh North Atlantic weather; shuttle-tanker logistics; single export terminal</description>
					<LookAt>
						<longitude>-48.48480172021237</longitude>
						<latitude>46.45951239102587</latitude>
						<altitude>0</altitude>
						<heading>1.443206367637195</heading>
						<tilt>0</tilt>
						<range>537383.3624242913</range>
						<gx:altitudeMode>relativeToSeaFloor</gx:altitudeMode>
					</LookAt>
					<styleUrl>#msn_target2</styleUrl>
					<Point>
						<gx:drawOrder>1</gx:drawOrder>
						<coordinates>-48.50164494640178,46.52184234093943,0</coordinates>
					</Point>
				</Placemark>
				<Placemark id="0501746E9A402134DD91">
					<name>Forties field</name>
					<description>Status: Reduced
Operator: Apache / APA Corporation (bought BP&apos;s 96% stake in 2003 for $812m); the pipeline system is separately owned by INEOS FPS
Role: The historic North Sea field — discovered by BP in 1970, onstream 1975; gives its name to Forties Blend and the Forties Pipeline System
Capacity: Peaked at 500,000 b/d in 1979; ~10,000 b/d by 2025 — an active wind-down
Recent: A 2025 court dispute over decommissioning security modelled a 2026 cessation; Apache disputes this and seeks 2030+, while cutting capex and halting new North Sea drilling; a multi-year plug-and-abandonment campaign began in 2026
Risks: End-of-field-life and decommissioning liabilities — though the Forties Blend grade outlives the field, fed by ~85 fields through the FPS</description>
					<LookAt>
						<longitude>0.9186999999999999</longitude>
						<latitude>57.73079999999998</latitude>
						<altitude>0</altitude>
						<heading>0</heading>
						<tilt>0</tilt>
						<gx:fovy>35</gx:fovy>
						<range>532.5658184417654</range>
						<altitudeMode>relativeToGround</altitudeMode>
					</LookAt>
					<styleUrl>#msn_target2</styleUrl>
					<Point>
						<extrude>1</extrude>
						<coordinates>0.9187,57.7308,0</coordinates>
					</Point>
				</Placemark>
				<Placemark id="041F6D2F9A3F2D8A9E60">
					<name>Azeri–Chirag–Gunashli (ACG) offshore fields</name>
					<description>Status: Operational
Operator: BP 30.37% (operator, AIOC consortium); SOCAR 31.66%, MOL 9.57%, INPEX, ExxonMobil, TPAO, Itochu, ONGC
Role: Giant Caspian complex ~120 km off Azerbaijan — the Azeri, Chirag and Deepwater Gunashli fields; oil evacuated via the Sangachal terminal and the BTC line
Capacity: Peaked at 885,000 b/d in 2010; ~339,000 b/d by Q1 2024; ~5 billion bbl in place
Recent: The PSA runs to 2049; first commercial non-associated gas production began in 2026 (West Chirag) — a ~4 Tcf resource repositioning ACG as an integrated oil-and-gas asset, partly for European gas supply
Risks: Mature oil decline; gas-project execution; Caspian geopolitics</description>
					<LookAt>
						<longitude>50.62925810575383</longitude>
						<latitude>40.31495926866652</latitude>
						<altitude>-29.26644194375231</altitude>
						<heading>0</heading>
						<tilt>0</tilt>
						<gx:fovy>35</gx:fovy>
						<range>2006.279144913715</range>
						<altitudeMode>absolute</altitudeMode>
					</LookAt>
					<styleUrl>#msn_target2</styleUrl>
					<Point>
						<coordinates>50.6310207433263,40.31494372331125,-29.26632843024284</coordinates>
					</Point>
				</Placemark>
				<Placemark>
					<name>Ekofisk oil field</name>
					<description>Status: Operational
Operator: ConocoPhillips Skandinavia 35.11% (operator); TotalEnergies 39.90% (largest holder); Vår Energi, Equinor, Petoro
Role: Norway&apos;s first major North Sea discovery (1969), producing since June 1971 — hub of the Greater Ekofisk Area; a chalk reservoir famous for seabed subsidence and the record platform-jacking fix
Capacity: Water injection lifted expected recovery from 17% to over 50%; NOK 167.6bn invested through 2024
Recent: Licences extended to 2048; the $1.8bn PPF project (sanctioned Dec 2025) revives three shut-in gas-condensate fields tied back to the complex — 90–120 MMboe, first production Q4 2028; Eldfisk North also progressing
Risks: Chalk compaction and subsidence; late-life costs; North Sea weather</description>
					<LookAt>
						<longitude>2.919449452013105</longitude>
						<latitude>56.76901949887971</latitude>
						<altitude>0</altitude>
						<heading>-15.03664502443991</heading>
						<tilt>10.11863648707507</tilt>
						<range>2026.933591324901</range>
						<gx:altitudeMode>relativeToSeaFloor</gx:altitudeMode>
					</LookAt>
					<styleUrl>#msn_target2</styleUrl>
					<Point>
						<gx:drawOrder>1</gx:drawOrder>
						<coordinates>2.911074482369678,56.76988925135856,0</coordinates>
					</Point>
				</Placemark>
				<Placemark>
					<name>Dalia oil field</name>
					<description>Status: Operational
Operator: TotalEnergies; same Block 17 consortium as Girassol (TotalEnergies 38%, Equinor 22%, ExxonMobil 19%, Azule 15%, Sonangol 5%)
Role: Deepwater FPSO on Block 17 off Angola (~1,255 m water) — one of four with Girassol, Pazflor and CLOV
Capacity: Peaked ~240,000 b/d (2010); ~487 million bbl remaining recoverable (68% already produced); guided to an economic limit around 2046
Recent: Block-wide decline offset by the Begonia subsea tieback (~30,000 b/d) and CLOV Phase 3 infill drilling
Risks: Mature decline; reliance on tiebacks rather than new discoveries; deepwater operations</description>
					<LookAt>
						<longitude>11.86216451188587</longitude>
						<latitude>-7.705044123770327</latitude>
						<altitude>0</altitude>
						<heading>-0.0127871096525886</heading>
						<tilt>0</tilt>
						<range>158378.8510473134</range>
						<gx:altitudeMode>relativeToSeaFloor</gx:altitudeMode>
					</LookAt>
					<styleUrl>#msn_target2</styleUrl>
					<Point>
						<gx:drawOrder>1</gx:drawOrder>
						<coordinates>11.76547008379531,-7.681598380267438,0</coordinates>
					</Point>
				</Placemark>
				<Placemark>
					<name>Johan Sverdrup</name>
					<description>Status: Operational
Operator: Equinor 42.63% (operator); Aker BP 31.57%, Petoro 17.36%, TotalEnergies 8.44%
Role: Norway&apos;s largest producing field, on the Utsira High — up to 30% of Norwegian shelf oil; supplies shore power to neighbouring fields
Capacity: Plateau 755,000 boe/d; ~2.7 billion boe recoverable with a 70%+ recovery target; carbon intensity 0.67 kg CO₂/bbl versus ~15 kg global average, via shore electrification
Recent: Equinor guided (Feb 2026) to a 10–20% output decline in 2026 as the field matures; Phase 3 sanctioned July 2025 ($1.3bn, startup 2027) and Phase 4 (Tonjer/Geitungen, targeting 2029) aim to slow it
Risks: Decline now underway; sequential tie-back execution; mature-basin cost inflation</description>
					<LookAt>
						<longitude>3.737277919179471</longitude>
						<latitude>58.46995167175224</latitude>
						<altitude>0</altitude>
						<heading>-14.39403249332283</heading>
						<tilt>0</tilt>
						<range>402631.0193810959</range>
						<gx:altitudeMode>relativeToSeaFloor</gx:altitudeMode>
					</LookAt>
					<styleUrl>#msn_target2</styleUrl>
					<Point>
						<gx:drawOrder>1</gx:drawOrder>
						<coordinates>2.060689510003799,59.04554284978791,0</coordinates>
					</Point>
				</Placemark>
				<Placemark>
					<name>Sans titre - Trajet</name>
					<styleUrl>#msn_target2</styleUrl>
					<LineString>
						<tessellate>1</tessellate>
						<coordinates>
							48.80874873833196,27.99867352529601,0 48.86588190689615,28.00364574405151,0 
						</coordinates>
					</LineString>
				</Placemark>
			</Folder>
		</Folder>
		<Folder>
			<name>Refineries</name>
			<open>1</open>
			<Folder>
				<name>Mega-refineries</name>
				<Placemark>
					<name>ISAB Refinery – Priolo Gargallo</name>
					<description>Status: Operational
Owner: ISAB — GOI Energy (Cyprus) with Trafigura supply and offtake agreements; Ludoil Capital signed in May 2026 to acquire 51% and return the plant to Italian ownership, pending Golden Power approval
Capacity: 320,000 b/d — Italy&apos;s largest refining complex (~20% of national capacity), three interconnected production sites across Priolo, Augusta and Melilli, with a 540 MW cogeneration plant
Feedstock: Mediterranean cargo market — the crude slate rebuilt from scratch after losing Urals in the 2022 embargo
Main products: Gasoline, diesel, jet, fuel oil, petrochemical feedstocks for the Priolo cluster
Markets: Italy (about a quarter of its petrol) and Mediterranean cargo trade
Recent: The most owned refinery in Europe — Lukoil until the embargo, trusteeship, GOI/Trafigura from 2023, court-supervised crisis negotiations exited February 2026, the Ludoil deal signed May 2026; declared of national strategic interest by decree
Strategic role: The physical anchor of the CIF Augusta pricing zone — and the market&apos;s live case study in what sanctions do to a merchant refinery&apos;s ownership, feedstock and finances at once
Risks: Ownership-transition execution; merchant-refinery margin exposure; the cluster&apos;s future if any transition stalls</description>
					<styleUrl>#msn_volcano1</styleUrl>
					<Point>
						<coordinates>15.21860847060068,37.12350745289949,0</coordinates>
					</Point>
				</Placemark>
				<Placemark>
					<name>Saras Sarroch Refinery (Sardinia)</name>
					<description>Status: Operational
Owner: Saras — controlled by Vitol since 2024, when the trading house bought out the founding Moratti family and delisted the company
Capacity: ~300,000 b/d at Sarroch on the Gulf of Cagliari — one of the Mediterranean&apos;s largest merchant refineries, ~15% of Italian capacity, with a 575 MW gasification power plant integrated
Feedstock: A famously flexible slate bought cargo by cargo on the Med market
Main products: Gasoline, diesel, jet — heavily export-oriented into Mediterranean and Atlantic trade
Markets: The cargo market itself: Saras products are a staple of Med pricing windows
Recent: The Vitol takeover completed the era&apos;s pattern — trading houses buying the merchant refineries that make their cargoes (Trafigura at ISAB&apos;s side, Vitol here and at ATAŞ)
Strategic role: The purest merchant refinery in the pricing zone — no captive market, no captive crude: the plant that lives entirely on the spreads this hub&apos;s assessments describe
Risks: Total margin exposure; single-site company; trader-ownership concentration of Med refining</description>
					<styleUrl>#msn_volcano</styleUrl>
					<Point>
						<coordinates>9.017962924003253,39.0755076496107,0</coordinates>
					</Point>
				</Placemark>
				<Placemark>
					<name>BP Whiting Refinery</name>
					<description>Status: Operational
Owner: BP
Capacity: ~435,000 b/d — the largest refinery in the US Midwest, on Lake Michigan at the edge of the Chicago conurbation
Feedstock: Canadian heavy above all — the 2013 modernisation rebuilt it around oil-sands crude delivered by the Enbridge Mainline system
Main products: Gasoline, diesel and jet for the Chicago and Great Lakes market
Markets: The Midwest demand heartland
Recent: A February 2024 power outage shut the whole plant for weeks and moved Midwest gasoline prices — the demonstration of single-plant regional dependence
Strategic role: The largest single customer of the Hardisty barrel — the demand anchor that justifies the whole Mainline corridor on this map
Risks: Regional over-dependence on one plant; heavy-crude supply politics; Lake Michigan environmental scrutiny</description>
					<styleUrl>#msn_volcano2</styleUrl>
					<Point>
						<coordinates>-87.48055186012026,41.66498725731525,0</coordinates>
					</Point>
				</Placemark>
				<Placemark>
					<name>Phillips 66 / Cenovus Wood River Refinery</name>
					<description>Status: Operational
Owner: WRB Refining — Phillips 66 operator, 50/50 with Cenovus
Capacity: ~356,000 b/d on the Mississippi opposite St. Louis — the anchor of the Wood River terminal junction
Feedstock: Canadian heavy (the Cenovus stake exists precisely to place oil-sands barrels) plus Cushing-system light via Ozark
Main products: Gasoline, diesel, jet, asphalt for the Midwest
Markets: St. Louis and the central Midwest
Strategic role: The refinery whose appetite made Wood River a hub — a JV that vertically integrates a Canadian producer into US refining, the demand-side answer to the Hardisty story
Risks: Heavy-light differential swings; Mississippi flood exposure; regional margin cycles</description>
					<styleUrl>#msn_volcano0</styleUrl>
					<Point>
						<coordinates>-90.07014680501794,38.84145802070584,0</coordinates>
					</Point>
				</Placemark>
				<Placemark>
					<name>ExxonMobil Baton Rouge Refinery</name>
					<description>Status: Operational
Owner: ExxonMobil
Capacity: ~520,000 b/cd — among the ten largest US refineries, operating since 1909 on the Mississippi&apos;s east bank
Feedstock: Domestic and imported grades by river dock, pipeline and the St. James hub downstream
Main products: Fuels plus one of the world&apos;s great chemical integrations — the refinery feeds adjacent olefins, aromatics, polymer and resin-finishing plants and a lubricants business across one urban complex
Markets: US Gulf and Midwest systems; chemical exports
Recent: Capacity trimmed from ~540,000 in the 2020s as the site optimised toward chemicals — the American mirror of the fuels-to-chemicals shift your Asian refineries show
Strategic role: The upriver anchor of the Louisiana refining row — a century-old complex that turned into a chemistry campus
Risks: Mississippi flood and hurricane exposure; urban interface; ageing-unit management at scale</description>
					<styleUrl>#msn_volcano3</styleUrl>
					<Point>
						<coordinates>-91.18000000000002,30.48,0</coordinates>
					</Point>
				</Placemark>
				<Placemark>
					<name>Valero St. Charles Refinery</name>
					<description>Status: Operational
Owner: Valero Energy
Capacity: ~340,000 b/d throughput at Norco on the river&apos;s west bank — the largest plant in Valero&apos;s Gulf system
Feedstock: Heavy sour and medium grades — deep conversion with coking and hydrocracking
Main products: Gasoline, diesel, jet — heavily export-oriented toward Latin America
Markets: US Gulf and the Atlantic Basin product trade
Strategic role: The export specialist of the river row — Louisiana products loading straight into the hemispheric market
Risks: Hurricane corridor (Ida 2021 shut the river row for weeks); heavy-crude supply economics; export-demand cycles</description>
					<styleUrl>#msn_volcano3</styleUrl>
					<Point>
						<coordinates>-90.44,29.98,0</coordinates>
					</Point>
				</Placemark>
				<Placemark>
					<name>ExxonMobil Baytown Complex</name>
					<description>Status: Operational
Owner: ExxonMobil
Capacity: ~560,000–588,000 b/d across a ~3,400-acre complex on the Houston Ship Channel — one of the largest integrated refining-petrochemical sites on Earth, operating since 1919
Feedstock: Domestic and imported crudes via the Ship Channel and Texas pipeline grid
Main products: Fuels plus a giant chemical side — olefins, aromatics, polymers, with over 22,000 workers and contractors on site
Markets: US domestic and exports through the Houston complex
Recent: A 2025 explosion at the olefins plant underscored the risk side of extreme integration; a large low-carbon hydrogen project has been planned for the site
Strategic role: ExxonMobil&apos;s home-base flagship — refinery, chemicals and research on one fence line inside the Houston pricing ring
Risks: Industrial incidents at integrated scale; hurricane and channel exposure; petrochemical margin weakness</description>
					<styleUrl>#msn_volcano3</styleUrl>
					<Point>
						<coordinates>-95.01000000000001,29.74,0</coordinates>
					</Point>
				</Placemark>
				<Placemark>
					<name>Mina Abdullah Refinery</name>
					<description>Status: Operational
Owner: Kuwait National Petroleum Company (KNPC)
Capacity: 454,000 b/d — the larger half of the merged 800,000 b/d KNPC complex created with Mina al-Ahmadi under the ~$16bn Clean Fuels Project
Feedstock: Kuwaiti crude from the Ahmadi gathering system
Main products: Euro-5 gasoline and ultra-low-sulphur diesel, jet fuel, LPG, low-sulphur fuel oil, petcoke, sulphur
Markets: Domestic supply and Asian/European product exports via the Shuaiba oil berth and the refinery&apos;s Sea Island
Recent: Running as the volume engine of the merged complex while KNPC pushes combined capacity from ~798,600 toward 825,000 b/d; the 2026 war put the whole coastal strip inside the drone-threat perimeter demonstrated at Mina al-Ahmadi in March
Strategic role: With MAA and Al Zour, one of the three pillars that make Kuwait a top-tier product exporter despite having no crude bypass
Risks: Hormuz dependence for every cargo; single coastal strip concentration; drone and missile exposure</description>
					<styleUrl>#msn_volcano3</styleUrl>
					<Point>
						<coordinates>48.15082373212186,29.0046758806138,0</coordinates>
					</Point>
				</Placemark>
				<Placemark>
					<name>SATORP Jubail Refinery</name>
					<description>Status: Operational
Owner: Saudi Aramco 62.5%, TotalEnergies 37.5%
Capacity: ~460,000 b/d — one of the world&apos;s most complex full-conversion refineries, built to run Arabian Heavy
Feedstock: Arabian Heavy crude from the eastern system
Main products: Ultra-low-sulphur diesel and gasoline, jet fuel, LPG, petcoke, paraxylene, benzene
Markets: Export-oriented toward Asia and Europe, plus domestic supply
Recent: The $11bn Amiral expansion under construction — a mixed-feed cracker integrating the refinery into one of the region&apos;s largest petrochemical complexes, start-up targeted 2027
Strategic role: The model Aramco downstream JV — heavy crude in, premium products and chemicals out, on the Gulf coast
Risks: Hormuz dependence for exports; construction execution; petrochemical margin cycles</description>
					<styleUrl>#msn_volcano3</styleUrl>
					<Point>
						<coordinates>49.49794482580032,26.96144651057338,0</coordinates>
					</Point>
				</Placemark>
				<Placemark>
					<name>SASREF Jubail Refinery</name>
					<description>Status: Operational
Owner: Saudi Aramco (100% since buying out Shell&apos;s 50% in 2019)
Capacity: ~305,000 b/d
Feedstock: Arabian Light from the eastern system
Main products: Diesel, jet/kerosene, naphtha, LPG, fuel oil, sulphur
Markets: Export-focused with domestic supply obligations
Recent: Integration deepened into Aramco&apos;s wholly-owned refining system after the Shell exit; debottlenecking studies toward higher capacity
Strategic role: The older half of the Jubail refining pair — Aramco&apos;s proof it can run ex-JV assets alone
Risks: Hormuz dependence; competition from newer, more complex plants; ageing units</description>
					<styleUrl>#msn_volcano3</styleUrl>
					<Point>
						<coordinates>49.60856603511597,27.04594220541318,0</coordinates>
					</Point>
				</Placemark>
				<Placemark>
					<name>Jazan Refinery &amp; IGCC Complex</name>
					<description>Status: Operational
Owner: Saudi Aramco
Capacity: ~400,000 b/d, integrated with one of the world&apos;s largest gasification/combined-cycle power complexes (IGCC) running on refinery residues
Feedstock: Arabian Heavy and Medium delivered by tanker to the adjacent terminal
Main products: Gasoline, ultra-low-sulphur diesel, jet fuel; power for the southern grid
Markets: Product exports via the Red Sea plus southern domestic supply
Recent: Ramped through the mid-2020s after phased commissioning; sits in the far south-west — inside the zone the Houthi campaign has made the Red Sea&apos;s most dangerous, and the July 2026 threat declaration against Saudi ports lands closest here
Strategic role: Aramco&apos;s southern outpost — a Red Sea export refinery deliberately far from the Gulf, now testing whether distance from Hormuz equals safety
Risks: Houthi missile/drone range; remote logistics; IGCC operational complexity</description>
					<styleUrl>#msn_volcano3</styleUrl>
					<Point>
						<coordinates>42.6,16.8,0</coordinates>
					</Point>
				</Placemark>
				<Placemark>
					<name>Petro Rabigh Refinery &amp; Petrochemical Complex</name>
					<description>Status: Operational
Owner: Petro Rabigh — Saudi Aramco ~60% (raised in 2024 by acquiring half of Sumitomo Chemical&apos;s stake), Sumitomo Chemical retaining a reduced share
Capacity: ~400,000 b/d integrated with a large ethane/naphtha petrochemical complex on the Red Sea
Feedstock: Arabian crude delivered via the west-coast system, plus ethane
Main products: Gasoline, diesel, jet, fuel oil; ethylene and propylene derivatives, aromatics
Markets: Red Sea product exports and Asian petrochemical sales
Recent: Recapitalised and restructured in 2024 as Aramco took control — years of losses made it the problem child of the downstream portfolio
Strategic role: The Red Sea&apos;s integrated refining-petrochemical site, between Jeddah and Yanbu on the non-Hormuz coast
Risks: Chronic financial underperformance; petrochemical margins; Red Sea shipping insecurity</description>
					<styleUrl>#msn_volcano3</styleUrl>
					<Point>
						<coordinates>39.01570632996394,22.71634539179698,0</coordinates>
					</Point>
				</Placemark>
				<Placemark>
					<name>YASREF Yanbu Refinery</name>
					<description>Status: Operational
Owner: Saudi Aramco 62.5%, Sinopec 37.5%
Capacity: ~400,000 b/d full-conversion, running Arabian Heavy
Main products: Ultra-low-sulphur diesel and gasoline, petcoke, sulphur — an export machine
Markets: Asia and Europe from the Yanbu terminals
Recent: The Chinese anchor in Saudi downstream — Sinopec&apos;s stake mirrors Aramco&apos;s push into Chinese refining; central to the 2026 westbound rerouting as Yanbu became the kingdom&apos;s working export gate
Strategic role: One-third of the Yanbu refining cluster (with SAMREF and the domestic Aramco plant) that turns Petroline crude into Red Sea product exports without touching Hormuz
Risks: Red Sea shipping insecurity and the July 2026 Houthi threat perimeter; heavy-crude conversion economics</description>
					<styleUrl>#msn_volcano3</styleUrl>
					<Point>
						<coordinates>38.29210024379836,23.9563141046452,0</coordinates>
					</Point>
				</Placemark>
				<Placemark>
					<name>SAMREF Yanbu Refinery</name>
					<description>Status: Operational
Owner: Saudi Aramco Mobil Refinery — Aramco 50%, ExxonMobil 50%
Capacity: ~400,000 b/d
Feedstock: Arabian Light delivered by Petroline
Main products: Gasoline, diesel, jet, naphtha, LPG, fuel oil
Markets: Red Sea exports and western domestic supply
Recent: Clean-fuels upgrades completed in the 2020s; running as part of the Yanbu cluster that carried Saudi exports through the 2026 Hormuz closure
Strategic role: The veteran of the west-coast strategy — proof since the 1980s that Saudi barrels can reach the Atlantic basin without the strait
Risks: Red Sea insecurity; ageing units against newer competitors; JV alignment</description>
					<styleUrl>#msn_volcano3</styleUrl>
					<Point>
						<coordinates>38.24087883288776,23.98142196732807,0</coordinates>
					</Point>
				</Placemark>
				<Placemark>
					<name>ENEOS Mizushima Refinery</name>
					<description>Status: Operational
Owner: ENEOS
Capacity: 350,200 b/d — Japan&apos;s largest refinery, formed by integrating two adjacent plants (A and B, both dating to 1961) after the JX-era mergers; deep conversion on both trains (hydrocracking on A, coking on B)
Feedstock: Imported crude via the Port of Mizushima on the Seto Inland Sea
Main products: Full fuel slate, lubricant base oils (ENEOS&apos;s only remaining base-oil site — 411,000 t/yr — after Negishi closed 2022 and Wakayama 2023), petroleum coke, naphtha and aromatics
Markets: Nationwide shipping; feeds the surrounding Mizushima petrochemical, steel and power complex directly
Recent: 2025 — the B-train&apos;s No. 3 CDU in scheduled maintenance from February, its No. 2 CDU hit by an unplanned April shutdown; ENEOS had studied closing Kashima or Mizushima in 2020 — both still run
Strategic role: The volume anchor of Japanese refining and of the Seto Inland Sea industrial belt
Risks: Two-train complexity and outage exposure; national demand decline; earthquake/tsunami exposure on the Inland Sea</description>
					<LookAt>
						<longitude>133.7521408548801</longitude>
						<latitude>34.49869725271448</latitude>
						<altitude>0</altitude>
						<heading>0.0001848471412700707</heading>
						<tilt>0</tilt>
						<range>6002.399875195195</range>
						<gx:altitudeMode>relativeToSeaFloor</gx:altitudeMode>
					</LookAt>
					<styleUrl>#msn_volcano3</styleUrl>
					<Point>
						<gx:drawOrder>1</gx:drawOrder>
						<coordinates>133.7511603451114,34.49513776607569,0</coordinates>
					</Point>
				</Placemark>
				<Placemark>
					<name>OMV Schwechat refinery</name>
					<description>Status: Operational
Owner: OMV (Austrian state ~31.5% via ÖBAG, ADNOC ~24.9%)
Capacity: ~9.6 Mt/yr (~200,000 b/d); integrated with Borealis polyolefins on site
Feedstock: Crude via the Adria-Wien Pipeline (AWP), a TAL branch from Trieste — no seaborne access; some Danube barge supply
Main products: Diesel, gasoline, jet fuel (Vienna Airport next door), heating oil, petrochemical feedstocks
Markets: Austria; Vienna Airport
Renewables: Co-processing of renewable feedstocks; sustainable-fuel capacity under development
Recent: June 2022 — a distillation column collapsed during a pressure test, idling much of the plant for months; Austria released strategic reserves. Back at full rates since
Strategic role: Austria&apos;s only refinery — a landlocked site entirely dependent on the Trieste/TAL corridor, the Austrian twin of Bayernoil&apos;s supply logic
Risks: Single-corridor crude supply (TAL/AWP); 2022 incident history; Danube low water limits barge alternatives; European margins</description>
					<LookAt>
						<longitude>16.50303504586184</longitude>
						<latitude>48.1457321431847</latitude>
						<altitude>0</altitude>
						<heading>0.002709167331172165</heading>
						<tilt>0</tilt>
						<range>5254.806530115478</range>
						<gx:altitudeMode>relativeToSeaFloor</gx:altitudeMode>
					</LookAt>
					<styleUrl>#msn_volcano3</styleUrl>
					<Point>
						<gx:drawOrder>1</gx:drawOrder>
						<coordinates>16.50303504586183,48.1457321431847,0</coordinates>
					</Point>
				</Placemark>
				<Placemark>
					<name>Godorf refinery</name>
					<description>Status: Operational
Owner: Shell Deutschland
Capacity: ~187,000 b/d — now the only crude unit of the Shell Energy &amp; Chemicals Park Rheinland (Wesseling&apos;s ~147,000 b/d distillation ended March 2025)
Feedstock: Seaborne crude from Rotterdam via the Rotterdam–Rhine Pipeline (RRP)
Main products: Diesel, gasoline, jet, heating oil, naphtha; vacuum gasoil piped to Wesseling&apos;s base-oil plant
Markets: North Rhine-Westphalia; naphtha to the LyondellBasell and INEOS crackers; products into the Rhine-Main pipeline (RMR), whose control centre sits at Godorf
Recent: 2025–26 — park reconfigured (crude only at Godorf); 10 MW electrolyser and biomethane plant on site; Godorf&apos;s Rhine berth cut off from ARA barges in the 2025 and 2026 low-water episodes
Strategic role: The last crude distillation in the Cologne cluster — anchor of naphtha supply to one of Europe&apos;s densest petrochemical zones, and the origin of the RMR
Risks: Cluster naphtha shortfall as regional refining shrinks (ICIS: −0.75 to −1 Mt/yr light naphtha); Rhine low water; European margins</description>
					<LookAt>
						<longitude>6.991539715724068</longitude>
						<latitude>50.85582821441113</latitude>
						<altitude>0</altitude>
						<heading>0.01175405588692835</heading>
						<tilt>2.801482030379501</tilt>
						<range>9192.741137009965</range>
						<gx:altitudeMode>relativeToSeaFloor</gx:altitudeMode>
					</LookAt>
					<styleUrl>#msn_volcano3</styleUrl>
					<Point>
						<gx:drawOrder>1</gx:drawOrder>
						<coordinates>6.981834889620369,50.85826225900781,0</coordinates>
					</Point>
				</Placemark>
				<Placemark id="ADDPCK00000000000001">
					<name>PCK Schwedt Refinery</name>
					<description>Status: Reduced
Owner: Rosneft ~54% (under German federal trusteeship since Sept 2022; permanent state control cleared by the European Commission in 2026), Shell ~37.5%, Eni ~8%
Capacity: ~11.6 Mt/yr (~230,000 b/d nameplate); running below capacity since the loss of Russian pipeline crude
Feedstock: Historically Russian Urals via Druzhba (ended Jan 2023); now seaborne crude via the Rostock–Schwedt pipeline and Gdańsk; Kazakh transit via Druzhba halted by Russia from May 2026
Main products: Gasoline, diesel, jet fuel, heating oil, bitumen
Markets: ~90% of fuels for Berlin and Brandenburg, incl. Berlin airport (BER)
Recent: May 2026 — Russia halted Kazakh transit; Germany secured a US sanctions exemption; ~€400m Rostock-route upgrade pursued
Strategic role: The centrepiece of Germany&apos;s post-2022 crude rerouting — where the Druzhba cut-off became a live logistics problem
Risks: Dependence on the small Rostock pipeline; ownership limbo; feedstock diversification costs; utilisation and margins</description>
					<styleUrl>#msn_volcano3</styleUrl>
					<Point>
						<coordinates>14.2365,53.0745,0</coordinates>
					</Point>
				</Placemark>
				<Placemark id="0BAD6318AD3E92734D19">
					<name>Gazprom Neft Omsk Refinery</name>
					<description>Status: Reduced
Owner: Gazprom Neft
Capacity: ~22 Mt/yr (~440,000–460,000 b/d) — Russia&apos;s largest refinery
Feedstock: Russian crude via the domestic pipeline network
Main products: Gasoline, diesel, jet fuel, LPG, bitumen, petroleum coke, sulphur, petrochemical feedstocks
Markets: Siberia, the Urals and the Russian domestic market; some exports to neighbours
Recent: July 2026 — a Ukrainian drone attack damaged major crude-distillation units and temporarily halted operations. 2024 throughput ~22 Mt, yielding ~5 Mt gasoline and ~8 Mt diesel
Strategic role: Critical supplier of transport fuels to Siberia and the domestic market
Risks: Long-range drone attacks; fires; sanctions and equipment-replacement constraints; severe winters; pipeline disruption</description>
					<LookAt>
						<longitude>73.29601615501225</longitude>
						<latitude>55.07671198744744</latitude>
						<altitude>132.7924446205419</altitude>
						<heading>348.1667833384008</heading>
						<tilt>0</tilt>
						<gx:fovy>35</gx:fovy>
						<range>25845.59989350848</range>
						<altitudeMode>absolute</altitudeMode>
					</LookAt>
					<styleUrl>#msn_volcano3</styleUrl>
					<Point>
						<coordinates>73.23182490608777,55.0636869098589,121.4742082917068</coordinates>
					</Point>
				</Placemark>
				<Placemark id="067D0BFC453F60C99838">
					<name>MiRO Karlsruhe Refinery — Mineraloelraffinerie Oberrhein</name>
					<description>Status: Operational
Owner: MiRO GmbH &amp; Co. KG — Shell 32.25%, ExxonMobil/Esso 25%, Rosneft Deutschland 24% (under German state trusteeship), Phillips 66 18.75%
Capacity: ~15 Mt/yr (~300,000 b/d) — Germany&apos;s largest refinery
Feedstock: Diverse imported crudes from Trieste via the Transalpine Pipeline (TAL); ~730,000 m³ of crude storage in 19 tanks
Main products: Gasoline, diesel, heating oil, jet components, LPG, propylene, bitumen, sulphur, petrochemical feedstocks
Markets: Baden-Württemberg, Bavaria and the Upper Rhine — supplies ~10 million people; about one-third of German gasoline originates here
Strategic role: The largest node of the TAL corridor and the fuel anchor of south-west Germany
Risks: TAL dependence; unit outages; Rhine logistics; European energy and carbon costs; sanctions-related ownership uncertainty</description>
					<LookAt>
						<longitude>8.3364487</longitude>
						<latitude>49.0529923</latitude>
						<altitude>0</altitude>
						<heading>0</heading>
						<tilt>0</tilt>
						<gx:fovy>35</gx:fovy>
						<range>1573.597768357931</range>
						<altitudeMode>relativeToGround</altitudeMode>
					</LookAt>
					<styleUrl>#msn_volcano3</styleUrl>
					<Point>
						<altitudeMode>relativeToGround</altitudeMode>
						<coordinates>8.336358799999999,49.0530041,0</coordinates>
					</Point>
				</Placemark>
				<Placemark id="0EE419DEE93EB14F572B">
					<name>Paraguaná Refinery Complex</name>
					<description>Status: Reduced
Owner: PDVSA
Capacity: ~955,000 b/d nominal (Amuay + Cardón; ~971,000 incl. Bajo Grande asphalt) — severely under-utilised
Feedstock: Venezuelan light, medium and heavy crudes from western Venezuela and the Orinoco
Main products: Gasoline, diesel, jet, LPG, naphtha, fuel oil, asphalt, petrochemical feedstocks
Markets: Venezuela&apos;s domestic market; historically the Caribbean and region
Recent: Feb 2026 ~287,000 b/d after a power-outage recovery; April 2026 ~237,000 b/d with four CDUs and one cat cracker running. June 2026 PDVSA–Repsol agreement aims to raise feedstock supply
Strategic role: Venezuela&apos;s largest refining complex and main source of domestic transport fuels
Risks: Chronic equipment failure; power outages; fires; sanctions; spare-parts and diluent shortages; very low utilisation</description>
					<LookAt>
						<longitude>-70.21436687959421</longitude>
						<latitude>11.63362088754329</latitude>
						<altitude>21.40784376444955</altitude>
						<heading>0</heading>
						<tilt>0</tilt>
						<gx:fovy>35</gx:fovy>
						<range>6459.276534434175</range>
						<altitudeMode>absolute</altitudeMode>
					</LookAt>
					<styleUrl>#msn_volcano3</styleUrl>
					<Point>
						<coordinates>-70.22578419359186,11.63155965959824,21.0681920978475</coordinates>
					</Point>
				</Placemark>
				<Placemark id="0FAB4BEFE33EB859A0B8">
					<name>ExxonMobil Antwerp Refinery</name>
					<description>Status: Operational
Owner: ExxonMobil (ExxonMobil Petroleum &amp; Chemical)
Capacity: ~320,000 b/d
Feedstock: Flexible imported slate, light sweet to heavy sour, via Antwerp&apos;s marine terminals and pipelines
Main products: LPG, gasoline, naphtha, jet/kerosene components, diesel, gasoil, fuel oil, sulphur, petrochemical feedstocks
Markets: Belgium, Netherlands, Germany, France and NW Europe
Recent: Output halted 29 June–3 July 2026 by industrial action; a planned Antwerp chemical-recycling investment was paused in 2025 pending EU recycled-content rules
Strategic role: One of Europe&apos;s largest integrated refining-petrochemical sites, inside the Antwerp trading, storage and pipeline hub
Risks: Labour disruption; unit outages; port congestion; Rhine/pipeline logistics; European energy and carbon costs; margins</description>
					<LookAt>
						<longitude>4.343410939707557</longitude>
						<latitude>51.25685391177716</latitude>
						<altitude>2.515600942033105</altitude>
						<heading>0</heading>
						<tilt>0</tilt>
						<gx:fovy>35</gx:fovy>
						<range>2113.435120219365</range>
						<altitudeMode>absolute</altitudeMode>
					</LookAt>
					<styleUrl>#msn_volcano3</styleUrl>
					<Point>
						<coordinates>4.340578162287001,51.25641690622821,2.515883136095622</coordinates>
					</Point>
				</Placemark>
				<Placemark id="0EE5A8447F3EB85EEA70">
					<name>TotalEnergies Antwerp Refinery &amp; Petrochemical Platform</name>
					<description>Status: Operational
Owner: TotalEnergies
Capacity: ~338,000 b/d
Feedstock: Imported crudes and intermediate streams via Antwerp&apos;s marine, storage and pipeline network
Main products: Gasoline, diesel, jet, LPG, naphtha, fuel oil, petrochemical feedstocks, HDPE
Markets: Belgium, Netherlands, Germany, France and NW Europe
Renewables: SAF co-processing ~50,000 t/yr, planned ~80,000 t/yr; ~15,000 t/yr of green hydrogen from a planned electrolyser
Recent: The platform&apos;s oldest steam cracker is to close by end-2027; the newer cracker and the refinery continue
Strategic role: TotalEnergies&apos; largest integrated platform in Europe, at the heart of the ARA hub
Risks: European energy and carbon costs; weak petrochemical margins; outages; port congestion; labour; environmental regulation</description>
					<LookAt>
						<longitude>4.334291939398032</longitude>
						<latitude>51.26479560021897</latitude>
						<altitude>1.036372484744541</altitude>
						<heading>0</heading>
						<tilt>0</tilt>
						<gx:fovy>35</gx:fovy>
						<range>4533.922255816288</range>
						<altitudeMode>absolute</altitudeMode>
					</LookAt>
					<styleUrl>#msn_volcano3</styleUrl>
					<Point>
						<coordinates>4.317788229043041,51.26549001148745,6.355669823855868</coordinates>
					</Point>
				</Placemark>
				<Placemark id="02F69AD5743E9267C470">
					<name>Kirishinefteorgsintez Refinery — KINEF</name>
					<description>Status: Reduced
Owner: Surgutneftegas (LLC PO Kirishinefteorgsintez)
Capacity: ~20 Mt/yr (~400,000 b/d); 2025 throughput reported near 18 Mt
Feedstock: Russian crude via the domestic pipeline network (Baltic Pipeline System corridor)
Main products: Gasoline, diesel, jet, fuel oil, bitumen, LPG, sulphur, paraffins, petrochemicals
Markets: St Petersburg and north-west Russia; product exports via Baltic ports
Recent: Repeated Ukrainian drone strikes in 2025–26 — a March 2026 attack halted operations, with another major disruption in May
Strategic role: One of Russia&apos;s two largest refineries and the only major one in its north-west
Risks: Drone attacks; sanctions; Baltic export disruption; pipeline interruption; fires; long outages</description>
					<LookAt>
						<longitude>32.04581125495781</longitude>
						<latitude>59.4955761427542</latitude>
						<altitude>16.99807707570836</altitude>
						<heading>0</heading>
						<tilt>0</tilt>
						<gx:fovy>35</gx:fovy>
						<range>12236.68886283296</range>
						<altitudeMode>absolute</altitudeMode>
					</LookAt>
					<styleUrl>#msn_volcano3</styleUrl>
					<Point>
						<coordinates>32.05590868165775,59.48546610128013,29.77185591988754</coordinates>
					</Point>
				</Placemark>
				<Placemark id="0B9F7FFC1F3EB858CF48">
					<name>Shell Pernis Refinery &amp; Chemicals Complex</name>
					<description>Status: Operational
Owner: Shell Nederland Raffinaderij B.V. (Shell plc)
Capacity: ~404,000 b/d — Europe&apos;s largest integrated refinery and chemicals site (60+ units)
Feedstock: Imported crudes and intermediate streams via Rotterdam&apos;s marine terminals and pipelines
Main products: Gasoline, diesel, jet, LPG, naphtha, fuel oil, lubricants, chemical feedstocks
Markets: Netherlands, Germany, Belgium and NW Europe
Recent: April 2026 — a ~200,000 b/d crude unit briefly shut and restarted after an unplanned issue. Shell cancelled its separate Rotterdam biofuels project in 2025 (~$1.4bn impairments)
Strategic role: The refining anchor of the Rotterdam hub
Risks: Unit outages; port congestion; Rhine logistics; European energy and carbon costs; environmental rules; margins</description>
					<LookAt>
						<longitude>4.369804719503279</longitude>
						<latitude>51.88771871747405</latitude>
						<altitude>0.04805541087296472</altitude>
						<heading>0</heading>
						<tilt>0</tilt>
						<gx:fovy>35</gx:fovy>
						<range>4701.185904776794</range>
						<altitudeMode>absolute</altitudeMode>
					</LookAt>
					<styleUrl>#msn_volcano3</styleUrl>
					<Point>
						<coordinates>4.367106929802704,51.88380538879633,3.084271584066616</coordinates>
					</Point>
				</Placemark>
				<Placemark id="008A4158003EB416D7A9">
					<name>Dangote Refinery</name>
					<description>Status: Operational
Owner: Dangote Industries Limited
Capacity: 650,000 b/d nominal; 2026 performance tests indicated up to ~700,000 b/d
Feedstock: Mainly Nigerian crude, supplemented by imports when required
Main products: Gasoline, diesel, jet fuel, LPG, naphtha
Markets: Nigeria, West and East Africa, Europe and selected international markets
Recent: Rising gasoline exports to Africa; became a major middle-distillate and jet supplier during the 2026 supply disruptions
Strategic role: Africa&apos;s largest refinery and a major source of products outside the Strait of Hormuz
Risks: Crude-supply constraints; unit outages; logistics bottlenecks; regulatory disputes; margin volatility</description>
					<LookAt>
						<longitude>4.013088028546123</longitude>
						<latitude>6.454799614886644</latitude>
						<altitude>4.133327311224482</altitude>
						<heading>0</heading>
						<tilt>0</tilt>
						<gx:fovy>35</gx:fovy>
						<range>5524.058916901122</range>
						<altitudeMode>absolute</altitudeMode>
					</LookAt>
					<styleUrl>#msn_volcano3</styleUrl>
					<Point>
						<coordinates>4.01895141048376,6.455546218835619,16.41382754321085</coordinates>
					</Point>
				</Placemark>
				<Placemark>
					<name>Irving oil refinery</name>
					<description>Status: Operational
Owner: Irving Oil (private, Canada)
Capacity: &gt;320,000 b/d — Canada&apos;s largest refinery
Feedstock: Imported Atlantic-basin, US and some Canadian offshore crude via the Canaport deep-water terminal
Main products: Gasoline, diesel, heating oil, jet, propane, asphalt, marine fuels
Markets: Eastern Canada and the US Northeast — more than half of output is exported to the US
Recent: C$100m modernisation of the fluid catalytic cracker announced
Strategic role: Key fuel supplier to Atlantic Canada and New England, backed by Canaport for crude imports and product exports
Risks: Imported-crude dependence; Atlantic weather; outages; US–Canada trade measures; marine logistics; margins</description>
					<LookAt>
						<longitude>-66.00550509302433</longitude>
						<latitude>45.27465835061997</latitude>
						<altitude>0</altitude>
						<heading>0.003010542139770549</heading>
						<tilt>3.644853886796894</tilt>
						<range>6423.506431494476</range>
						<gx:altitudeMode>relativeToSeaFloor</gx:altitudeMode>
					</LookAt>
					<styleUrl>#msn_volcano3</styleUrl>
					<Point>
						<gx:drawOrder>1</gx:drawOrder>
						<coordinates>-66.01049418254463,45.28217110784749,0</coordinates>
					</Point>
				</Placemark>
				<Placemark>
					<name>ExxonMobil Beaumont Refinery</name>
					<description>Status: Operational
Owner: ExxonMobil
Capacity: ~609,000 b/cd (~630,000 b/d post-expansion)
Feedstock: Mainly light Permian crude, plus other domestic and imported grades
Main products: Gasoline, diesel, jet, LPG, petrochemical feedstocks
Markets: US Gulf Coast and inland US; exports via Gulf terminals
Recent: A $2bn expansion started up in 2023, adding ~250,000 b/d — the largest US refinery expansion in over a decade
Strategic role: One of the three largest US refineries, tightly integrated with ExxonMobil&apos;s Permian production
Risks: Hurricanes and flooding; outages; pipeline/marine disruption; regulation; margins</description>
					<LookAt>
						<longitude>-94.07299999999998</longitude>
						<latitude>30.067</latitude>
						<altitude>0</altitude>
						<heading>-1.232464939067113e-14</heading>
						<tilt>0</tilt>
						<range>1000.000000000311</range>
						<gx:altitudeMode>relativeToSeaFloor</gx:altitudeMode>
					</LookAt>
					<styleUrl>#msn_volcano3</styleUrl>
					<Point>
						<gx:drawOrder>1</gx:drawOrder>
						<coordinates>-94.07299999999998,30.067,0</coordinates>
					</Point>
				</Placemark>
				<Placemark>
					<name>Marathon Garyville Refinery</name>
					<description>Status: Operational
Owner: Marathon Petroleum Corporation
Capacity: 617,000 b/cd
Feedstock: Broad slate — domestic and imported light, medium and heavy crudes
Main products: Gasoline, diesel, jet, NGLs, petrochemical feedstocks, heavy fuel oil, asphalt, propane
Markets: US Gulf Coast, inland US and exports by pipeline, barge, rail, truck and tanker
Recent: 2025 steam-efficiency programme exceeded target, cutting energy use and emissions; new optimisation investments disclosed
Strategic role: One of the largest and most flexible US refineries, with direct Mississippi River and multi-channel export access
Risks: Hurricanes; Mississippi logistics disruption; outages; flooding; regulation; margins</description>
					<LookAt>
						<longitude>-90.5928226263249</longitude>
						<latitude>30.0512760435198</latitude>
						<altitude>0</altitude>
						<heading>0.01039873602382889</heading>
						<tilt>0</tilt>
						<range>8956.616388362769</range>
						<gx:altitudeMode>relativeToSeaFloor</gx:altitudeMode>
					</LookAt>
					<styleUrl>#msn_volcano3</styleUrl>
					<Point>
						<gx:drawOrder>1</gx:drawOrder>
						<coordinates>-90.59575235303197,30.05976522535071,0</coordinates>
					</Point>
				</Placemark>
				<Placemark>
					<name>HD Hyundai Oilbank Daesan Refinery</name>
					<description>Status: Operational
Owner: HD Hyundai Oilbank (HD Hyundai group)
Capacity: ~520,000 b/d
Feedstock: Imported Middle Eastern crude, condensate and other grades
Main products: Gasoline, diesel, jet, naphtha, LPG, marine fuel, lubricants, petrochemical feedstocks
Markets: South Korea and NE/SE Asia exports
Renewables: 130,000 t/yr biodiesel plant operating since 2024
Recent: 2026 — Korea approved a restructuring of the Daesan petrochemical complex (HD Hyundai Oilbank, HD Hyundai Chemical, Lotte Chemical) to cut overcapacity
Strategic role: One of Korea&apos;s main export-oriented refining-petrochemical hubs
Risks: Imported-crude dependence; Hormuz and Asian shipping disruption; weak petrochemical margins; overcapacity; outages</description>
					<LookAt>
						<longitude>126.3840157245752</longitude>
						<latitude>36.9941026448362</latitude>
						<altitude>0</altitude>
						<heading>0.02019325774629341</heading>
						<tilt>0.9284721779205658</tilt>
						<range>13283.53273852548</range>
						<gx:altitudeMode>relativeToSeaFloor</gx:altitudeMode>
					</LookAt>
					<styleUrl>#msn_volcano3</styleUrl>
					<Point>
						<gx:drawOrder>1</gx:drawOrder>
						<coordinates>126.3655634051624,37.00010505273524,0</coordinates>
					</Point>
				</Placemark>
				<Placemark>
					<name>Mailiao Refinery – Formosa Petrochemical</name>
					<description>Status: Operational
Owner: Formosa Petrochemical Corporation (Formosa Plastics Group)
Capacity: ~540,000 b/d — Taiwan&apos;s largest privately owned refinery
Feedstock: Imported Middle Eastern crude, condensate and other grades
Main products: Gasoline, diesel, jet, LPG, naphtha, marine fuels, petrochemical feedstocks
Markets: Taiwan and NE/SE Asia exports
Recent: April 2025 ran ~68% (~370,000 b/d) for planned maintenance; Jan 2026 — shutdown of the oldest Mailiao steam cracker extended on weak petrochemical margins
Strategic role: Highly integrated refining-petrochemical complex linked to the No. 6 Naphtha Cracker site
Risks: Imported-crude dependence; Hormuz disruption; typhoons and port closures; maintenance outages; regional overcapacity</description>
					<LookAt>
						<longitude>120.1980097104116</longitude>
						<latitude>23.78764114531111</latitude>
						<altitude>0</altitude>
						<heading>0.003000477668049721</heading>
						<tilt>0</tilt>
						<range>12101.46074460528</range>
						<gx:altitudeMode>relativeToSeaFloor</gx:altitudeMode>
					</LookAt>
					<styleUrl>#msn_volcano3</styleUrl>
					<Point>
						<gx:drawOrder>1</gx:drawOrder>
						<coordinates>120.1928759574278,23.79623271130031,0</coordinates>
					</Point>
				</Placemark>
				<Placemark>
					<name>Ras Tanura Refinery</name>
					<description>Status: Operational
Owner: Saudi Aramco
Capacity: ~550,000 b/d — Saudi Arabia&apos;s largest refinery
Feedstock: Saudi crude and condensate from the eastern production system
Main products: LPG, naphtha, gasoline, jet/kerosene, diesel, heavy fuel oil, asphalt
Markets: Saudi domestic demand and exports, especially Asia, via the adjacent Ras Tanura marine terminal
Recent: Shut as a precaution after a drone strike on 2 March 2026, restarted 13 March; crude loadings at the terminal resumed in June 2026 after a prolonged disruption
Strategic role: Integrated with one of the world&apos;s most important crude export terminals
Risks: Hormuz disruption; drone/missile attacks; regional conflict; terminal shutdowns; shipping-security costs; outages</description>
					<LookAt>
						<longitude>50.10028412822979</longitude>
						<latitude>26.70432533147829</latitude>
						<altitude>0</altitude>
						<heading>-0.04104448495473049</heading>
						<tilt>3.197159145967889</tilt>
						<range>11857.98789791042</range>
						<gx:altitudeMode>relativeToSeaFloor</gx:altitudeMode>
					</LookAt>
					<styleUrl>#msn_volcano3</styleUrl>
					<Point>
						<gx:drawOrder>1</gx:drawOrder>
						<coordinates>50.09664256528943,26.69494080188317,0</coordinates>
					</Point>
				</Placemark>
				<Placemark id="03CB070FB93EB406A8C4">
					<name>Ruwais Refinery</name>
					<description>Status: Operational
Owner: ADNOC Refining
Capacity: &gt;922,000 b/sd — one of the world&apos;s largest refining complexes
Feedstock: Abu Dhabi crude and condensate incl. Upper Zakum; crude-flexibility project designed for 50+ grades
Main products: Gasoline, diesel, jet, naphtha, LPG, fuel oil, petrochemical feedstocks
Markets: UAE and international, particularly Asia
Recent: 2026 — regional conflict disrupted Hormuz shipping and temporarily hit exports; ADNOC resumed naphtha exports via Sohar (Oman) using ship-to-ship transfers to bypass the strait
Strategic role: ADNOC&apos;s main downstream hub — refining, petrochemicals, fertilisers, industrial gases and export infrastructure
Risks: Hormuz closure; drone/missile attacks; marine-export disruption; outages; dependence on Asian petrochemical demand</description>
					<LookAt>
						<longitude>52.6962627130078</longitude>
						<latitude>24.16148610557735</latitude>
						<altitude>-2.979464791297222</altitude>
						<heading>0</heading>
						<tilt>0</tilt>
						<gx:fovy>35</gx:fovy>
						<range>21699.63097092463</range>
						<altitudeMode>absolute</altitudeMode>
					</LookAt>
					<styleUrl>#msn_volcano3</styleUrl>
					<Point>
						<coordinates>52.71984146568987,24.13048759325198,15.71163098468269</coordinates>
					</Point>
				</Placemark>
				<Placemark id="02001CB25D3EB40ADF69">
					<name>Port Arthur Refinery</name>
					<description>Status: Operational
Owner: Motiva Enterprises (wholly owned by Saudi Aramco)
Capacity: ~640,500 b/d crude; ~730,000 b/d total throughput for the wider complex — North America&apos;s largest single-site refinery
Feedstock: Highly flexible — capable of processing 100+ crude grades, domestic and imported
Main products: Gasoline, diesel, jet, base oils (largest base-oil plant in the Western Hemisphere), LPG, petrochemical feedstocks
Markets: US and the Americas; Gulf Coast exports
Recent: March 2026 — an upset at the integrated chemical plant caused flaring
Strategic role: Aramco&apos;s flagship US downstream asset
Risks: Hurricanes and flooding; industrial outages; marine/pipeline disruption; environmental constraints; margins</description>
					<LookAt>
						<longitude>-93.97041170473867</longitude>
						<latitude>29.89107261972152</latitude>
						<altitude>4.057613052771587</altitude>
						<heading>0</heading>
						<tilt>0</tilt>
						<gx:fovy>35</gx:fovy>
						<range>10164.76723353728</range>
						<altitudeMode>absolute</altitudeMode>
					</LookAt>
					<styleUrl>#msn_volcano3</styleUrl>
					<Point>
						<coordinates>-93.96036743564372,29.87960021734543,1.593709217031947</coordinates>
					</Point>
				</Placemark>
				<Placemark id="07D6F757FE3EB4179E6F">
					<name>Galveston Bay Refinery</name>
					<description>Status: Operational
Owner: Marathon Petroleum
Capacity: ~631,000 b/cd (665,000 by stream-day — the largest US refinery on that measure), created by integrating the former BP Texas City plant with Marathon&apos;s own in 2018
Feedstock: Domestic and imported grades via the Texas City docks and the Houston-area pipeline grid
Main products: Gasoline, distillates, aromatics, propylene, coke, sulphur — for domestic and export markets
Markets: US Gulf system and exports
Recent: The crown jewel of Marathon&apos;s 13-refinery portfolio; heir to the site&apos;s darkest history — the 2005 BP Texas City explosion that reshaped US process-safety regulation
Strategic role: The volume anchor inside the Houston pricing ring, beside the Port of Texas City point on this map
Risks: Hurricanes and storm surge; process-safety legacy; scale concentration on one bay shore</description>
					<LookAt>
						<longitude>-94.9120170864001</longitude>
						<latitude>29.38118533972541</latitude>
						<altitude>6.933578936183209</altitude>
						<heading>0</heading>
						<tilt>0</tilt>
						<gx:fovy>35</gx:fovy>
						<range>19076.807843016</range>
						<altitudeMode>absolute</altitudeMode>
					</LookAt>
					<styleUrl>#msn_volcano3</styleUrl>
					<Point>
						<coordinates>-94.91822445037437,29.3740854621725,6.977861871635184</coordinates>
					</Point>
				</Placemark>
				<Placemark id="0636F9C8E43EB4193F48">
					<name>Al Zour Refinery</name>
					<description>Status: Operational
Owner: KIPIC (Kuwait Petroleum Corporation subsidiary)
Capacity: 615,000 b/d nominal; ~507,000 b/d average in FY2024/25
Feedstock: Kuwait Export Crude and heavy Kuwaiti grades
Main products: VLSFO, diesel, jet, naphtha, LPG, sulphur
Markets: Kuwait&apos;s power sector; exports to SE Asia and Middle East bunkering hubs; diesel/jet cargoes also to Europe and Africa
Recent: Jan 2026 — record VLSFO exports above 1 Mt (~205,000 b/d) after an outage recovery, ~70% to SE Asia
Strategic role: One of the world&apos;s largest new-build refineries, designed for heavy Kuwaiti crude and low-sulphur fuel for domestic power plants
Risks: Hormuz disruption; regional conflict; outages; heavy-crude processing issues; export-terminal disruption; Asian fuel-oil demand</description>
					<LookAt>
						<longitude>48.2983519222399</longitude>
						<latitude>28.74227366779673</latitude>
						<altitude>6.033729947059692</altitude>
						<heading>0</heading>
						<tilt>0</tilt>
						<gx:fovy>35</gx:fovy>
						<range>26897.64781631995</range>
						<altitudeMode>absolute</altitudeMode>
					</LookAt>
					<styleUrl>#msn_volcano3</styleUrl>
					<Point>
						<coordinates>48.33404623647145,28.71461908901462,5.571952574035597</coordinates>
					</Point>
				</Placemark>
				<Placemark id="05DDD6E2AF3EAF18E0EF">
					<name>ExxonMobil Singapore Refinery – Jurong Island</name>
					<description>Status: Operational
Owner: ExxonMobil Asia Pacific
Capacity: ~592,000 b/d combined nameplate — ExxonMobil&apos;s largest integrated refining-petrochemical complex
Feedstock: Imported Middle Eastern and Asia-Pacific crudes, condensates and residues
Main products: Gasoline, diesel, jet, marine fuels, LPG, aromatics, waxes, lubricant base stocks
Markets: Singapore and NE/SE Asia-Pacific exports
Recent: The Singapore Resid Upgrade Project started up in 2025 — converts ~80,000 b/d of fuel oil into ~50,000 b/d distillates and ~20,000 b/d base stocks
Strategic role: Beside the Strait of Malacca and one of the world&apos;s main fuel-trading and bunkering hubs
Risks: Imported-crude dependence; Malacca congestion; South China Sea disruption; outages; weak Asian petrochemical margins; emissions rules</description>
					<LookAt>
						<longitude>103.7097871214256</longitude>
						<latitude>1.284803277403461</latitude>
						<altitude>6.188865349213478</altitude>
						<heading>0</heading>
						<tilt>0</tilt>
						<gx:fovy>35</gx:fovy>
						<range>7031.367921485798</range>
						<altitudeMode>absolute</altitudeMode>
					</LookAt>
					<styleUrl>#msn_volcano3</styleUrl>
					<Point>
						<coordinates>103.7066291049394,1.28024302186643,6.231730153402672</coordinates>
					</Point>
				</Placemark>
				<Placemark id="0EBC51FC5A3EB1471A50">
					<name>Reliance Jamnagar Refining Complex</name>
					<description>Status: Operational
Owner: Reliance Industries Limited
Capacity: ~1.4 million b/d across two adjacent refineries — the world&apos;s largest single-location refining complex
Feedstock: Highly flexible global slate incl. heavy and high-sulphur crudes
Main products: Gasoline, diesel, jet, naphtha, LPG, marine fuels, petrochemical feedstocks, lubricant-related products
Markets: India and exports to Asia, Africa, Middle East and Europe
Recent: FY2024-25 Oil-to-Chemicals revenue +11% to ~$73.4bn. May 2026 — 3–4 week maintenance on crude and secondary units at the ~660,000 b/d export refinery
Strategic role: One of the world&apos;s most complex refining-petrochemical hubs — converts low-quality crude into high-value fuels and chemicals
Risks: Imported-crude dependence; Hormuz disruption; sanctions/trade restrictions; maintenance outages; margins; port disruption; cyclones</description>
					<LookAt>
						<longitude>69.86899385544973</longitude>
						<latitude>22.35071454992801</latitude>
						<altitude>61.69957038192106</altitude>
						<heading>0</heading>
						<tilt>0</tilt>
						<gx:fovy>35</gx:fovy>
						<range>11174.15131481364</range>
						<altitudeMode>absolute</altitudeMode>
					</LookAt>
					<styleUrl>#msn_volcano3</styleUrl>
					<Point>
						<coordinates>69.8121815144945,22.34354721421086,65.70027103610086</coordinates>
					</Point>
				</Placemark>
				<Placemark id="046FC8A6A83EB3FF24A7">
					<name>SK Energy Ulsan Complex</name>
					<description>Status: Operational
Owner: SK Energy (SK Innovation)
Capacity: ~840,000 b/d — South Korea&apos;s largest refinery
Feedstock: Imported Middle Eastern crude, condensates and other grades
Main products: Gasoline, diesel, jet, naphtha, LPG, marine fuels, lubricants, petrochemical feedstocks
Markets: South Korea and NE/SE Asia exports
Recent: 2025 maintenance on crude-distillation and residue-desulphurisation units, exports maintained via higher utilisation of other units
Strategic role: One of Asia&apos;s biggest integrated refining-petrochemical complexes
Risks: Imported-crude dependence; Hormuz and Malacca disruption; outages; weak Asian margins; regional overcapacity</description>
					<LookAt>
						<longitude>129.3921817033124</longitude>
						<latitude>35.49109037415617</latitude>
						<altitude>1.590670771542635</altitude>
						<heading>0</heading>
						<tilt>0</tilt>
						<gx:fovy>35</gx:fovy>
						<range>11037.38716156106</range>
						<altitudeMode>absolute</altitudeMode>
					</LookAt>
					<styleUrl>#msn_volcano3</styleUrl>
					<Point>
						<coordinates>129.3374113962711,35.4938004454673,21.70874728906801</coordinates>
					</Point>
				</Placemark>
				<Placemark id="0B9FB2FB133EB40832C8">
					<name>GS Caltex Yeosu Refinery</name>
					<description>Status: Operational
Owner: GS Caltex — 50/50 GS Energy / Chevron
Capacity: ~800,000 b/d
Feedstock: Highly diversified imports — Middle East, US, Asia, Europe, Australia
Main products: Gasoline, diesel, jet, naphtha, LPG, marine fuels, base oils, lubricants, petrochemical feedstocks
Markets: South Korea and NE/SE Asia-Pacific exports
Recent: Scheduled maintenance on crude and downstream units early 2025; 2026 — Korea reviewing a restructuring of the Yeosu petrochemical complex amid weak margins
Strategic role: Major heavy-oil upgrading capacity — converts residues into gasoline, diesel and higher-value products
Risks: Imported-crude dependence; Hormuz and Malacca disruption; outages; typhoons; weak petrochemical margins; overcapacity</description>
					<LookAt>
						<longitude>127.7246939386334</longitude>
						<latitude>34.86366852713925</latitude>
						<altitude>-2.952546881377098</altitude>
						<heading>0</heading>
						<tilt>0</tilt>
						<gx:fovy>35</gx:fovy>
						<range>19544.71944394056</range>
						<altitudeMode>absolute</altitudeMode>
					</LookAt>
					<styleUrl>#msn_volcano3</styleUrl>
					<Point>
						<coordinates>127.7171367410682,34.88195143771404,30.7218130058324</coordinates>
					</Point>
				</Placemark>
				<Placemark id="0B015372A33EB40D5613">
					<name>S-OIL Onsan Refinery</name>
					<description>Status: Operational
Owner: S-OIL Corporation (Saudi Aramco controlling shareholder)
Capacity: ~669,000 b/d across three crude units
Feedstock: Mainly imported Middle Eastern crude, especially Saudi grades, plus other light-to-sour crudes
Main products: Gasoline, diesel, jet, naphtha, LPG, marine fuels, base oils, paraxylene, petrochemical feedstocks
Markets: South Korea; exports to NE/SE Asia, Europe and the US
Recent: ~96% average crude-unit utilisation in 2025; maintenance of No. 2 CDU and No. 2 RFCC planned for 2026
Strategic role: Major residue-upgrading and paraxylene capacity — Aramco&apos;s Korean downstream anchor
Risks: Middle East crude dependence; Hormuz disruption; typhoons; outages; weak margins; petrochemical overcapacity</description>
					<LookAt>
						<longitude>129.3375233230387</longitude>
						<latitude>35.43598542741918</latitude>
						<altitude>30.43806270841687</altitude>
						<heading>0</heading>
						<tilt>0</tilt>
						<gx:fovy>35</gx:fovy>
						<range>7897.530755748739</range>
						<altitudeMode>absolute</altitudeMode>
					</LookAt>
					<styleUrl>#msn_volcano3</styleUrl>
					<Point>
						<coordinates>129.3485984299735,35.43280280980805,13.98351357031621</coordinates>
					</Point>
				</Placemark>
				<Placemark id="0EB6C96CCE3F337D9842">
					<name>Sinopec Zhenhai Refining &amp; Chemical Complex</name>
					<description>Status: Operational
Owner: Sinopec Zhenhai Refining &amp; Chemical Company (Sinopec)
Capacity: ~40 Mt/yr (~800,000 b/d) across the integrated refining-chemical base — Sinopec&apos;s first 40 Mt/yr site
Feedstock: Imported Middle Eastern, Russian, African and other crudes, plus condensates and intermediates
Main products: Gasoline, diesel, jet, LPG, naphtha, aromatics, ethylene, plastics
Markets: Eastern China (Yangtze River Delta); some product and petrochemical exports across Asia
Recent: March 2026 — both steam crackers cut to ~70–80% utilisation amid Middle East supply disruption and weak petrochemical economics
Strategic role: One of China&apos;s largest integrated hubs, feeding the industrialised Yangtze Delta
Risks: Imported-crude dependence; Hormuz and Malacca disruption; Ningbo port congestion; typhoons; outages; weak margins; Chinese export restrictions</description>
					<LookAt>
						<longitude>121.679981389505</longitude>
						<latitude>29.99016095812256</latitude>
						<altitude>6.982137680370981</altitude>
						<heading>346.5821136814641</heading>
						<tilt>0</tilt>
						<gx:fovy>34.9999995744829</gx:fovy>
						<range>18863.75638296828</range>
						<altitudeMode>absolute</altitudeMode>
					</LookAt>
					<styleUrl>#msn_volcano3</styleUrl>
					<ExtendedData>
						<SchemaData schemaUrl="#__managed_schema00">
							<SimpleData name="1EA10E865E3F337D9842">0</SimpleData>
						</SchemaData>
					</ExtendedData>
					<Point>
						<extrude>1</extrude>
						<coordinates>121.6759903341239,29.98516551506837,2.15868486393725</coordinates>
					</Point>
				</Placemark>
				<Placemark id="00E0A67AB93F337E4686">
					<name>PetroChina Dalian Petrochemical Refinery</name>
					<description>Status: Offline
Owner: PetroChina (CNPC)
Capacity: ~410,000 b/d (~20.5 Mt/yr) historical
Feedstock: Historically Russian ESPO crude and other imported/domestic grades
Main products: Gasoline, diesel, jet, naphtha, LPG, marine fuels, petrochemical feedstocks
Markets: North-east China; regional Asia via Dalian&apos;s port
Recent: Shut in 2025 under a relocation/modernisation plan. A 2026 restart of one 200,000 b/d crude unit to run discounted Russian oil was considered, then delayed. Replacement: a new ~200,000 b/d refinery plus a large ethylene unit approved on Changxing Island
Strategic role: Historically one of northern China&apos;s largest refineries and a key processor of Russian Far East crude
Risks: Permanent closure or delayed restart; regulatory uncertainty; sanctions on Russian crude; weak Chinese demand; overcapacity</description>
					<LookAt>
						<longitude>121.6556490112285</longitude>
						<latitude>38.97473729393078</latitude>
						<altitude>7.320330618130506</altitude>
						<heading>0</heading>
						<tilt>0</tilt>
						<gx:fovy>34.99999999999959</gx:fovy>
						<range>5640.814312178409</range>
						<altitudeMode>absolute</altitudeMode>
					</LookAt>
					<styleUrl>#msn_volcano3</styleUrl>
					<ExtendedData>
						<SchemaData schemaUrl="#__managed_schema00">
							<SimpleData name="15A5AC85B23F337E4686">0</SimpleData>
						</SchemaData>
					</ExtendedData>
					<Point>
						<extrude>1</extrude>
						<coordinates>121.655583996042,38.97669585006826,7.916558506281324</coordinates>
					</Point>
				</Placemark>
				<Placemark>
					<name>Sonatrach Skikda Refinery &amp; Petrochemical Complex</name>
					<description>Status: Operational
Owner: Sonatrach
Capacity: ~16.5 Mt/yr (~320,000–335,000 b/d) — Algeria&apos;s largest refinery; commissioned 1980, major rehabilitation ~2013
Feedstock: Algerian crude, mainly light Saharan grades via the national pipeline network
Main products: Gasoline, diesel, jet, LPG, naphtha, fuel oil, bitumen, aromatics (benzene, xylene)
Markets: Algerian domestic market; exports to Europe and the Mediterranean via the adjacent Skikda port
Recent: Additional fuel-oil conversion and hydrocracking capacity under development to raise gasoline/diesel yields
Strategic role: One of Africa&apos;s largest refining sites, supplying a large share of national demand
Risks: Unit outages and fires; ageing infrastructure; pipeline interruption; Mediterranean shipping; project delays</description>
					<LookAt>
						<longitude>6.969384230855804</longitude>
						<latitude>36.8715719344348</latitude>
						<altitude>0</altitude>
						<heading>-2.230232566137417</heading>
						<tilt>17.56489443680486</tilt>
						<range>7246.144538804271</range>
						<gx:altitudeMode>relativeToSeaFloor</gx:altitudeMode>
					</LookAt>
					<styleUrl>#msn_volcano3</styleUrl>
					<Point>
						<gx:drawOrder>1</gx:drawOrder>
						<coordinates>6.977019030816507,36.86879868738053,0</coordinates>
					</Point>
				</Placemark>
				<Placemark>
					<name>RAPID Refinery</name>
					<description>Status: Operational
Owner: PRefChem — formerly a 50:50 Petronas–Saudi Aramco JV; on 25 May 2026 the partners agreed to transfer Aramco&apos;s stake to Petronas, making it wholly Petronas-owned
Capacity: 300,000 b/d crude distillation (~9 Mt/yr of products); ARDS, two gasoline units, hydrocrackers, hydrogen plant
Feedstock: Imported crude — historically Aramco term barrels and Petronas supply — via the Pengerang deepwater terminal
Main products: Euro 4/5 gasoline and diesel, jet, LPG, naphtha and streams to the adjacent petrochemical complex
Markets: Malaysia and SE Asia; Asia-Pacific exports; competes directly with Singapore&apos;s Jurong hub
Recent: A gasoline unit down Jan–May 2025 and again Feb–April 2026, cutting crude runs; full commercial operation reached only in 2022 after a 2019 fire and 2020 explosion; Aramco&apos;s exit removes its guaranteed crude supply
Strategic role: Malaysia&apos;s largest refinery and anchor of its flagship downstream project
Risks: Repeated outages and reliability issues; loss of Aramco offtake certainty; Asian margin volatility and new competing capacity; 100% imported crude; process-safety history</description>
					<LookAt>
						<longitude>104.173959524285</longitude>
						<latitude>1.369043572799601</latitude>
						<altitude>0</altitude>
						<heading>0.00404357389608191</heading>
						<tilt>8.021265484862365</tilt>
						<range>12044.48650734411</range>
						<gx:altitudeMode>relativeToSeaFloor</gx:altitudeMode>
					</LookAt>
					<styleUrl>#msn_volcano3</styleUrl>
					<Point>
						<gx:drawOrder>1</gx:drawOrder>
						<coordinates>104.1497294355222,1.358072528302383,0</coordinates>
					</Point>
				</Placemark>
				<Placemark id="0E467C7C173FCEB24E88">
					<name>VAROPreem Lysekil Refinery &amp; Renewable Fuels Hub</name>
					<description>Status: Operational
Renewables: Dedicated unit — up to 900,000 m³/yr from the upgraded Synsat unit; total Lysekil renewable capacity &gt;1 million m³/yr
Owner: VAROPreem
Capacity: ~220,000 b/d conventional — Scandinavia&apos;s largest refinery
Feedstock: Imported crude via the Brofjorden deep-water terminal, plus renewable feeds (tall oil, used cooking oils, animal fats, pyrolysis oils)
Main products: Diesel, gasoline, LPG, HVO renewable diesel and co-processed renewable fuels
Markets: Sweden, Norway and NW Europe
Recent: Synsat upgrade in service since 2025 — up to 40% renewable material co-processed with diesel
Strategic role: Major Nordic refinery and large-scale renewable-fuels hub supporting road, marine, aviation and industrial decarbonisation
Risks: Seaborne-feedstock dependence; outages; North Sea weather; energy and carbon costs; uncertainty over future fuel demand</description>
					<LookAt>
						<longitude>11.43275356566856</longitude>
						<latitude>58.35192639837715</latitude>
						<altitude>0</altitude>
						<heading>-0.4380216502219939</heading>
						<tilt>20.11538212186099</tilt>
						<range>6135.511604095968</range>
						<gx:altitudeMode>relativeToSeaFloor</gx:altitudeMode>
					</LookAt>
					<styleUrl>#msn_volcano3</styleUrl>
					<Point>
						<altitudeMode>relativeToGround</altitudeMode>
						<coordinates>11.42100670075675,58.34356664180702,0</coordinates>
					</Point>
				</Placemark>
				<Placemark>
					<name>ENEOS Kawasaki Refinery</name>
					<description>Status: Operational
Owner: ENEOS (Japan&apos;s largest refiner)
Capacity: ~247,000–249,000 b/d — ENEOS&apos;s largest refinery and the biggest on Tokyo Bay, with Japan&apos;s largest fluid catalytic cracker
Feedstock: Imported crude via Kawasaki&apos;s coastal industrial zone, backed by abundant sea and land transport
Main products: Gasoline, kerosene, jet, diesel; petrochemicals — two ethylene crackers (540,000 + 448,000 t/yr) supplying neighbouring plants by pipeline
Markets: The Tokyo metropolitan area, Japan&apos;s largest consumption centre
Recent: Feb 2025 — ENEOS announced the Ukishima South cracker (448,000 t/yr) will close by end-FY2027, citing Chinese overcapacity; group targets 90% refinery utilisation by FY2027, up from 78% in 2024
Strategic role: The volume anchor of Tokyo&apos;s fuel supply — refining and petrochemicals integrated in one coastal plant
Risks: Earthquake exposure; petrochemical margin weakness; demand decline; urban-industrial interface</description>
					<LookAt>
						<longitude>139.7788904727398</longitude>
						<latitude>35.52848650499272</latitude>
						<altitude>0</altitude>
						<heading>0.0001440343850309396</heading>
						<tilt>0</tilt>
						<range>4911.68999855325</range>
						<gx:altitudeMode>relativeToSeaFloor</gx:altitudeMode>
					</LookAt>
					<styleUrl>#msn_volcano3</styleUrl>
					<Point>
						<gx:drawOrder>1</gx:drawOrder>
						<coordinates>139.7738992793612,35.52758899167301,0</coordinates>
					</Point>
				</Placemark>
				<Placemark>
					<name>Showa Yokkaichi Sekiyu – Yokkaichi Refinery</name>
					<description>Status: Operational
Owner: Showa Yokkaichi Sekiyu Co. — Idemitsu group since the Showa Shell merger (April 2019), with Mitsubishi and others as minority holders
Capacity: 255,000 b/d — the largest refinery in the Idemitsu group and the second-largest in Japan; in operation since 1958; residue FCC (55,000 b/d) plus FCC give it solid heavy-oil conversion
Feedstock: Middle Eastern crude delivered by VLCC — the Aramco supply relationship is a Showa Shell inheritance
Main products: Gasoline, kerosene, jet, diesel, heavy fuel oils, LPG, petrochemical feedstocks
Markets: Central Japan (Chubu) and the wider Idemitsu supply network
Recent: Feb 2026 — Idemitsu reversed refinery-closure plans, keeping its six-refinery network until at least 2030 as EV adoption stalls
Strategic role: The volume anchor of the Ise Bay refining cluster — and a landmark of environmental history: the 1960s Yokkaichi asthma litigation against the complex&apos;s operators shaped Japanese pollution law
Risks: Earthquake and typhoon exposure; Japan&apos;s structural demand decline; single-site scale concentration</description>
					<LookAt>
						<longitude>136.640144829</longitude>
						<latitude>34.93397687760922</latitude>
						<altitude>0</altitude>
						<heading>0.001684597281817733</heading>
						<tilt>4.427454629829334</tilt>
						<range>3868.923656694573</range>
						<gx:altitudeMode>relativeToSeaFloor</gx:altitudeMode>
					</LookAt>
					<styleUrl>#msn_volcano3</styleUrl>
					<Point>
						<gx:drawOrder>1</gx:drawOrder>
						<coordinates>136.6325384494859,34.9329220173124,0</coordinates>
					</Point>
				</Placemark>
				<Placemark>
					<name>Mina al-Ahmadi refinery</name>
					<description>Status: Operational
Owner: Kuwait National Petroleum Company (KNPC, Kuwait Petroleum Corporation)
Capacity: 346,000 b/d — Kuwait&apos;s first refinery (1949, started at 25,000 b/d), 10.5 km² along the Gulf shore; integrated with Mina Abdullah (454,000 b/d) into one 800,000 b/d merchant complex under the ~$16bn Clean Fuels Project
Feedstock: Kuwaiti crude piped from the adjacent Ahmadi gathering and tank-farm system
Main products: Euro-5 gasoline and ultra-low-sulphur diesel, jet fuel, LPG (five liquefaction trains), naphtha, low-sulphur marine fuel, petcoke, sulphur; the on-site gas plant processes 3.1 bcf/d plus ~332,000 b/d of condensate
Markets: Kuwait&apos;s domestic demand and Asian/European product exports via the refinery&apos;s own piers
Recent: Repeated Iranian drone attacks during the 2026 war — a March 2026 strike set fires in multiple units, since repaired; KNPC is pushing the two-refinery complex from ~798,600 b/d toward 825,000 with unit-by-unit debottlenecking
Strategic role: The refining heart of the Ahmadi complex — crude blending, gas processing, products and export piers on one site
Risks: Drone and missile exposure demonstrated; single-complex concentration with the export terminal; Hormuz dependence for every outbound cargo</description>
					<LookAt>
						<longitude>48.14630332276238</longitude>
						<latitude>29.0620452850785</latitude>
						<altitude>0</altitude>
						<heading>-0.1849320330659321</heading>
						<tilt>10.80449985262601</tilt>
						<range>11237.76204856736</range>
						<gx:altitudeMode>relativeToSeaFloor</gx:altitudeMode>
					</LookAt>
					<styleUrl>#msn_volcano3</styleUrl>
					<Point>
						<gx:drawOrder>1</gx:drawOrder>
						<coordinates>48.11442185271837,29.05731258124124,0</coordinates>
					</Point>
				</Placemark>
			</Folder>
			<Folder>
				<name>Refineries</name>
				<Placemark>
					<name>Lukoil Neftochim Burgas Refinery (Bulgaria)</name>
					<description>Status: Operational
Owner: Lukoil — but under Bulgarian state control since late 2025: a special commercial manager was appointed under emergency legislation, with a US sanctions waiver keeping operations and a sale process alive
Capacity: ~190,000 b/d — the largest refinery in the Black Sea region and Bulgaria&apos;s dominant industrial asset, supplying most of the national fuel market
Feedstock: Non-Russian seaborne crude since the EU derogation ended; landed at the Rosenets terminal on Burgas bay
Main products: The Bulgarian fuel slate plus regional exports
Recent: The mirror of Romania&apos;s Petrotel — same sanctioned owner, opposite outcome: Sofia seized operational control and kept the plant running while Bucharest&apos;s lighter supervision watched Petrotel freeze into insolvency
Strategic role: Two Black Sea refineries, one Russian owner, two legal experiments — the pair teaches how much sovereign choices, not sanctions alone, decide an asset&apos;s fate
Risks: Ownership limbo and sale execution; waiver renewals; single-refinery national dependence</description>
					<styleUrl>#msn_R</styleUrl>
					<Point>
						<coordinates>27.33518851353852,42.5455278622034,0</coordinates>
					</Point>
				</Placemark>
				<Placemark>
					<name>Petromidia Refinery (Rompetrol)</name>
					<description>Status: Operational
Owner: Rompetrol Rafinare — KMG International, the Kazakh state oil company&apos;s European arm
Capacity: ~100,000 b/d (5.9 Mt/yr in 2025, 5.4 Mt of crude run) — Romania&apos;s largest refinery, on the Black Sea at Năvodari beside its own petrochemical plant
Feedstock: Seaborne crude, Kazakh KEBCO prominent — KMG feeding its own refinery, landed at the Midia offshore buoy
Main products: ~27% of Romania&apos;s gasoline and diesel consumption (1.66 Mt gasoline, 2.52 Mt diesel in 2025), plus jet, LPG and polymers
Markets: Romania and Black Sea regional trade
Recent: A 20-day March 2026 turnaround became a political incident — the energy minister claimed to have postponed it while the sanctions crisis squeezed national supply; back at full capacity since April
Strategic role: Kazakhstan&apos;s downstream anchor in the EU — and the swing supplier when a fifth of Romanian refining went dark
Risks: Black Sea war environment (drones and mines offshore); single-buoy crude supply; carrying national supply when others fail</description>
					<styleUrl>#default2</styleUrl>
					<Point>
						<coordinates>28.6555,44.3404,0</coordinates>
					</Point>
				</Placemark>
				<Placemark>
					<name>Petrobrazi Refinery (OMV Petrom)</name>
					<description>Status: Operational
Owner: OMV Petrom
Capacity: ~90,000 b/d (4.5 Mt/yr) at Brazi, south of Ploiești — sized to process the company&apos;s entire Romanian equity crude
Feedstock: Domestic crude from OMV Petrom&apos;s onshore fields, topped with imports — the only Romanian refinery still living mainly off Romanian oil
Main products: About a third of national fuel demand; the Polyfuel unit converts LPG and low-grade gasoline into high-octane product
Markets: Romania via OMV Petrom&apos;s retail network
Recent: Run at maximum capacity through the 2026 supply squeeze after Petrotel went dark
Strategic role: The integrated national champion — field-to-forecourt within one company and one country, the rarest configuration in modern Europe
Risks: Domestic-crude decline; single-site dependence for OMV Petrom&apos;s refining</description>
					<styleUrl>#default2</styleUrl>
					<Point>
						<coordinates>26.01144429804088,44.87272804571819,0</coordinates>
					</Point>
				</Placemark>
				<Placemark>
					<name>Petrotel-Lukoil Refinery</name>
					<description>Status: Offline
Owner: Lukoil (since 1998) — under extended Romanian state supervision since 12 February 2026; assets up for sale under sanctions pressure
Capacity: ~48,000 b/d (2.7 Mt/yr) at Ploiești — founded 1904, the oldest of Lukoil&apos;s European refineries; historically ~21% of Romanian fuel production
Feedstock: Non-Russian crude only since December 2022, delivered by rail and by pipeline from Constanța
Recent: Stopped in October 2025 for a scheduled overhaul that US sanctions never allowed to restart; the government sought an informal OFAC permit to reopen it in March 2026 without success; entered insolvency on 24 August 2026 to protect the plant, its workers and creditors
Strategic role: The map&apos;s clearest case of sanctions reaching inside the EU — a Russian-owned refinery frozen solid on NATO territory, its fate decided in Washington, its workers&apos; in Ploiești
Risks: Sale or dismantlement; restart complexity after a year cold; the precedent it sets for every Lukoil asset in Europe</description>
					<styleUrl>#default2</styleUrl>
					<Point>
						<coordinates>26.0814,44.9464,0</coordinates>
					</Point>
				</Placemark>
				<Placemark>
					<name>Vega Refinery Ploiești (Rompetrol)</name>
					<description>Status: Operational
Owner: Rompetrol Rafinare (KMG International)
Capacity: ~350,000 t/yr — small, but Romania&apos;s oldest operating refinery (1905), and a specialist rather than a fuels plant
Feedstock: Intermediate streams railed from Petromidia — the two Rompetrol plants operate as one system
Main products: Bitumen, solvents, hexane, special fuels — niche products the big plants don&apos;t make
Recent: Shares Petromidia&apos;s maintenance calendar (the March 2026 joint turnaround)
Strategic role: The survivor of Ploiești&apos;s century — the town that hosted the world&apos;s first industrial refining (1857) and the WWII Tidal Wave raids keeps one working heir
Risks: Niche-scale economics; dependence on Petromidia feedstock</description>
					<styleUrl>#default2</styleUrl>
					<Point>
						<coordinates>26.03,44.96,0</coordinates>
					</Point>
				</Placemark>
				<Placemark>
					<name>Sonatrach Augusta Refinery</name>
					<description>Status: Operational
Owner: Sonatrach — Algeria&apos;s state oil company; its only refinery in the EU, bought from ExxonMobil in 2018
Capacity: ~190,000 b/d on Augusta Bay, refining since 1950
Feedstock: Algerian Saharan Blend prominently — the captive outlet strategy: Sonatrach placing its own crude in its own European plant
Main products: Gasoline, diesel, jet, LPG, lubricant base oils (a historic strength of the site)
Markets: Italy and Mediterranean cargoes
Strategic role: The second pillar of Augusta Bay — and the Mediterranean mirror of Motiva Port Arthur on this map: a producer country buying its customer; ties directly to the Skikda and Haoud El Hamra assets upstream
Risks: Single-owner strategic alignment; ageing units; Mediterranean margin competition</description>
					<styleUrl>#default2</styleUrl>
					<Point>
						<coordinates>15.18487431037399,37.17706742974956,0</coordinates>
					</Point>
				</Placemark>
				<Placemark>
					<name>RAM Milazzo Refinery</name>
					<description>Status: Operational
Owner: Raffineria di Milazzo — Eni 50%, Kuwait Petroleum Italia 50%
Capacity: ~241,000 b/d on Sicily&apos;s north coast — the island&apos;s third refinery, facing the Tyrrhenian rather than the Augusta cluster
Feedstock: Middle Eastern (Kuwaiti barrels via the KPC stake) and Mediterranean grades
Main products: Gasoline, diesel, jet, fuel oil for Italy and Med export
Markets: Italian mainland supply and cargo trade
Strategic role: Kuwait&apos;s European refining foothold — the same customer-equity model as OQ8 Duqm on this map, executed in Sicily; completes the island&apos;s three-refinery system
Risks: JV alignment; merchant margins; the coast&apos;s seismic and volcanic neighbourhood</description>
					<styleUrl>#default2</styleUrl>
					<Point>
						<coordinates>15.2745367499415,38.20101066725885,0</coordinates>
					</Point>
				</Placemark>
				<Placemark>
					<name>Shell Norco Refinery</name>
					<description>Status: Operational
Owner: Shell
Capacity: ~250,000 b/d on the river&apos;s east bank at Norco — the name itself is oil history: New Orleans Refining Company, 1916
Feedstock: Domestic, offshore Gulf and imported grades by river dock and pipeline
Main products: Gasoline, diesel, jet; deeply integrated with the adjacent Shell chemicals complex
Markets: Gulf system and exports via the river
Recent: Shell sold its other Louisiana plants (Convent closed 2020) and concentrated its US Gulf refining here — the keeper of the portfolio
Strategic role: The fourth pillar of the river refining row, completing the Baton Rouge–Garyville–St. Charles–Norco line on this map
Risks: Hurricane corridor (Ida 2021 blacked out the row); urban-industrial interface; single-site concentration for Shell&apos;s US refining</description>
					<styleUrl>#default2</styleUrl>
					<Point>
						<coordinates>-90.397902772759,29.99639669733044,0</coordinates>
					</Point>
				</Placemark>
				<Placemark>
					<name>Marathon Robinson Refinery</name>
					<description>Status: Operational
Owner: Marathon Petroleum
Capacity: ~253,000 b/d in eastern Illinois, pipeline-fed from the Patoka system
Feedstock: Domestic and Canadian grades drawn from the hub next door
Main products: Gasoline, distillates, asphalt for the Illinois-Indiana market
Markets: Central Midwest
Strategic role: Patoka&apos;s local customer — the refinery whose demand competes with Capline and ETCOP for the hub&apos;s barrels; when Robinson runs full, fewer northern barrels head south
Risks: Mid-continent margin cycles; single-region product placement</description>
					<styleUrl>#default2</styleUrl>
					<Point>
						<coordinates>-87.72419691897159,38.99926764571771,0</coordinates>
					</Point>
				</Placemark>
				<Placemark>
					<name>Phillips 66 Ponca City Refinery</name>
					<description>Status: Operational
Owner: Phillips 66
Capacity: ~200,000 b/d — the historic Conoco flagship, refining continuously since 1918, ~90 km north of Cushing
Feedstock: Mid-Continent and Permian crudes drawn from the Cushing hub system
Main products: Gasoline, diesel, jet fuel, LPG, specialty products for the Mid-Continent market
Markets: Oklahoma, Kansas and the surrounding region by product pipeline and rack
Strategic role: The demand anchor closest to the benchmark — a reminder that Cushing began as a refining town before it became a tank farm; local refining runs are one of the draws on hub inventories
Risks: Mid-Continent margin cycles; single-plant regional concentration; competition from Gulf Coast mega-refineries</description>
					<styleUrl>#default2</styleUrl>
					<Point>
						<coordinates>-97.0892427202343,36.6934444615392,0</coordinates>
					</Point>
				</Placemark>
				<Placemark>
					<name>Tüpraş Kırıkkale Refinery</name>
					<description>Status: Operational
Owner: Tüpraş (Koç Holding) — Turkey&apos;s dominant refiner
Capacity: ~110,000–115,000 b/d, serving Ankara and central Anatolia
Feedstock: Imported and Iraqi-origin crude delivered by the Ceyhan–Kırıkkale pipeline
Main products: Gasoline, diesel, jet fuel, LPG, heating oil, bitumen for the inland market
Markets: Central Anatolia — the plant that bailed out the Mediterranean coast when ATAŞ stopped refining in 2004, trucking fuel 485 km south
Strategic role: Turkey&apos;s only inland refinery — the demand anchor that justifies Ceyhan&apos;s one landward pipeline
Risks: Single-pipeline feedstock dependence; inland location without marine fallback; competition from seaborne products via Mersin</description>
					<styleUrl>#default2</styleUrl>
					<Point>
						<coordinates>33.46378840375888,39.73987297715036,0</coordinates>
					</Point>
				</Placemark>
				<Placemark>
					<name>OQ Mina al-Fahal Refinery</name>
					<description>Status: Operational
Owner: OQ (Oman&apos;s state energy company)
Capacity: ~106,000 b/d — the historic Muscat refinery beside the crude terminal
Feedstock: Omani crude from the Main Oil Line
Main products: Gasoline, diesel, jet fuel, LPG, fuel oil for the capital region
Markets: Muscat and northern Oman; linked south-north with Sohar via the products pipeline
Recent: Operating as the domestic half of OQ&apos;s refining pair while Duqm takes the export role
Strategic role: The original downstream anchor — refinery, crude terminal and headquarters on one Muscat headland
Risks: Ageing units; urban encirclement; small scale against modern export refineries</description>
					<styleUrl>#default2</styleUrl>
					<Point>
						<coordinates>58.5,23.625,0</coordinates>
					</Point>
				</Placemark>
				<Placemark>
					<name>OQ Sohar Refinery &amp; Petrochemical Complex</name>
					<description>Status: Operational
Owner: OQ
Capacity: ~198,000 b/d after the Sohar Refinery Improvement Project, integrated with aromatics and polypropylene plants
Feedstock: Omani crude and imported streams via the Port of Sohar
Main products: Gasoline, diesel, jet, LPG, naphtha, aromatics, polymer feedstocks
Markets: Northern Oman and export via the port; products south to Muscat by pipeline
Recent: The complex sits in the port that became a 2026 workaround hub — ADNOC rerouted naphtha exports through Sohar with ship-to-ship transfers to bypass the closed strait
Strategic role: Oman&apos;s industrial-refining hub on the Gulf of Oman — inside the crisis zone&apos;s geography but outside its chokepoint
Risks: Imported-feedstock logistics; petrochemical margins; industrial-zone concentration</description>
					<styleUrl>#default2</styleUrl>
					<Point>
						<coordinates>56.62,24.46,0</coordinates>
					</Point>
				</Placemark>
				<Placemark>
					<name>OQ8 Duqm Refinery</name>
					<description>Status: Operational
Owner: OQ8 — OQ and Kuwait Petroleum International, 50/50
Capacity: 255,000 b/d (raised from the 230,000 design in 2025) — the region&apos;s newest export refinery, onstream 2023–24 in the Duqm Special Economic Zone on the Arabian Sea
Feedstock: Designed for a Kuwaiti-Omani crude diet (~65% Kuwait Export Crude, ~35% Omani) — the Kuwaiti half arrives by tanker through Hormuz, the strategic irony of an outside-the-strait refinery
Main products: Diesel, jet fuel, naphtha, LPG — middle-distillate-weighted for export
Markets: Asia, East Africa and Europe from the adjacent Port of Duqm
Recent: 2026 — its open-ocean location made it one of the few Gulf-region refineries whose product exports faced no chokepoint at all; feedstock flexibility tested as Kuwaiti deliveries navigated the closure
Strategic role: Kuwait&apos;s outside-Hormuz insurance and Oman&apos;s industrial bet, in one plant
Risks: Feedstock supply chain through the strait; remote-location logistics; ramp-up economics</description>
					<styleUrl>#default2</styleUrl>
					<Point>
						<coordinates>57.65528603097876,19.72913726473503,0</coordinates>
					</Point>
				</Placemark>
				<Placemark>
					<name>KAR Refinery – Khabat (Erbil)</name>
					<description>Status: Operational
Owner: KAR Group — the private conglomerate that also built and operates the KRG export pipeline
Capacity: ~200,000 b/d nameplate across phased expansions — the Kurdistan Region&apos;s largest refinery; actual throughput varies with crude availability
Feedstock: Kurdistan crude, notably from the KAR-operated Khurmala Dome — the same barrels that sell domestically at ~$31 when export economics collapse
Main products: Gasoline, diesel, kerosene, jet fuel, LPG, fuel oil for the KRI market
Markets: Erbil and the Kurdistan Region — with Lanaz and Baizan, the refining base that turns pipeline politics into local fuel security
Recent: KRI energy infrastructure entered the drone-attack era in 2025 (Tawke and other fields struck repeatedly); the refinery benefits whenever export disputes trap cheap crude at home
Strategic role: The industrial anchor of KAR&apos;s vertical system — dome, pipeline, refinery — and the reason Kurdistan rides out export shutdowns better than Baghdad expects
Risks: Drone and rocket exposure; dependence on KRI crude allocation politics; single-owner concentration across the whole chain</description>
					<styleUrl>#default2</styleUrl>
					<Point>
						<coordinates>43.74655186425505,36.31408315354128,0</coordinates>
					</Point>
				</Placemark>
				<Placemark>
					<name>ENOC Jebel Ali Refinery</name>
					<description>Status: Operational
Owner: Emirates National Oil Company (Dubai government)
Capacity: ~210,000 b/d of condensate processing after the 2019 expansion (from 140,000)
Feedstock: Condensate rather than crude — lighter feed suited to Dubai&apos;s product needs
Main products: Euro-5 gasoline and diesel, jet fuel, LPG, naphtha, fuel oil for the local and bunkering markets
Markets: Dubai and the northern emirates; jet fuel for the region&apos;s aviation hub; marine fuels into the Jebel Ali/Fujairah bunkering system
Recent: Running as Dubai&apos;s own supply anchor inside the Jebel Ali free-zone economy through the 2026 disruptions
Strategic role: The non-Abu Dhabi half of UAE refining — a city-state&apos;s condensate refinery serving the world&apos;s busiest international airport and one of its largest ports
Risks: Condensate supply dependence; Hormuz exposure for feedstock and exports; single site for Dubai&apos;s refining</description>
					<styleUrl>#default2</styleUrl>
					<Point>
						<coordinates>55.05705131199897,25.00979115164894,0</coordinates>
					</Point>
				</Placemark>
				<Placemark>
					<name>Cosmo Oil - Yokkaichi Refinery</name>
					<description>Status: Operational
Owner: Cosmo Oil (Cosmo Energy Holdings) — Japan&apos;s third-largest refiner
Capacity: 86,000 b/d — the smallest of Cosmo&apos;s three refineries (with Chiba 177,000 and Sakai 100,000), nameplate reduced in the 2017 industry-wide capacity restructuring
Feedstock: Middle Eastern crude — UAE and Saudi grades prominent across the Cosmo system
Main products: Gasoline, kerosene, jet, diesel, heavy fuel oil, naphtha
Markets: Chubu and Kansai regions
Recent: An unplanned crude-unit shutdown and restart in 2025; no SAF or CCS project at this site — Cosmo&apos;s SAF is produced at Sakai
Strategic role: The smaller half of a two-refinery city — with Showa Yokkaichi Sekiyu next door, Yokkaichi concentrates ~340,000 b/d on one bay shore
Risks: Sub-scale economics in a shrinking market — the natural candidate in any future Cosmo rationalisation; earthquake and typhoon exposure</description>
					<LookAt>
						<longitude>136.6423550990581</longitude>
						<latitude>34.9684667053447</latitude>
						<altitude>0</altitude>
						<heading>9.426742735061243e-05</heading>
						<tilt>0</tilt>
						<range>6190.714867926528</range>
						<gx:altitudeMode>relativeToSeaFloor</gx:altitudeMode>
					</LookAt>
					<styleUrl>#default2</styleUrl>
					<Point>
						<gx:drawOrder>1</gx:drawOrder>
						<coordinates>136.6424519608918,34.96804998001233,0</coordinates>
					</Point>
				</Placemark>
				<Placemark>
					<name>Idemitsu Kosan – Aichi Complex, Chita</name>
					<description>Status: Operational
Owner: Idemitsu Kosan
Capacity: ~160,000–165,000 b/d — commissioned 1975, the last refinery ever built in Japan and the group&apos;s most modern
Feedstock: Middle Eastern crude by VLCC at the Chita piers on Ise Bay
Main products: Gasoline, kerosene, jet, diesel, naphtha; petrochemicals — 400,000 t/yr paraxylene and a 170,000 t/yr mixed-xylene unit (2018); heavy-oil power generation on site
Markets: Chubu, Kansai and Hokuriku — one of Japan&apos;s largest land-delivery capacities; exports via upgraded shipping berths
Recent: Renamed &quot;Aichi Complex&quot; in Oct 2022 after acquiring ENEOS&apos;s Chita petrochemical plants — one complex, two districts; May 2026 — the tanker Idemitsu Maru docked at Chita with ~2 million bbl of Saudi crude a month after transiting Hormuz during the closure crisis
Strategic role: Idemitsu&apos;s fuel-to-chemicals conversion play — squeezing petrochemical value from gasoline streams as fuel demand declines
Risks: Earthquake and typhoon exposure; petrochemical margin weakness; Hormuz-dependent crude supply</description>
					<LookAt>
						<longitude>136.8390636366187</longitude>
						<latitude>34.97500325430287</latitude>
						<altitude>0</altitude>
						<heading>-0.001088487644069179</heading>
						<tilt>0</tilt>
						<range>3104.981263976959</range>
						<gx:altitudeMode>relativeToSeaFloor</gx:altitudeMode>
					</LookAt>
					<styleUrl>#default2</styleUrl>
					<Point>
						<gx:drawOrder>1</gx:drawOrder>
						<coordinates>136.8408127341713,34.974754447112,0</coordinates>
					</Point>
				</Placemark>
				<Placemark id="077D626E7D40213C6606">
					<name>Equinor Mongstad Refinery, Industrial Site &amp; Crude Oil Terminal</name>
					<description>Status: Operational
Owner: Refinery operated by Equinor; the Mongstad crude terminal (MTDA) is Equinor 65% / Norwegian state 35%, Equinor-operated
Capacity: ~180,000 b/d refining; ~9.44 million barrels of underground crude storage — ~40% of Equinor-operated Norwegian shelf oil is stored here before export
Feedstock: Norwegian North Sea crude (Johan Sverdrup, Troll, Gjøa, Kristin, Vega), mainly by pipeline
Main products: Gasoline, diesel, jet, LPG, naphtha, gasoil, heavy fuel oil, sulphur, petcoke
Markets: Norway, Europe, North America, Asia — via the refinery and the adjacent crude-export terminal
Recent: Major maintenance shutdown 2025; a fatal lifting accident and a benzene-exposure incident led to stronger safety measures in 2026
Strategic role: Norway&apos;s only refinery and one of its most important crude-storage and marine-export hubs
Risks: North Sea weather; pipeline interruption; terminal congestion; outages; industrial accidents</description>
					<LookAt>
						<longitude>5.030238299999999</longitude>
						<latitude>60.8084242</latitude>
						<altitude>0</altitude>
						<heading>0</heading>
						<tilt>0</tilt>
						<gx:fovy>35</gx:fovy>
						<range>483.6623905889701</range>
						<altitudeMode>relativeToGround</altitudeMode>
					</LookAt>
					<styleUrl>#default2</styleUrl>
					<Point>
						<altitudeMode>relativeToGround</altitudeMode>
						<coordinates>5.0301652,60.8083766,0</coordinates>
					</Point>
				</Placemark>
				<Placemark id="040E9977C63FCC60F669">
					<name>Bayernoil Refinery – Neustadt/Vohburg</name>
					<description>Status: Operational
Owner: VAROPreem 51.43% (majority; VARO also acquired BP&apos;s Vohburg bitumen plant and BP&apos;s 9% stake in TAL), Rosneft Deutschland 28.57% (under German federal trusteeship since Sept 2022), Eni 20%
Capacity: Up to 10 Mt/yr (~200,000–210,000 b/d) across the two sites
Feedstock: Imported crude via the Transalpine Pipeline (TAL) from Trieste
Main products: Gasoline, diesel, heating oil, jet components, LPG, bitumen
Markets: ~half of Bavaria&apos;s fuel demand plus northern Austria; jet fuel to Munich airport
Recent: 2018 Vohburg explosion and fire (ten injured), restarted 2020; Jan 2025 fire at Neustadt (two injured), temporary disruption; 2025 environmental report confirms two-site operation
Strategic role: Bavaria&apos;s largest refining company and the physical junction of the TAL corridor (IKL to Czechia branches here)
Risks: Full dependence on Trieste/TAL; fires and outages; European energy and carbon costs; declining regional demand</description>
					<LookAt>
						<longitude>11.7617685</longitude>
						<latitude>48.7842741</latitude>
						<altitude>0</altitude>
						<heading>0</heading>
						<tilt>0</tilt>
						<gx:fovy>35</gx:fovy>
						<range>1583.46802428994</range>
						<altitudeMode>relativeToGround</altitudeMode>
					</LookAt>
					<styleUrl>#default2</styleUrl>
					<Point>
						<altitudeMode>relativeToGround</altitudeMode>
						<coordinates>11.7617685,48.7842741,0</coordinates>
					</Point>
				</Placemark>
				<Placemark>
					<name>Wesseling- refinery converting to base oils (2027)</name>
					<description>Status: Converting
Owner: Shell Deutschland
Capacity: Historical crude distillation ~147,000 b/d (ended March 2025); new Group III base-oil unit ~300,000 t/yr from 2027 — ~9% of EU and 40% of German base-oil demand, Germany&apos;s largest
Feedstock: Vacuum gasoil piped from the Godorf refinery; a 315,000 t/yr Shell steam cracker also operates on site
Main products: From 2027, Group III base oils for lubricants; petrochemical feedstocks
Recent: FID Jan 2024; crude distillation ceased March 2025; conversion columns erected Feb 2025; start-up 2027; ~620,000 t CO₂/yr Scope 1+2 cut via end of crude processing and electrification
Strategic role: A live case of refinery repurposing rather than closure — and a driver of the RMR pipeline&apos;s growing importance as regional crude runs decline
Risks: European base-oil overhang at launch; loss of local naphtha for the LyondellBasell crackers; first-of-its-kind execution</description>
					<LookAt>
						<longitude>6.997831810542301</longitude>
						<latitude>50.85582745006717</latitude>
						<altitude>0</altitude>
						<heading>-1.804964781730545e-13</heading>
						<tilt>0</tilt>
						<range>9192.741137006406</range>
						<gx:altitudeMode>relativeToSeaFloor</gx:altitudeMode>
					</LookAt>
					<styleUrl>#default2</styleUrl>
					<Point>
						<gx:drawOrder>1</gx:drawOrder>
						<coordinates>6.963606328804697,50.84056053520932,0</coordinates>
					</Point>
				</Placemark>
				<Placemark id="0AB8DCAC2D4013E81D84">
					<name>Atyrau Oil Refinery</name>
					<description>Status: Operational
Owner: KazMunayGas (99%)
Capacity: 5.5 Mt/yr (~105,000–115,000 b/d)
Feedstock: Kazakh crude from western Kazakhstan and nearby Caspian regions
Main products: Gasoline, diesel, jet, LPG, VGO, fuel oil, petcoke, petrochemical feedstocks
Markets: Kazakhstan, mainly western and central regions
Recent: 2023–2027 modernisation programme to improve reliability and raise light-product yields
Strategic role: One of Kazakhstan&apos;s three principal refineries — fuel supplier to the oil-producing west
Risks: Ageing equipment; outages; domestic pipeline dependence; power disruptions; inland logistics</description>
					<LookAt>
						<longitude>51.9255886</longitude>
						<latitude>47.0735428</latitude>
						<altitude>0</altitude>
						<heading>0</heading>
						<tilt>0</tilt>
						<gx:fovy>35</gx:fovy>
						<range>1645.684714611283</range>
						<altitudeMode>relativeToGround</altitudeMode>
					</LookAt>
					<styleUrl>#default2</styleUrl>
					<Point>
						<altitudeMode>relativeToGround</altitudeMode>
						<coordinates>51.92558859999999,47.0735428,0</coordinates>
					</Point>
				</Placemark>
				<Placemark id="0D1FFEB8F33FCC6A863D">
					<name>Gunvor Raffinerie Ingolstadt</name>
					<description>Status: Operational
Owner: Gunvor Group (Gunvor Raffinerie Ingolstadt GmbH)
Capacity: ~110,000 b/d
Feedstock: Imported crude via the Transalpine Pipeline (TAL) from Trieste
Main products: Gasoline, diesel, heating oil, bitumen, LPG, middle distillates
Markets: Bavaria, southern Germany, parts of Austria
Recent: Gunvor reported a sharp group-profit decline in 2025; Ingolstadt remains a core asset, with no capacity expansion announced
Strategic role: A trader-owned inland refinery serving landlocked southern Germany via Mediterranean crude imports
Risks: TAL disruption; outages; European energy and carbon costs; weak margins; declining regional demand</description>
					<LookAt>
						<longitude>11.4804791</longitude>
						<latitude>48.79332109999999</latitude>
						<altitude>0</altitude>
						<heading>0</heading>
						<tilt>0</tilt>
						<gx:fovy>35</gx:fovy>
						<range>1583.136136304032</range>
						<altitudeMode>relativeToGround</altitudeMode>
					</LookAt>
					<styleUrl>#default2</styleUrl>
					<Point>
						<altitudeMode>relativeToGround</altitudeMode>
						<coordinates>11.4804791,48.7933211,0</coordinates>
					</Point>
				</Placemark>
				<Placemark id="0139C43BD53EAF130578">
					<name>Aster Bukom Refinery &amp; Petrochemical Complex</name>
					<description>Status: Operational
Owner: Aster Chemicals and Energy (Chandra Asri–Glencore JV); Shell completed the sale in April 2025
Capacity: ~237,000 b/d plus a 1.1 Mt/yr ethylene cracker; ~307,000 b/d planned after a 70,000 b/d condensate splitter starts (H2 2026)
Feedstock: Imported crude, condensate and naphtha
Main products: Gasoline, diesel, jet, naphtha, LPG, marine fuels, base oils, petrochemical feedstocks
Markets: Singapore; SE and NE Asia exports
Recent: ~US$155m modernisation to lift capacity and product value
Strategic role: Integrated refining, chemicals and trading hub beside the Singapore Strait
Risks: Imported-feedstock dependence; Malacca/Singapore Strait congestion; outages; carbon costs; weak Asian petrochemical margins</description>
					<LookAt>
						<longitude>103.7543252009457</longitude>
						<latitude>1.235385793375775</latitude>
						<altitude>1.664134290442076</altitude>
						<heading>0</heading>
						<tilt>0</tilt>
						<gx:fovy>34.99999999999982</gx:fovy>
						<range>6459.415970871923</range>
						<altitudeMode>absolute</altitudeMode>
					</LookAt>
					<styleUrl>#default2</styleUrl>
					<Point>
						<coordinates>103.7668729626669,1.233288599538126,6.555920423163444</coordinates>
					</Point>
				</Placemark>
				<Placemark id="03CC2AA86E3EB75AA49C">
					<name>MOL Danube Refinery</name>
					<description>Status: Reduced
Owner: MOL Group
Capacity: ~8.1 Mt/yr (~165,000 b/d)
Feedstock: Traditionally Russian crude via Druzhba; alternative supply via the Adria pipeline from the Adriatic
Main products: Gasoline, diesel, jet, LPG, heating oil, bitumen, sulphur, petrochemical feedstocks
Markets: Hungary and Central Europe
Renewables: 10 MW electrolyser in operation — ~1,600 t/yr green hydrogen for refinery decarbonisation
Recent: Running at reduced capacity after an October 2025 fire on the AV3 crude unit; full capacity expected Q3 2026
Strategic role: Hungary&apos;s principal refinery and the country&apos;s fuel-supply hub
Risks: Druzhba disruption; Russian-crude dependence; Adria capacity limits; outages; inland logistics; energy and carbon costs</description>
					<LookAt>
						<longitude>18.89850153628964</longitude>
						<latitude>47.28434477978583</latitude>
						<altitude>157.6344959498563</altitude>
						<heading>0</heading>
						<tilt>0</tilt>
						<gx:fovy>35</gx:fovy>
						<range>3935.049430835643</range>
						<altitudeMode>absolute</altitudeMode>
					</LookAt>
					<styleUrl>#default2</styleUrl>
					<Point>
						<coordinates>18.89370419822317,47.28394950929512,157.6343872242244</coordinates>
					</Point>
				</Placemark>
				<Placemark id="06F4988BF93EB78E9536">
					<name>Slovnaft Bratislava Refinery</name>
					<description>Status: Operational
Owner: Slovnaft a.s. (MOL Group)
Capacity: ~124,000 b/d (~6.1 Mt/yr); Nelson Complexity ~11.5
Feedstock: Traditionally Russian Urals via southern Druzhba; growing non-Russian share via the Adria pipeline and MOL&apos;s network
Main products: Gasoline, diesel, jet, LPG, heating oil, bitumen, sulphur, petrochemical feedstocks
Markets: Slovakia; Czechia, Austria, Hungary, Poland
Recent: Non-Russian processing increased, but diversification is constrained by Adria availability and refinery adaptation — a 2025 Arab Light delivery shortfall exposed the limits
Strategic role: Slovakia&apos;s only refinery and one of Central Europe&apos;s most complex refining-petrochemical sites
Risks: Druzhba disruption; Russian-crude dependence; Adria constraints; sanctions; inland logistics; energy and carbon costs</description>
					<LookAt>
						<longitude>17.18544316882235</longitude>
						<latitude>48.11485790695306</latitude>
						<altitude>132.2735301603209</altitude>
						<heading>0</heading>
						<tilt>0</tilt>
						<gx:fovy>35</gx:fovy>
						<range>6448.531770212576</range>
						<altitudeMode>absolute</altitudeMode>
					</LookAt>
					<styleUrl>#default2</styleUrl>
					<Point>
						<coordinates>17.17419516414537,48.11828399989759,135.5476730853717</coordinates>
					</Point>
				</Placemark>
				<Placemark id="0676CCA4EB3EB791CB54">
					<name>ORLEN Unipetrol Litvínov Refinery</name>
					<description>Status: Operational
Owner: ORLEN Unipetrol (ORLEN Group)
Capacity: ~5.8 Mt/yr (~115,000–120,000 b/d) — Czechia&apos;s largest refinery
Feedstock: Historically Russian Urals via Druzhba; since early 2025, non-Russian blends via the TAL and IKL pipelines
Main products: Gasoline, diesel, jet components, LPG, heating oil, sulphur, petrochemical feedstocks
Markets: Czech Republic and Central Europe
Recent: 2025 — technical preparations completed for a wider crude slate; Russian deliveries ended. Emergency shutdown during the July 2025 Czech power outage, full restart later that month
Strategic role: Key element of Czechia&apos;s exit from Russian oil dependence
Risks: TAL/IKL disruption; grid failures; outages; inland logistics; energy and carbon costs; adapting to new crude qualities</description>
					<LookAt>
						<longitude>13.60541802658853</longitude>
						<latitude>50.56048354138354</latitude>
						<altitude>241.3441822139542</altitude>
						<heading>0</heading>
						<tilt>0</tilt>
						<gx:fovy>35</gx:fovy>
						<range>5143.212021053187</range>
						<altitudeMode>absolute</altitudeMode>
					</LookAt>
					<styleUrl>#default2</styleUrl>
					<Point>
						<coordinates>13.61230467861704,50.55890348158168,241.3583716678835</coordinates>
					</Point>
				</Placemark>
				<Placemark id="08C5BE10003EB7937597">
					<name>ORLEN Unipetrol Kralupy Refinery</name>
					<description>Status: Operational
Owner: ORLEN Unipetrol (ORLEN Group)
Capacity: ~3.3 Mt/yr (~65,000–70,000 b/d)
Feedstock: Light, low-sulphur crudes from Azerbaijan, Kazakhstan and Algeria, delivered from Trieste via TAL and IKL
Main products: Gasoline, diesel, LPG, jet components, sulphur, petrochemical feedstocks
Markets: Czech Republic and neighbours
Recent: Major turnaround and modernisation in spring 2026; restarted in May after over a month
Strategic role: Czech conversion refinery (FCC) supporting the move away from Russian crude
Risks: TAL/IKL disruption; inland logistics; power outages; maintenance; energy and carbon costs</description>
					<LookAt>
						<longitude>14.32742352111953</longitude>
						<latitude>50.25771596444726</latitude>
						<altitude>175.7354298203102</altitude>
						<heading>0</heading>
						<tilt>0</tilt>
						<gx:fovy>35</gx:fovy>
						<range>5823.923280586023</range>
						<altitudeMode>absolute</altitudeMode>
					</LookAt>
					<styleUrl>#default2</styleUrl>
					<Point>
						<coordinates>14.32616514723769,50.258517202616,175.8536708314978</coordinates>
					</Point>
				</Placemark>
				<Placemark id="09C8EF4BC13EB8B1E0B0">
					<name>ExxonMobil Rotterdam Refinery</name>
					<description>Status: Operational
Owner: ExxonMobil (Esso Nederland B.V.)
Capacity: ~190,000 b/d
Feedstock: Wide slate, light sweet to heavy sour, by ship to the Maasvlakte and Europoort tank farms then by pipeline to the refinery
Main products: LPG, naphtha, kerosene, diesel, sulphur, petcoke, chemical feedstocks, Group II/II+ base oils
Markets: Netherlands and NW European fuel, lubricant and petrochemical markets
Recent: ExxonMobil paused a European chemical-recycling investment (incl. Rotterdam) in 2025 over EU recycled-content rules
Strategic role: Integrated refinery-aromatics-hydrogen complex; the 2019 hydrocracker upgrade made it Europe&apos;s only world-scale Group II/II+ producer
Risks: Rhine and port logistics; outages; energy and carbon costs; regulatory uncertainty; margins</description>
					<LookAt>
						<longitude>4.290000014141315</longitude>
						<latitude>51.87619999978519</latitude>
						<altitude>3.105743505071548</altitude>
						<heading>0</heading>
						<tilt>0</tilt>
						<gx:fovy>35</gx:fovy>
						<range>497.9542197939008</range>
						<altitudeMode>absolute</altitudeMode>
					</LookAt>
					<styleUrl>#default2</styleUrl>
					<Point>
						<coordinates>4.289804629067476,51.87614115886368,3.032522165490025</coordinates>
					</Point>
				</Placemark>
				<Placemark id="0A913C9C043EDC3F4AF1">
					<name>Rosneft Novokuibyshevsk Refinery</name>
					<description>Status: Reduced
Owner: Rosneft (Samara refining group)
Capacity: 8.8 Mt/yr (~175,000–180,000 b/d); 2024 throughput ~5.74 Mt
Feedstock: Crude from Orenburg, West Siberia and Rosneft&apos;s Samara production
Main products: Gasoline, diesel, jet, LPG, fuel oil, bitumen, sulphur, petrochemical intermediates
Markets: Volga region and Russian domestic market
Recent: Primary processing halted after a drone attack on 18 April 2026; still at reduced throughput in June 2026
Strategic role: One of the main Volga-region refineries — cat cracking, delayed coking, reforming, isomerisation, hydrotreating
Risks: Drone attacks; fires; long shutdowns; sanctions; replacement-equipment access; pipeline disruption</description>
					<LookAt>
						<longitude>49.91632224118043</longitude>
						<latitude>53.10287553045642</latitude>
						<altitude>85.33406797258328</altitude>
						<heading>0</heading>
						<tilt>0</tilt>
						<gx:fovy>34.99998069836616</gx:fovy>
						<range>11703.47873310093</range>
						<altitudeMode>absolute</altitudeMode>
					</LookAt>
					<styleUrl>#default2</styleUrl>
					<Point>
						<coordinates>49.90785013877145,53.09873298263044,77.00854680292835</coordinates>
					</Point>
				</Placemark>
				<Placemark id="05A97C7E0C3F23806BD3">
					<name>Rosneft Tuapse Refinery</name>
					<description>Status: Reduced
Owner: Rosneft
Capacity: ~12 Mt/yr (~240,000 b/d)
Feedstock: Russian crude via the domestic pipeline and rail network
Main products: Diesel, naphtha, fuel oil, LPG, sulphur — export-oriented
Markets: Mediterranean and Black Sea exports via the adjacent Tuapse marine terminal (~10.2 Mt/yr handling capacity)
Recent: Operations halted after a drone attack in April 2026; a second strike that month caused a major fire
Strategic role: Major export-oriented Black Sea refinery tied directly to the Tuapse products terminal
Risks: Drone and missile attacks; Black Sea security; sanctions; terminal shutdowns; fires; restricted market access</description>
					<LookAt>
						<longitude>39.0984808</longitude>
						<latitude>44.1016933</latitude>
						<altitude>17.35736417100845</altitude>
						<heading>0</heading>
						<tilt>0</tilt>
						<gx:fovy>35</gx:fovy>
						<range>1400.787211478139</range>
						<altitudeMode>absolute</altitudeMode>
					</LookAt>
					<styleUrl>#default2</styleUrl>
					<ExtendedData>
						<SchemaData schemaUrl="#__managed_schema00">
							<SimpleData name="052D11D80C3F23806BD6">0</SimpleData>
						</SchemaData>
					</ExtendedData>
					<Point>
						<extrude>1</extrude>
						<coordinates>39.09741782566772,44.10241891901108,14.8588945814701</coordinates>
					</Point>
				</Placemark>
				<Placemark id="035ECDB22B3F39E1E2F9">
					<name>Lanaz Refinery</name>
					<description>Status: Reduced
Owner: Lanaz Company for Refineries and Refining of Petroleum Products (private, Kurdistan)
Capacity: ~75,000 b/d nominal (KRG); up to 100,000 b/d design cited by Honeywell UOP publications
Feedstock: Crude from Kurdistan Region fields
Main products: Gasoline, diesel, naphtha, LPG, fuel oil, bitumen/asphalt — up to ~1.7 million litres/day of gasoline and 5,000 t/day of asphalt
Markets: Erbil and the Kurdistan Region; some bitumen and product exports
Recent: A March 2026 drone strike caused a fire and a precautionary production halt; effective rate then reported ~40,000 b/d
Strategic role: One of the principal modern refineries serving Erbil, reducing product imports
Risks: Drone attacks; regional instability; crude-supply interruptions; fires; uncertain utilisation</description>
					<LookAt>
						<longitude>43.79053160000001</longitude>
						<latitude>36.13533049999999</latitude>
						<altitude>0</altitude>
						<heading>0</heading>
						<tilt>0</tilt>
						<gx:fovy>35</gx:fovy>
						<range>833.6125569674979</range>
						<altitudeMode>relativeToGround</altitudeMode>
					</LookAt>
					<styleUrl>#default2</styleUrl>
					<Point>
						<altitudeMode>relativeToGround</altitudeMode>
						<coordinates>43.7905316,36.13533049999999,0</coordinates>
					</Point>
				</Placemark>
				<Placemark id="06D0FD3EF93F39E6DA67">
					<name>Baizan Oil Refinery</name>
					<description>Status: Operational
Owner: Qaiwan Group (historically Bezhan Petrochemical)
Capacity: ~40,000–45,000 b/d
Feedstock: Regional crude from northern Iraq and the Kurdistan Region
Main products: Diesel, gasoline, kerosene, naphtha, fuel oil
Markets: Kurdistan Region and northern Iraq
Recent: Past expansions added gasoline processing, pre-flash, LPG loading/unloading and supporting infrastructure
Strategic role: One of the Kurdistan Region&apos;s main private refineries, supporting local fuel supply
Risks: Political instability; crude-supply disruption; infrastructure limits; outages; fuel-quality regulation; local-market dependence</description>
					<LookAt>
						<longitude>45.0190115</longitude>
						<latitude>35.6738575</latitude>
						<altitude>0</altitude>
						<heading>0</heading>
						<tilt>0</tilt>
						<gx:fovy>35</gx:fovy>
						<range>838.9738133519746</range>
						<altitudeMode>relativeToGround</altitudeMode>
					</LookAt>
					<styleUrl>#default2</styleUrl>
					<Point>
						<altitudeMode>relativeToGround</altitudeMode>
						<coordinates>45.0190115,35.6738575,0</coordinates>
					</Point>
				</Placemark>
				<Placemark id="0D693674733F39E868C4">
					<name>South Refineries Company – Basra Refinery</name>
					<description>Status: Operational
Owner: South Refineries Company (Iraqi Ministry of Oil)
Capacity: ~210,000 b/d
Feedstock: Iraqi crude from the southern fields around Basra
Main products: LPG, gasoline, kerosene, jet, diesel, fuel oil, marine fuel, base oils
Markets: Southern Iraq and the national market
Recent: Major modernisation — new conversion and fuel-quality units to raise gasoline output; commercial operation of upgraded facilities expected from late 2025
Strategic role: One of Iraq&apos;s largest refining sites and the principal fuel supplier to Basra and the south
Risks: Power outages; ageing infrastructure; interruptions; security; crude-supply disruption; project delays</description>
					<LookAt>
						<longitude>47.66685409999999</longitude>
						<latitude>30.45065369999999</latitude>
						<altitude>0</altitude>
						<heading>0</heading>
						<tilt>0</tilt>
						<gx:fovy>35</gx:fovy>
						<range>895.7480488083368</range>
						<altitudeMode>relativeToGround</altitudeMode>
					</LookAt>
					<styleUrl>#default2</styleUrl>
					<Point>
						<altitudeMode>relativeToGround</altitudeMode>
						<coordinates>47.6669321,30.4506934,0</coordinates>
					</Point>
				</Placemark>
				<Placemark id="0AF4D980803F39EAB110">
					<name>Baiji refinery</name>
					<description>Status: Operational
Owner: North Refineries Company (Iraqi Ministry of Oil)
Capacity: ~290,000–310,000 b/d nominal for the full Al-Sumood complex; a rehabilitated 150,000 b/d North Refinery restarted Feb 2024 after ~10 years offline, bringing restored capacity to ~290,000 b/d
Feedstock: Iraqi crude via the national pipeline network (northern and central fields)
Main products: Gasoline, diesel, kerosene, jet, LPG, naphtha, fuel oil, sulphur
Markets: Baghdad and northern/central Iraq
Recent: Rehabilitation continuing; early-2026 reporting credited Baiji with much of Iraq&apos;s rising refining capacity. A Feb 2026 fire at a fuel unit was contained (one fatality)
Strategic role: Historically Iraq&apos;s largest refining centre — key to cutting gasoline and diesel imports
Risks: War-damaged, ageing infrastructure; fires; power failures; pipeline interruptions; security; nominal vs actual throughput</description>
					<LookAt>
						<longitude>43.4933125</longitude>
						<latitude>35.0054375</latitude>
						<altitude>0</altitude>
						<heading>0</heading>
						<tilt>0</tilt>
						<gx:fovy>35</gx:fovy>
						<range>846.6429661067937</range>
						<altitudeMode>relativeToGround</altitudeMode>
					</LookAt>
					<styleUrl>#default2</styleUrl>
					<Point>
						<altitudeMode>relativeToGround</altitudeMode>
						<coordinates>43.49331249999999,35.0054375,0</coordinates>
					</Point>
				</Placemark>
				<Placemark id="0A97B2A6A03F39ECF13C">
					<name>Midland Refineries Company – Daura Refinery</name>
					<description>Status: Operational
Owner: Midland Refineries Company (Iraqi Ministry of Oil)
Capacity: ~110,000 b/d nominal; historically often below, owing to ageing equipment and outages
Feedstock: Iraqi crude from central and northern fields via the national pipeline network
Main products: Gasoline, diesel, kerosene, jet components, LPG, fuel oil, naphtha, bitumen
Markets: Baghdad and central Iraq
Recent: Ongoing rehabilitation — power generation, reforming, diesel hydrotreating; an 18 MW gas-power unit restarted in 2024, improving electricity reliability
Strategic role: One of Iraq&apos;s oldest refineries, mainly hydroskimming — the principal refining asset serving Baghdad
Risks: Ageing infrastructure; low conversion; electricity failures; fires; pipeline interruptions; urban environmental impact</description>
					<LookAt>
						<longitude>44.4249515</longitude>
						<latitude>33.2780815</latitude>
						<altitude>0</altitude>
						<heading>0</heading>
						<tilt>0</tilt>
						<gx:fovy>35</gx:fovy>
						<range>865.9233338120932</range>
						<altitudeMode>relativeToGround</altitudeMode>
					</LookAt>
					<styleUrl>#default2</styleUrl>
					<Point>
						<altitudeMode>relativeToGround</altitudeMode>
						<coordinates>44.4249823,33.2780469,0</coordinates>
					</Point>
				</Placemark>
				<Placemark id="010A05BCD03F39FB8517">
					<name>North Refineries Company – Haditha Refinery</name>
					<description>Status: Operational
Owner: North Refineries Company (Iraqi Ministry of Oil)
Capacity: Historically ~16,000 b/d; a new 20,000 b/d unit launched to reach ~36,000 b/d; a broader project targets up to 70,000 b/d with Honeywell UOP support
Feedstock: Iraqi crude via the national pipeline and storage system
Main products: Gasoline, diesel, kerosene, naphtha, fuel oil, LPG-related streams
Markets: Al-Anbar and western Iraq
Strategic role: Locally refined fuel for a region far from Iraq&apos;s main refining centres; importance could grow with the proposed Basra–Haditha crude pipeline
Risks: Uncertain expansion timetable; pipeline dependence; ageing infrastructure; electricity interruptions; security; limited public operating data</description>
					<LookAt>
						<longitude>42.36162909999999</longitude>
						<latitude>34.0700111</latitude>
						<altitude>0</altitude>
						<heading>0</heading>
						<tilt>0</tilt>
						<gx:fovy>35</gx:fovy>
						<range>857.1814450962986</range>
						<altitudeMode>relativeToGround</altitudeMode>
					</LookAt>
					<styleUrl>#default2</styleUrl>
					<Point>
						<altitudeMode>relativeToGround</altitudeMode>
						<coordinates>42.3616246,34.0700113,0</coordinates>
					</Point>
				</Placemark>
				<Placemark id="00704926E43F39FE1427">
					<name>Midland Refineries Company – Najaf Refinery</name>
					<description>Status: Operational
Owner: Midland Refineries Company (Iraqi Ministry of Oil)
Capacity: ~30,000 b/d; planned 100,000 b/d via a new 70,000 b/d unit — works launched 2025, completion targeted within ~one year
Feedstock: Iraqi crude via the national pipeline and storage network
Main products: Gasoline, diesel, kerosene, fuel oil — ~825,000 l/d gasoline, 650,000 l/d kerosene, 650,000 l/d gas oil, ~6 million l/d fuel oil for Najaf and Karbala power stations
Markets: Najaf, Karbala and central Iraq
Strategic role: Part of Iraq&apos;s strategy to cut product imports and grow domestic refining
Risks: Expansion delays; ageing units; power interruptions; pipeline dependence; cost overruns; nominal vs actual throughput</description>
					<LookAt>
						<longitude>44.25978679999999</longitude>
						<latitude>32.2328188</latitude>
						<altitude>0</altitude>
						<heading>0</heading>
						<tilt>0</tilt>
						<gx:fovy>35</gx:fovy>
						<range>877.2044275909125</range>
						<altitudeMode>relativeToGround</altitudeMode>
					</LookAt>
					<styleUrl>#default2</styleUrl>
					<Point>
						<altitudeMode>relativeToGround</altitudeMode>
						<coordinates>44.2597868,32.2328188,0</coordinates>
					</Point>
				</Placemark>
				<Placemark id="017FD5AE0A3F39FE58C4">
					<name>Midland Refineries Company – Samawah Refinery</name>
					<description>Status: Operational
Owner: Midland Refineries Company (Iraqi Ministry of Oil)
Capacity: ~30,000 b/d
Feedstock: Iraqi crude via the national distribution and pipeline network
Main products: Gasoline, kerosene, diesel, fuel oil — a simple refinery with limited conversion
Markets: Al-Muthanna and surrounding southern/central Iraq
Recent: Iraq has separately promoted a 70,000 b/d Al-Samawah investment refinery — a development opportunity, not the existing plant
Strategic role: Local supply that avoids hauling all products from Basra, Karbala and Baghdad
Risks: Ageing equipment; low conversion; power interruptions; maintenance constraints; pipeline dependence; uncertainty over the proposed expansion</description>
					<LookAt>
						<longitude>45.25418749999999</longitude>
						<latitude>31.2464375</latitude>
						<altitude>0</altitude>
						<heading>0</heading>
						<tilt>0</tilt>
						<gx:fovy>35</gx:fovy>
						<range>887.5767382436487</range>
						<altitudeMode>relativeToGround</altitudeMode>
					</LookAt>
					<styleUrl>#default2</styleUrl>
					<Point>
						<altitudeMode>relativeToGround</altitudeMode>
						<coordinates>45.2541875,31.2464375,0</coordinates>
					</Point>
				</Placemark>
				<Placemark id="06268871DE3F39FF2AB9">
					<name>South Refineries Company – Dhi Qar Refinery</name>
					<description>Status: Operational
Owner: South Refineries Company (Iraqi Ministry of Oil); also known as Nasiriyah Refinery
Capacity: ~30,000 b/d — three ~10,000 b/d units plus a ~500 t/day asphalt unit; first units 1980–81, commercial production from 1984
Feedstock: Iraqi crude from southern fields via the national network
Main products: Gasoline components, diesel, kerosene, fuel oil, naphtha, asphalt/bitumen
Markets: Dhi Qar, Nasiriyah and southern Iraq
Strategic role: Regional fuel and asphalt supply reducing dependence on the Basra complex
Risks: Ageing equipment; low complexity; electricity interruptions; maintenance constraints; limited transparency; regional supply dependence</description>
					<LookAt>
						<longitude>46.2199375</longitude>
						<latitude>30.9943125</latitude>
						<altitude>0</altitude>
						<heading>0</heading>
						<tilt>0</tilt>
						<gx:fovy>35</gx:fovy>
						<range>890.1847795734978</range>
						<altitudeMode>relativeToGround</altitudeMode>
					</LookAt>
					<styleUrl>#default2</styleUrl>
					<Point>
						<altitudeMode>relativeToGround</altitudeMode>
						<coordinates>46.2199375,30.9943125,0</coordinates>
					</Point>
				</Placemark>
				<Placemark id="0F644673683F3A113A18">
					<name>Baniyas Refinery</name>
					<description>Status: Operational
Owner: Syrian state (Syrian Petroleum Company; historically Baniyas Refinery Company)
Capacity: ~125,000–130,000 b/d nominal; ~95,000 b/d effective in late 2025 due to degraded facilities; full production reportedly resumed May 2026 after maintenance
Feedstock: Syrian light and heavy crudes from north-eastern fields plus imports — historically Iranian, more recently Saudi; four trains sized for lighter Euphrates and heavier Syrian grades
Main products: Gasoline, diesel, kerosene, LPG, naphtha, fuel oil, bitumen
Markets: Syria&apos;s domestic market; growing regional transit/re-export potential
Recent: Connected to the Baniyas Mediterranean terminal, now being developed as an alternative transit route for Iraqi crude, fuel oil and naphtha
Strategic role: Syria&apos;s largest refinery and central to post-war fuel security
Risks: Ageing infrastructure; uncertain crude availability; pipeline damage; sanctions legacy; power interruptions; spills; regional security</description>
					<LookAt>
						<longitude>35.95942709999999</longitude>
						<latitude>35.2162342</latitude>
						<altitude>0</altitude>
						<heading>0</heading>
						<tilt>0</tilt>
						<gx:fovy>35</gx:fovy>
						<range>844.2367658019648</range>
						<altitudeMode>relativeToGround</altitudeMode>
					</LookAt>
					<styleUrl>#default2</styleUrl>
					<Point>
						<altitudeMode>relativeToGround</altitudeMode>
						<coordinates>35.9594271,35.2162342,0</coordinates>
					</Point>
				</Placemark>
				<Placemark id="06BC5073B93F3A187DE1">
					<name>Midland Refineries Company – Karbala Refinery</name>
					<description>Status: Operational
Owner: Iraqi Ministry of Oil; operated by Midland Refineries Company, with O&amp;M support contracted to Rowwad Al-Qimmah
Capacity: 140,000 b/d; inaugurated April 2023 — modern conversion refinery (cat cracking, hydrotreating, reforming, isomerisation, hydrogen and sulphur recovery); ~200 MW integrated power plant
Feedstock: Iraqi crude mainly from the south via the national pipeline network
Main products: LPG, gasoline, kerosene, jet, diesel, heavy gas oil, fuel oil, bitumen, sulphur — low-sulphur European-type specs
Markets: Central and southern Iraq
Recent: Throughput ~115,000 b/d in Aug 2025 per industry reporting; officials later reported full capacity
Strategic role: One of Iraq&apos;s newest and most advanced refineries, built to cut gasoline and diesel imports
Risks: Pipeline disruption; crude or utility shortages; commissioning issues; security; contract issues; nominal vs actual throughput</description>
					<LookAt>
						<longitude>44.07990739999999</longitude>
						<latitude>32.3707476</latitude>
						<altitude>0</altitude>
						<heading>0</heading>
						<tilt>0</tilt>
						<gx:fovy>35</gx:fovy>
						<range>875.7327668659553</range>
						<altitudeMode>relativeToGround</altitudeMode>
					</LookAt>
					<styleUrl>#default2</styleUrl>
					<Point>
						<altitudeMode>relativeToGround</altitudeMode>
						<coordinates>44.0799074,32.3707476,0</coordinates>
					</Point>
				</Placemark>
				<Placemark id="025B0D49523F4B68D7B2">
					<name>Dung Quat Oil Refinery</name>
					<description>Status: Operational
Owner: Binh Son Refining and Petrochemical JSC (BSR), majority Petrovietnam
Capacity: 148,000 b/d nominal; expansion (~$1.5bn) planned to 171,000 b/d
Feedstock: Vietnamese sweet crude (Bach Ho), increasingly blended with imports such as Murban and other Asian/Middle East grades
Main products: Gasoline, diesel, jet, LPG, polypropylene, fuel oil, sulphur
Markets: Vietnam; selected petrochemical and by-product exports
Recent: Ran ~123.5% of adjusted capacity in Q1 2026; sulphur pastilles launched 2025; expansion preparations ongoing
Strategic role: Vietnam&apos;s first refinery and a pillar of national fuel security
Risks: Domestic crude availability; imported-crude freight and Hormuz exposure; typhoons; outages; expansion delays</description>
					<LookAt>
						<longitude>108.8220273</longitude>
						<latitude>15.3540319</latitude>
						<altitude>0</altitude>
						<heading>0</heading>
						<tilt>0</tilt>
						<gx:fovy>35</gx:fovy>
						<range>2492.143188807066</range>
						<altitudeMode>relativeToGround</altitudeMode>
					</LookAt>
					<styleUrl>#default2</styleUrl>
					<Point>
						<altitudeMode>relativeToGround</altitudeMode>
						<coordinates>108.8220273,15.3540319,0</coordinates>
					</Point>
				</Placemark>
				<Placemark id="0DEF63193A3F60C0D278">
					<name>Raffinerie de Lavéra</name>
					<description>Status: Operational
Owner: Petroineos Manufacturing France (INEOS–PetroChina JV)
Capacity: ~210,000 b/d (~10 Mt/yr)
Feedstock: Imported crude by tanker via Lavéra&apos;s Mediterranean terminal and jetties
Main products: LPG, naphtha, gasoline, diesel, heating oil, marine gasoil, Jet A-1, fuel oils, bunkers, bitumen grades
Markets: Southern and south-eastern France, local airports, Rhône valley and Alps, Switzerland, southern Germany, Mediterranean — via the SPMR and NATO pipelines, ship, river, rail, road
Recent: April 2024 — INEOS acquired TotalEnergies&apos; adjacent Lavéra petrochemical assets (Naphtachimie cracker, Appryl PP, Gexaro aromatics, naphtha storage). Since Grangemouth stopped refining (April 2025), Lavéra is Petroineos&apos; principal crude refinery
Strategic role: The largest refinery in southern France and one of southern Europe&apos;s largest sites — fuels, jet, bunkers and bitumen
Risks: Mediterranean import disruption; unit outages; reliance on integrated chemicals; pipeline interruptions; labour; fires; energy and carbon costs; declining fuel demand</description>
					<LookAt>
						<longitude>4.9973598</longitude>
						<latitude>43.38874029999999</latitude>
						<altitude>0</altitude>
						<heading>0</heading>
						<tilt>0</tilt>
						<gx:fovy>35</gx:fovy>
						<range>1775.672380432744</range>
						<altitudeMode>relativeToGround</altitudeMode>
					</LookAt>
					<styleUrl>#default2</styleUrl>
					<Point>
						<altitudeMode>relativeToGround</altitudeMode>
						<coordinates>4.9973598,43.38874029999999,0</coordinates>
					</Point>
				</Placemark>
				<Placemark id="020D85F33C3F60C57D88">
					<name>TotalEnergies Plateforme de Feyzin - Zone A Bitume</name>
					<description>Status: Operational
Owner: TotalEnergies Raffinage France
Capacity: ~119,000 b/d (~5 Mt/yr)
Feedstock: Imported crude by pipeline from the Fos-sur-Mer terminals via the SPSE system and the Saint-Quentin-Fallavier crude storage
Main products: Gasoline, jet, diesel, heating oil, heavy fuel oil, LPG, bitumen; petrochemicals — ethylene, propylene, butadiene, aromatics
Markets: Auvergne-Rhône-Alpes and eastern France — produces &gt;55% of fuels consumed in Rhône-Alpes; &gt;1,000 km of pipelines plus rail, road, barge
Recent: ~€550m invested over ten years in safety, quality and performance, incl. &gt;€150m on environmental impact
Strategic role: One of TotalEnergies&apos; three crude refineries in metropolitan France; integrated inland refining-petrochemical complex south of Lyon
Risks: Dependence on the Fos–Feyzin crude pipeline; outages; pipeline disruptions; labour; fires; environmental restrictions; energy and carbon costs; declining road-fuel demand</description>
					<LookAt>
						<longitude>4.847133199999999</longitude>
						<latitude>45.6737966</latitude>
						<altitude>0</altitude>
						<heading>0</heading>
						<tilt>0</tilt>
						<gx:fovy>35</gx:fovy>
						<range>1695.744047812515</range>
						<altitudeMode>relativeToGround</altitudeMode>
					</LookAt>
					<styleUrl>#default2</styleUrl>
					<Point>
						<altitudeMode>relativeToGround</altitudeMode>
						<coordinates>4.8471332,45.6737966,0</coordinates>
					</Point>
				</Placemark>
				<Placemark id="0429F90FA83F7ED8A192">
					<name>TotalEnergies Donges Refinery – Nantes–Saint-Nazaire</name>
					<description>Status: Operational
Owner: TotalEnergies Raffinage France
Capacity: ~230,000 b/d; ~20 production units
Feedstock: Imported crude via the deep-water terminals of the Port of Nantes–Saint-Nazaire
Main products: Gasoline, diesel, jet, LPG, heating oil, marine fuels, bitumen, intermediates
Markets: Western France, the Paris region, Atlantic Europe
Recent: Horizon modernisation (~€400m) for low-sulphur fuels and competitiveness; major 2026 turnaround, units restarting progressively in June
Strategic role: One of TotalEnergies&apos; three operating refineries in metropolitan France — key fuel supplier to western France
Risks: Atlantic marine logistics; outages; labour; fires; energy and carbon costs; environmental constraints; regional demand</description>
					<LookAt>
						<longitude>-2.0673946</longitude>
						<latitude>47.3163875</latitude>
						<altitude>0</altitude>
						<heading>0</heading>
						<tilt>0</tilt>
						<gx:fovy>35</gx:fovy>
						<range>1636.92020139366</range>
						<altitudeMode>relativeToGround</altitudeMode>
					</LookAt>
					<styleUrl>#default2</styleUrl>
					<Point>
						<altitudeMode>relativeToGround</altitudeMode>
						<coordinates>-2.0674723,47.3163743,0</coordinates>
					</Point>
				</Placemark>
				<Placemark id="026F5C12253F7F2E7513">
					<name>Port-Jérôme-Gravenchon Refinery</name>
					<description>Status: Operational
Owner: North Atlantic Energies (North Atlantic France) — formerly Esso S.A.F. / ExxonMobil; acquisition completed Nov 2025, then renamed
Capacity: ~230,000 b/d of crude and other feedstocks (older sources 240,000–270,000 b/d); two crude trains plus conversion units
Feedstock: Imported crude and intermediates via the lower-Seine maritime, terminal and pipeline network
Main products: Gasoline, diesel, jet, LPG, heating oil, heavy fuel oil, base oils, specialities
Markets: Normandy, the Paris region, NW Europe
Recent: Ownership change Nov 2025 — North Atlantic Energies now ~20% of French refining capacity
Strategic role: France&apos;s second-largest refinery — transport fuels and base oils, integrated with lubricants and petrochemicals
Risks: Fires; Seine and Le Havre logistics; ageing equipment; labour; energy and carbon costs; weak margins; transition investment</description>
					<LookAt>
						<longitude>0.5509828000000001</longitude>
						<latitude>49.476651</latitude>
						<altitude>0</altitude>
						<heading>0</heading>
						<tilt>0</tilt>
						<gx:fovy>35</gx:fovy>
						<range>1557.985120529115</range>
						<altitudeMode>relativeToGround</altitudeMode>
					</LookAt>
					<styleUrl>#default2</styleUrl>
					<Point>
						<altitudeMode>relativeToGround</altitudeMode>
						<coordinates>0.5509828,49.476651,0</coordinates>
					</Point>
				</Placemark>
				<Placemark id="06F5B7E64C3F7F2F037B">
					<name>TotalEnergies Normandy Refinery</name>
					<description>Status: Operational
Owner: TotalEnergies
Capacity: ~240,000 b/d (~12 Mt/yr) — France&apos;s largest refinery, ~12% of national capacity
Feedstock: Imported crude via the Port of Le Havre and the lower-Seine logistics network
Main products: Gasoline, diesel, jet, LPG, heating oil, fuel oil, petrochemical feedstocks, sustainable aviation fuel
Markets: France, Europe and ~60 countries
Renewables: SAF produced by co-processing
Recent: Remains one of TotalEnergies&apos; principal European refining-petrochemical platforms (olefins, polymers, intermediates)
Strategic role: Critical supplier to northern France and the Paris region
Risks: Unit outages; strikes; Seine and Le Havre logistics; energy and carbon costs; environmental constraints; declining fossil demand</description>
					<LookAt>
						<longitude>0.2249381</longitude>
						<latitude>49.4862735</latitude>
						<altitude>0</altitude>
						<heading>0</heading>
						<tilt>0</tilt>
						<gx:fovy>35</gx:fovy>
						<range>1557.629793689049</range>
						<altitudeMode>relativeToGround</altitudeMode>
					</LookAt>
					<styleUrl>#default2</styleUrl>
					<Point>
						<altitudeMode>relativeToGround</altitudeMode>
						<coordinates>0.2249381,49.4862735,0</coordinates>
					</Point>
				</Placemark>
				<Placemark id="0F4EF174E33F7FC8FF41">
					<name>Valero Pembroke Refinery</name>
					<description>Status: Operational
Owner: Valero Energy
Capacity: ~270,000 b/d total throughput (~220,000 crude + ~50,000 other feedstocks); Nelson Complexity ~11.8; on-site cogeneration
Feedstock: Imported crude and intermediates via the Milford Haven deep-water marine and storage network
Main products: Gasoline, diesel, jet, heating oil, low-sulphur fuel oil
Markets: UK and Ireland; Atlantic and NW Europe
Strategic role: One of Western Europe&apos;s largest and most complex refineries — one of four major UK refineries still operating in 2026
Risks: Milford Haven marine disruption; outages; labour/maintenance; UK energy and carbon costs; regulation; weak European margins</description>
					<LookAt>
						<longitude>-5.0238086</longitude>
						<latitude>51.6813795</latitude>
						<altitude>0</altitude>
						<heading>0</heading>
						<tilt>0</tilt>
						<gx:fovy>35</gx:fovy>
						<range>1475.78096486535</range>
						<altitudeMode>relativeToGround</altitudeMode>
					</LookAt>
					<styleUrl>#default2</styleUrl>
					<Point>
						<altitudeMode>relativeToGround</altitudeMode>
						<coordinates>-5.0238087,51.6813794,0</coordinates>
					</Point>
				</Placemark>
				<Placemark id="0539CC89753FA08F8DA4">
					<name>BP Gelsenkirchen refinery complex</name>
					<description>Status: Operational
Owner: BP Europa SE / Ruhr Oel GmbH — sale to Klesch Group agreed March 2026, completion expected H2 2026 subject to approvals; ~1,800 employees
Capacity: Historically ~265,000 b/d (12 Mt/yr); BP planned a reduction toward ~8 Mt/yr (~175,000–180,000 b/d)
Feedstock: Imported crude via NW European pipelines and terminals
Main products: Gasoline, diesel, jet, heating oil, LPG, ethylene, propylene
Markets: Germany and the Rhine-Ruhr industrial region — transport, aviation, petrochemicals
Recent: March 2026 — agreed sale to Klesch Group
Strategic role: One of Germany&apos;s largest integrated refining-petrochemical sites, serving the Ruhr
Risks: Ownership transition; European overcapacity; energy and carbon costs; unit closures; pipeline disruption; declining regional demand</description>
					<LookAt>
						<longitude>7.049740606944428</longitude>
						<latitude>51.54405453015391</latitude>
						<altitude>30.32855574917301</altitude>
						<heading>0</heading>
						<tilt>0</tilt>
						<gx:fovy>35</gx:fovy>
						<range>7933.802029959625</range>
						<altitudeMode>absolute</altitudeMode>
					</LookAt>
					<styleUrl>#default2</styleUrl>
					<Point>
						<coordinates>7.047603258144561,51.53819523473279,28.58942788441671</coordinates>
					</Point>
				</Placemark>
				<Placemark id="0F229C480B3FCC0E95ED">
					<name>VAROPreem Cressier Refinery</name>
					<description>Status: Operational
Renewables: Co-processing of renewable feedstock in place of crude
Owner: VAROPreem (VARO Refining Cressier SA, fully owned)
Capacity: ~68,000–70,000 b/d of refined products
Feedstock: Imported crude from Fos-sur-Mer via the South European Pipeline (SPSE) and onward connections to Switzerland
Main products: Gasoline, diesel, heating oil, jet components, LPG, bitumen, middle distillates
Markets: Switzerland — ~30% of the Swiss fuel market
Recent: ~8 MW solar facility (~8.4 GWh/yr); residual heat supplies a district-heating network for 5,000+ households
Strategic role: Switzerland&apos;s only operating conventional refinery — critical national supply infrastructure
Risks: Dependence on the Fos/SPSE chain; Alpine and inland logistics; outages; Swiss and European energy costs; carbon regulation; declining fossil demand</description>
					<LookAt>
						<longitude>7.033661299999999</longitude>
						<latitude>47.0400065</latitude>
						<altitude>0</altitude>
						<heading>0</heading>
						<tilt>0</tilt>
						<gx:fovy>35</gx:fovy>
						<range>1646.893266842444</range>
						<altitudeMode>relativeToGround</altitudeMode>
					</LookAt>
					<styleUrl>#default2</styleUrl>
					<Point>
						<altitudeMode>relativeToGround</altitudeMode>
						<coordinates>7.033661299999999,47.04000649999999,0</coordinates>
					</Point>
				</Placemark>
				<Placemark>
					<name>Valero Jean-Gaulin Refinery</name>
					<description>Status: Operational
Owner: Valero Energy
Capacity: ~235,000 b/d (Valero); some Canadian sources cite ~265,000 b/d nominal
Feedstock: Imported and Canadian sweet crudes via the refinery&apos;s marine terminal on the St Lawrence
Main products: Gasoline, diesel, jet, heating oil, butane, low-sulphur fuel oil
Markets: Quebec and eastern Canada, via Valero&apos;s terminals, pipelines and wholesale network
Strategic role: One of Quebec&apos;s two refineries and a major supplier of transport and heating fuels to eastern Canada
Risks: St Lawrence marine disruption; severe winters; outages; maintenance; crude-import dependence; regulation</description>
					<LookAt>
						<longitude>-71.18875931808786</longitude>
						<latitude>46.75997230949475</latitude>
						<altitude>0</altitude>
						<heading>0.0003627930475202075</heading>
						<tilt>0</tilt>
						<range>4114.414264280712</range>
						<gx:altitudeMode>relativeToSeaFloor</gx:altitudeMode>
					</LookAt>
					<styleUrl>#default2</styleUrl>
					<Point>
						<gx:drawOrder>1</gx:drawOrder>
						<coordinates>-71.19020861742359,46.75998669578361,0</coordinates>
					</Point>
				</Placemark>
				<Placemark>
					<name>Suncor Montreal Refinery</name>
					<description>Status: Operational
Owner: Suncor Energy
Capacity: ~137,000 b/d; ~1.4 billion litres of crude storage
Feedstock: Mainly Canadian crude incl. Western Canadian grades via Enbridge Line 9; marine access to imports
Main products: Gasoline, diesel, jet, heating oil, asphalt, heavy fuel oil, solvents, petrochemical and lubricant feedstocks
Markets: Quebec, Ontario, eastern Canada
Recent: Suncor system-wide throughput ~498,000 b/d at ~97% utilisation in Q1 2026 (all refineries, not Montréal alone)
Strategic role: One of Quebec&apos;s two principal refineries — fuels and asphalt for eastern Canada; associated sulphur plant
Risks: Line 9 disruption; marine constraints; outages; severe winters; regulation; carbon costs</description>
					<LookAt>
						<longitude>-73.50856457335985</longitude>
						<latitude>45.63623770612276</latitude>
						<altitude>0</altitude>
						<heading>-0.0009012944147162334</heading>
						<tilt>0</tilt>
						<range>7405.722320944164</range>
						<gx:altitudeMode>relativeToSeaFloor</gx:altitudeMode>
					</LookAt>
					<styleUrl>#default2</styleUrl>
					<Point>
						<gx:drawOrder>1</gx:drawOrder>
						<coordinates>-73.52371464061943,45.63610703792909,0</coordinates>
					</Point>
				</Placemark>
				<Placemark>
					<name>Imperial Oil Sarnia Refinery</name>
					<description>Status: Operational
Owner: Imperial Oil (majority ExxonMobil)
Capacity: ~119,000–124,000 b/d; ~113,000 b/d processed in 2025
Feedstock: Canadian crude — western conventional and synthetic via the regional pipeline network
Main products: Gasoline, diesel, aviation fuel, heating oil, marine fuel, naphtha, petrochemical feedstocks
Markets: Ontario, the Great Lakes, eastern Canada
Recent: Planned turnaround in 2025; Imperial system-wide throughput ~402,000 b/d at 93% utilisation (all three refineries)
Strategic role: Integrated with Imperial&apos;s adjacent chemical plant (polyethylene, solvents, aromatics, higher olefins) in Sarnia&apos;s &quot;Chemical Valley&quot;
Risks: Enbridge Line 5 or other pipeline disruption; Great Lakes logistics; outages; maintenance; regulation; Canadian demand trends</description>
					<LookAt>
						<longitude>-82.40309072910262</longitude>
						<latitude>42.95134559388233</latitude>
						<altitude>0</altitude>
						<heading>0.0008326516732465594</heading>
						<tilt>1.295612578159605</tilt>
						<range>6345.527307144902</range>
						<gx:altitudeMode>relativeToSeaFloor</gx:altitudeMode>
					</LookAt>
					<styleUrl>#default2</styleUrl>
					<Point>
						<gx:drawOrder>1</gx:drawOrder>
						<coordinates>-82.416587967076,42.95221097748494,0</coordinates>
					</Point>
				</Placemark>
				<Placemark id="0ABF44347B3FDB9E58EA">
					<name>Gunvor Energy Rotterdam</name>
					<description>Status: Offline
Owner: Gunvor Group
Capacity: ~75,000 b/d nominal — crude units permanently closed in 2021; no longer a full crude refinery
Feedstock: Historically crude; latterly intermediates and finished products
Main products: LPG, naphtha, gasoline, gasoil (historical)
Markets: Rotterdam and NW Europe
Recent: Operations halted late 2024 (no viable feedstock); July 2025 — plan to mothball Europoort terminal activities announced
Strategic role: Historically a small Rotterdam refinery and terminal — now positioned for conversion toward lower-carbon and sustainable-fuel activities
Risks: Permanent loss of refining; terminal mothballing; weak European margins; feedstock availability; transition-project delays; regulatory uncertainty</description>
					<LookAt>
						<longitude>4.1680114</longitude>
						<latitude>51.9322925</latitude>
						<altitude>0</altitude>
						<heading>0</heading>
						<tilt>0</tilt>
						<gx:fovy>35</gx:fovy>
						<range>1466.330070491477</range>
						<altitudeMode>relativeToGround</altitudeMode>
					</LookAt>
					<styleUrl>#default2</styleUrl>
					<Point>
						<altitudeMode>relativeToGround</altitudeMode>
						<coordinates>4.1680186,51.9322926,0</coordinates>
					</Point>
				</Placemark>
				<Placemark id="0A1B1F07B940677889E3">
					<name>Amreya Petroleum Refining Company — APRC</name>
					<description>Status: Operational
Owner: Amreya Petroleum Refining Company (wholly owned by EGPC)
Capacity: ~81,000 b/d (~3.8 Mt/yr) — mainly hydroskimming with reforming, aromatics, lubricant and wax units
Feedstock: Egyptian and imported crude via Alexandria&apos;s petroleum infrastructure
Main products: Gasoline, diesel, jet, LPG/butane, base oils, waxes, alkyl benzene, aromatics
Markets: Egypt; selected exports of waxes, distillates and specialities
Recent: ~3 Mt of products in FY2024/25 plus ~1.1 Mt of feedstocks to other Egyptian companies; &gt;EGP 2bn of 2025 projects incl. a 5,000 m³/h hydrogen-unit restart and ~100,000 t/yr more gasoline
Strategic role: Part of the Alexandria refining cluster — fuels plus higher-value lubricants, waxes and aromatics
Risks: Ageing infrastructure; low conversion; outages; high energy use; fire hazards; dependence on Alexandria logistics</description>
					<LookAt>
						<longitude>29.8576038</longitude>
						<latitude>31.09888889999999</latitude>
						<altitude>0</altitude>
						<heading>0</heading>
						<tilt>0</tilt>
						<gx:fovy>35</gx:fovy>
						<range>2158.075711590774</range>
						<altitudeMode>relativeToGround</altitudeMode>
					</LookAt>
					<styleUrl>#default2</styleUrl>
					<Point>
						<altitudeMode>relativeToGround</altitudeMode>
						<coordinates>29.8576038,31.0988889,0</coordinates>
					</Point>
				</Placemark>
				<Placemark id="3DB7582FB24C12451556">
					<name>Mozyr Oil Refinery</name>
					<description>Status: Operational
Owner: Belarusian state (Belneftekhim), with a substantial minority stake historically held by Russia&apos;s Slavneft
Capacity: ~12 Mt/yr (~240,000 b/d) nameplate; throughput below capacity since 2022 amid sanctions
Feedstock: Russian crude via the southern Druzhba branch
Main products: Gasoline, diesel, jet, fuel oil, LPG, bitumen, petrochemical intermediates
Markets: Belarus; exports to Ukraine, the Baltics, Poland and Europe largely curtailed since 2022
Recent: Under EU, US, UK, Swiss, Canadian and Ukrainian sanctions since 2022; 2026 satellite reporting showed Russian-supplied air defences at the site (~30 km from the Ukrainian border); a 2024 storm forced a temporary outage
Strategic role: One of Belarus&apos;s two major refineries (with Naftan) — national fuel self-sufficiency and continued Russian-crude processing
Risks: Sanctions; loss of Western markets; proximity to the war; Druzhba dependence; parts and equipment access</description>
					<LookAt>
						<longitude>29.25</longitude>
						<latitude>52.018</latitude>
						<altitude>0</altitude>
						<heading>0</heading>
						<tilt>0</tilt>
						<gx:fovy>35</gx:fovy>
						<range>5000</range>
						<altitudeMode>absolute</altitudeMode>
					</LookAt>
					<styleUrl>#default2</styleUrl>
					<Point>
						<coordinates>29.25,52.018,130</coordinates>
					</Point>
				</Placemark>
				<Placemark id="3C25956D108FB1189A11">
					<name>Naftan Oil Refinery</name>
					<description>Status: Operational
Owner: Belarusian state (99.83%, via Belneftekhim)
Capacity: ~12 Mt/yr (~240,000 b/d); a 2022 delayed-coking complex lifted processing depth to ~97.5%; ~$1.6bn modernisation by 2021
Feedstock: Russian crude via the northern Druzhba branch
Main products: Diesel, gasoline, fuel oil, LPG, bitumen, sulphur, petrochemical intermediates
Markets: Belarus; historical exports to Russia, Ukraine, the Baltics, the Netherlands and the UK — most Western outlets closed since 2021–22 sanctions
Recent: Sanctioned by the EU, US, UK, Switzerland, Canada and Ukraine (2021–22); the LLK-Naftan JV restructured as &quot;EddyTek&quot; to work around US sanctions
Strategic role: One of Belarus&apos;s two major refineries (with Mozyr) — critical to national supply and an outlet for Russian crude
Risks: Sanctions; loss of Western markets and technology; Druzhba dependence; workforce instability after the 2020 unrest</description>
					<LookAt>
						<longitude>28.605</longitude>
						<latitude>55.517</latitude>
						<altitude>0</altitude>
						<heading>0</heading>
						<tilt>0</tilt>
						<gx:fovy>35</gx:fovy>
						<range>5000</range>
						<altitudeMode>absolute</altitudeMode>
					</LookAt>
					<styleUrl>#default2</styleUrl>
					<Point>
						<coordinates>28.605,55.517,130</coordinates>
					</Point>
				</Placemark>
				<Placemark id="C1307EEFEAE7C33C308B">
					<name>Kuibyshev Refinery (Rosneft)</name>
					<description>Status: Reduced
Owner: Rosneft (JSC Kuibyshev Refinery)
Capacity: ~7 Mt/yr (~140,000 b/d); part of Rosneft&apos;s three-refinery Samara hub with Novokuibyshevsk and Syzran; established 1945
Feedstock: West Siberian and Samara-region crude
Main products: Euro-5 gasoline and diesel, aviation kerosene, bitumen, LPG
Markets: Volga region and Russian domestic market
Recent: A drone strike on 10 June 2026 hit both primary crude units (CDU-4 and CDU-5, ~73,000 b/d each), forcing a full shutdown and fires; sister plants Syzran and Novokuibyshevsk also struck
Strategic role: One of three Rosneft refineries in the Samara hub — a major Volga-region fuel supplier
Risks: Drone attacks; prolonged outages; sanctions; replacement equipment and catalysts; fires</description>
					<LookAt>
						<longitude>50.13100153917697</longitude>
						<latitude>53.1428679938745</latitude>
						<altitude>0</altitude>
						<heading>0.4402289781667563</heading>
						<tilt>5.30243913541806</tilt>
						<range>40875.53749948324</range>
						<gx:altitudeMode>relativeToSeaFloor</gx:altitudeMode>
					</LookAt>
					<styleUrl>#default2</styleUrl>
					<Point>
						<coordinates>50.06007733770959,53.10200646167157,35</coordinates>
					</Point>
				</Placemark>
				<Placemark id="D5AF86E4D683B6C4439F">
					<name>Yaya Oil Refinery (Yaysky NPZ)</name>
					<description>Status: Operational
Owner: JSC NefteKhimServis (private, independent of Rosneft, Gazprom Neft and Lukoil)
Capacity: 3.3 Mt/yr primary (~66,000 b/d), plus 1.6 Mt/yr vacuum distillation and 0.7 Mt/yr hydrotreating; Phase 3 (delayed coking, ~98 bn roubles) under construction, targeting 2027
Feedstock: Crude and gas condensate delivered by rail
Main products: AI-92/95/98 gasoline, diesel, fuel oil, atmospheric gas oil
Markets: Kuzbass and West Siberia
Recent: Not among the Russian refineries hit by the Ukrainian drone campaign as of mid-2026 (over 4,000 km from Ukraine); Phase 3 on schedule
Strategic role: A significant independent refinery serving the Kuzbass coal and industrial region
Risks: Rail-logistics dependence; margin exposure without upstream production; Phase 3 execution; sanctions on Russian product exports</description>
					<LookAt>
						<longitude>86.06</longitude>
						<latitude>56.06</latitude>
						<altitude>0</altitude>
						<heading>0</heading>
						<tilt>0</tilt>
						<gx:fovy>35</gx:fovy>
						<range>4000</range>
						<altitudeMode>absolute</altitudeMode>
					</LookAt>
					<styleUrl>#default2</styleUrl>
					<Point>
						<coordinates>86.06,56.06,233</coordinates>
					</Point>
				</Placemark>
				<Placemark id="84EE0B6A38381F792A47">
					<name>Kulevi Oil Refinery</name>
					<description>Status: Operational
Owner: Black Sea Petroleum LLC — beneficial owners reported as Maka Asatiani and Konstantin Gogelia, with Dunamis LLC (29.34%) and Georgian bank/state financing
Capacity: Phase 1 ~1.1 Mt/yr (~22,000 b/d); Phase 2 planned to ~2.9–3.5 Mt/yr by 2026–27
Feedstock: Crude via the adjacent SOCAR Kulevi terminal — including, per EU and investigative reporting, Russian-origin crude
Main products: Diesel, gasoline and other products
Markets: Georgia and regional export
Recent: Operations started ~2025; named in the EU&apos;s 21st sanctions package (23 July 2026) for processing Russian crude, with a six-month grace period; operator says Russian processing stops by Aug–Sept 2026. TI Georgia and OCCRP allege sanctions-evasion links (Mikhail Gutseriev; the sanctioned tanker Kayseri, Oct 2025)
Strategic role: Georgia&apos;s first and only refinery — a Black Sea processing hub for Caspian and, per sanctions findings, Russian crude
Risks: Sanctions exposure; reputational and legal risk; ownership opacity; dependence on the adjacent terminal</description>
					<LookAt>
						<longitude>41.66</longitude>
						<latitude>42.255</latitude>
						<altitude>0</altitude>
						<heading>0</heading>
						<tilt>0</tilt>
						<gx:fovy>35</gx:fovy>
						<range>3000</range>
						<altitudeMode>absolute</altitudeMode>
					</LookAt>
					<styleUrl>#default2</styleUrl>
					<Point>
						<coordinates>41.66,42.255,4.999999999999999</coordinates>
					</Point>
				</Placemark>
				<Placemark>
					<name>Pancevo refinery</name>
					<description>Status: Operational
Owner: NIS — Russian-controlled since 2008 (Gazprom Neft 44.9%, Gazprom 11.3%, Serbian state 29.9%); MOL agreed in Jan 2026 to buy the 56.15% Russian stake (~€1bn), ADNOC as possible minority partner — pending OFAC approval (final stage, Aug 2026)
Capacity: ~4.8 Mt/yr (~96,000 b/d); hydrocracker (2012) and delayed coker (2020); supplies ~80% of Serbia&apos;s diesel and gasoline
Feedstock: Imported crude via Croatia&apos;s JANAF pipeline from Omišalj — the only supply route; ~20% from NIS&apos;s Serbian fields; Russian crude excluded since 2022
Main products: Euro-5 diesel and gasoline, jet, LPG, bitumen
Markets: Serbia
Recent: US sanctions on NIS took effect 9 Oct 2025 — JANAF halted deliveries, hot standby from 25 Nov; restarted Jan 2026 under OFAC waivers; MOL committed to run it ≥10 years at pre-sanctions capacity
Strategic role: Serbia&apos;s only refinery — a landlocked country&apos;s single fuel source, and one of Russia&apos;s last European energy assets, now passing to MOL (to be linked with Bratislava and Százhalombatta)
Risks: Single supply route (JANAF); sanctions and ownership uncertainty until closing; Danube low water limits barge alternatives</description>
					<LookAt>
						<longitude>20.69284586244759</longitude>
						<latitude>44.82453254161618</latitude>
						<altitude>0</altitude>
						<heading>4.190707197252693</heading>
						<tilt>8.044512368415258</tilt>
						<range>8394.06393768126</range>
						<gx:altitudeMode>relativeToSeaFloor</gx:altitudeMode>
					</LookAt>
					<styleUrl>#default2</styleUrl>
					<Point>
						<gx:drawOrder>1</gx:drawOrder>
						<coordinates>20.67821921047792,44.83187049969924,0</coordinates>
					</Point>
				</Placemark>
				<Placemark id="01AF5FA0193FCEBB0A64">
					<name>VAROPreem Gothenburg Refinery &amp; Renewable Fuels Hub</name>
					<description>Status: Operational
Renewables: Dedicated unit — ~300,000–320,000 m³/yr incl. HVO100; the converted hydroprocessing unit can run 100% renewable feedstock
Owner: VAROPreem
Capacity: ~132,000 b/d total refining capacity
Feedstock: Imported crude plus renewable feeds — tall oil, used cooking oils, animal fats, industrial and food-sector by-products
Main products: Diesel, gasoline, LPG, HVO100 renewable diesel and co-processed renewable fuels
Markets: Sweden and NW Europe, incl. HVO100 exports to the Netherlands
Recent: ~900,000 litres/day of renewable fuel
Strategic role: One of Sweden&apos;s principal renewable-fuels hubs and a European co-processing pioneer (since 2010)
Risks: Seaborne crude and feedstock dependence; outages; port disruption; feedstock-price volatility; sustainability rules; European fuel policy</description>
					<LookAt>
						<longitude>11.8323886</longitude>
						<latitude>57.70834980000001</latitude>
						<altitude>0</altitude>
						<heading>0</heading>
						<tilt>0</tilt>
						<gx:fovy>35</gx:fovy>
						<range>1244.359535702669</range>
						<altitudeMode>relativeToGround</altitudeMode>
					</LookAt>
					<styleUrl>#default2</styleUrl>
					<Point>
						<altitudeMode>relativeToGround</altitudeMode>
						<coordinates>11.8323886,57.70834980000001,0</coordinates>
					</Point>
				</Placemark>
				<Placemark>
					<name>Fuji Oil Sodegaura Refinery</name>
					<description>Status: Operational
Owner: Fuji Oil Company — controlled by Idemitsu Kosan since October 2025 (tender offer completed, delisting planned)
Capacity: 143,000 b/d — the company&apos;s only refinery, in operation since 1968
Feedstock: Imported crude, Kuwaiti grades prominent, via the refinery&apos;s own Tokyo Bay pier
Main products: Gasoline, kerosene, diesel, heavy fuel oil, LPG, aromatics (benzene, mixed xylenes)
Markets: Tokyo metropolitan area; petrochemical feedstocks by pipeline to the adjacent Sumitomo Chemical Chiba Works; export capability
Recent: October 2025 — Idemitsu acquired control (~53% for ¥19.6bn), folding a seventh site into its network
Strategic role: A small, deep-conversion niche player — its Eureka vacuum-residue thermal cracker is the only unit of its kind, turning heavy crude into light products and aromatics
Risks: Single-refinery company; earthquake exposure (2021 quake shutdown); Japan&apos;s structural demand decline; integration under new ownership</description>
					<LookAt>
						<longitude>140.0189273010327</longitude>
						<latitude>35.47272768894533</latitude>
						<altitude>0</altitude>
						<heading>0.006007101007285686</heading>
						<tilt>12.54229526060904</tilt>
						<range>3966.490059685743</range>
						<gx:altitudeMode>relativeToSeaFloor</gx:altitudeMode>
					</LookAt>
					<styleUrl>#default2</styleUrl>
					<Point>
						<gx:drawOrder>1</gx:drawOrder>
						<coordinates>140.0080237501673,35.47142238815125,0</coordinates>
					</Point>
				</Placemark>
				<Placemark>
					<name>Osaka International Refining Chiba Refinery</name>
					<description>Status: Operational
Owner: Osaka International Refining Company — ENEOS 51%, PetroChina International (Japan) 49%; the JV kept its &quot;Osaka&quot; name when it moved here in December 2020 after the Osaka refinery closed
Capacity: 129,000 b/d; started 1968 as Kyokuto Petroleum Industries, later Tonen General, then ENEOS
Feedstock: Crude procured by PetroChina; residue FCC and hydrocracking units
Main products: Gasoline, kerosene, jet, diesel, petrochemical feedstocks for the Keiyo industrial complex
Markets: Export-oriented — PetroChina markets the output, mainly to East Asia; also the Kanto region, Japan&apos;s largest demand centre
Recent: Pipeline-integrated with the neighbouring Cosmo Chiba refinery since 2018 (Keiyo Seisei JV)
Strategic role: China&apos;s only refining foothold in Japan — a Japanese refinery running on Chinese-procured crude for Chinese-marketed exports
Risks: JV-renewal and geopolitical exposure; export-margin dependence; earthquake shutdowns (2022 quake power outage)</description>
					<LookAt>
						<longitude>140.0666871048482</longitude>
						<latitude>35.51237382295554</latitude>
						<altitude>0</altitude>
						<heading>0.006929579636328471</heading>
						<tilt>4.933998377796829</tilt>
						<range>5403.215910837846</range>
						<gx:altitudeMode>relativeToSeaFloor</gx:altitudeMode>
					</LookAt>
					<styleUrl>#default2</styleUrl>
					<Point>
						<gx:drawOrder>1</gx:drawOrder>
						<coordinates>140.0530791618989,35.5155037204357,0</coordinates>
					</Point>
				</Placemark>
				<Placemark>
					<name>Cosmo Oil Chiba Refinery</name>
					<description>Status: Operational
Owner: Cosmo Oil (Cosmo Energy Holdings) — Japan&apos;s third-largest refiner
Capacity: 177,000 b/d across two crude units; Nelson Complexity ~10.2; operating since 1963
Feedstock: Middle East-weighted imports — UAE, Saudi Arabia, Qatar, Kuwait — plus other grades
Main products: Gasoline, kerosene, jet, diesel, heavy fuel oil, naphtha, LPG
Markets: Tokyo metropolitan area and the Keiyo industrial complex
Recent: Nov 2024 — CCS feasibility study awarded to Chiyoda under Japan&apos;s advanced-CCS programme, targeting capture at the refinery; pipeline-linked to the OIRC/ENEOS Chiba refinery since 2018
Strategic role: One of the three Ichihara refineries that make Chiba Japan&apos;s densest refining zone
Risks: Earthquake and tsunami exposure — the 2011 quake destroyed the LPG tank farm in fires and explosions, a landmark process-safety case; demand decline; ageing units</description>
					<LookAt>
						<longitude>140.082230865555</longitude>
						<latitude>35.5360675386481</latitude>
						<altitude>0</altitude>
						<heading>0.02111285025426607</heading>
						<tilt>0.3472209140118573</tilt>
						<range>4069.588435972683</range>
						<gx:altitudeMode>relativeToSeaFloor</gx:altitudeMode>
					</LookAt>
					<styleUrl>#default2</styleUrl>
					<Point>
						<gx:drawOrder>1</gx:drawOrder>
						<coordinates>140.0763929104221,35.53903050892198,0</coordinates>
					</Point>
				</Placemark>
				<Placemark>
					<name>TOA Oil Keihin Refinery</name>
					<description>Status: Operational
Owner: Toa Oil Co. — wholly owned by Idemitsu Kosan since September 2022 (came with the Showa Shell merger; minorities bought out for ~¥19.5bn)
Capacity: 70,000 b/d — the smallest Tokyo Bay refinery, at Mizue in Kawasaki
Feedstock: Imported crude and heavy feedstocks; vacuum distillation and coking give it a heavy-oil cracking profile
Main products: Gasoline, kerosene, diesel, fuel oil; electricity — power generation is a second business line on site
Markets: Tokyo metropolitan area, within the Idemitsu supply network
Recent: Feb 2026 — Idemitsu&apos;s reversal of refinery-closure plans keeps its six-refinery network, Keihin included, running until at least 2030
Strategic role: A small conversion refinery whose survival tracks the pace of Japan&apos;s EV transition — the marginal plant in the marginal market
Risks: Smallest-scale economics; closure risk if demand or policy shifts again; fire history (Dec 2019 full shutdown); earthquake exposure</description>
					<LookAt>
						<longitude>139.7478538914231</longitude>
						<latitude>35.51029067911622</latitude>
						<altitude>0</altitude>
						<heading>0.003296466463617424</heading>
						<tilt>5.598109577846775</tilt>
						<range>2605.408761742355</range>
						<gx:altitudeMode>relativeToSeaFloor</gx:altitudeMode>
					</LookAt>
					<styleUrl>#default2</styleUrl>
					<Point>
						<gx:drawOrder>1</gx:drawOrder>
						<coordinates>139.7478538914231,35.51029067911622,0</coordinates>
					</Point>
				</Placemark>
				<Placemark>
					<name>Idemitsu Kosan Chiba Complex</name>
					<description>Status: Operational
Owner: Idemitsu Kosan
Capacity: ~190,000–195,000 b/d — the largest plant in the Idemitsu group, refining ~10 million kL of crude a year
Feedstock: Crude unloaded at the Keiyo Sea Berth (two 300,000 t tankers) and pumped ashore by undersea pipeline at ~10,000 kL/hour
Main products: Gasoline, kerosene, jet, diesel, lubricants (a core national lube site), petrochemicals — refinery and chemical plant linked by 50 pipelines
Markets: Kanto region; ethylene chain into the Keiyo complex
Recent: The 374,000 t/yr ethylene cracker closes by March 2027 (Dec 2025 consolidation deal with Mitsui Chemicals); a waste-plastic recycled-oil unit under construction; a subsidised ~100,000 kL/yr SAF plant targeted for ~2028; Feb 2026 — Idemitsu reversed refinery-closure plans, keeping six refineries until 2030 as EV adoption stalls
Strategic role: Idemitsu&apos;s most important production, development and logistics base
Risks: Petrochemical overcapacity; demand decline; fires (July 2024 lube unit); earthquake exposure</description>
					<LookAt>
						<longitude>140.0351236181254</longitude>
						<latitude>35.49169073780903</latitude>
						<altitude>0</altitude>
						<heading>0.01007919601905687</heading>
						<tilt>10.52134652067895</tilt>
						<range>4357.256748906438</range>
						<gx:altitudeMode>relativeToSeaFloor</gx:altitudeMode>
					</LookAt>
					<styleUrl>#default2</styleUrl>
					<Point>
						<gx:drawOrder>1</gx:drawOrder>
						<coordinates>140.0401545340658,35.48973356181809,0</coordinates>
					</Point>
				</Placemark>
				<Placemark>
					<name>ENEOS Sakai Refinery</name>
					<description>Status: Operational
Owner: ENEOS (Japan&apos;s largest refiner)
Capacity: 141,000 b/d, on the Sakai waterfront of Osaka Bay
Feedstock: Imported crude, Middle East-weighted, via the refinery&apos;s marine berths
Main products: Gasoline, kerosene, jet, diesel, heavy fuel oil, LPG, petrochemical feedstocks
Markets: Osaka and the Kansai region — Japan&apos;s second-largest demand centre
Recent: Became ENEOS&apos;s only refinery in Kansai after the neighbouring Osaka refinery ceased refining in October 2020 (converted to an asphalt-fuelled power plant); the group targets 90% refinery utilisation by FY2027, up from 78% in 2024
Strategic role: The last ENEOS crude-processing site serving the Osaka conurbation — regional supply concentrated on one plant
Risks: Single-refinery exposure for ENEOS in Kansai; earthquake and typhoon exposure; Japan&apos;s structural demand decline</description>
					<LookAt>
						<longitude>135.4620033160028</longitude>
						<latitude>34.56312140925403</latitude>
						<altitude>0</altitude>
						<heading>0.01214645981030687</heading>
						<tilt>0</tilt>
						<range>17572.19562591265</range>
						<gx:altitudeMode>relativeToSeaFloor</gx:altitudeMode>
					</LookAt>
					<styleUrl>#default2</styleUrl>
					<Point>
						<gx:drawOrder>1</gx:drawOrder>
						<coordinates>135.4390208251205,34.54887218405188,0</coordinates>
					</Point>
				</Placemark>
				<Placemark>
					<name>Cosmo Oil Sakai Refinery</name>
					<description>Status: Operational
Owner: Cosmo Oil (Cosmo Energy Holdings)
Capacity: 100,000 b/d — the mid-sized plant of Cosmo&apos;s three-refinery system, on Osaka Bay
Feedstock: Middle Eastern crude — UAE and Saudi grades prominent across the Cosmo system; used cooking oil arrives by truck for the SAF plant
Main products: Gasoline, kerosene, jet, diesel, heavy fuel oil; neat SAF blended on site and shipped by sea from the refinery pier
Markets: Kansai region; SAF supplied to Kansai, Chubu and Haneda airports since April 2025 — customers include JAL, ANA, Delta, Finnair and DHL
Recent: Japan&apos;s first SAF mass-production unit (SAFFAIRE SKY ENERGY, ~30,000 kL/yr, JV with JGC and Revo) completed Dec 2024, first delivery April 2025; an April 2025 explosion at a sulphuric-acid unit and a Dec 2025 unplanned CDU outage left both the crude unit and SAF plant running; a JOGMEC-backed CCS study is also under way
Strategic role: The proof-of-concept site for Japan&apos;s 10%-SAF-by-2030 mandate — conventional refining and certified renewable jet on one fence line
Risks: Small scale; SAF economics (3–5× jet fuel cost, subsidy-dependent); UCO feedstock competition; earthquake exposure</description>
					<LookAt>
						<longitude>135.4620033160028</longitude>
						<latitude>34.56312140925404</latitude>
						<altitude>0</altitude>
						<heading>0.01214645981031323</heading>
						<tilt>0</tilt>
						<range>17572.19562591236</range>
						<gx:altitudeMode>relativeToSeaFloor</gx:altitudeMode>
					</LookAt>
					<styleUrl>#default2</styleUrl>
					<Point>
						<gx:drawOrder>1</gx:drawOrder>
						<coordinates>135.4317691788983,34.56869952203486,0</coordinates>
					</Point>
				</Placemark>
				<Placemark>
					<name>PARCO Mid-Country Refininery</name>
					<description>Status: Operational
Owner: Pak-Arab Refinery Limited — Government of Pakistan 60%, Emirate of Abu Dhabi 40% via Mubadala
Capacity: 120,000 b/d (upgraded from 100,000) — Pakistan&apos;s largest and most modern refinery, and the only mild-conversion plant of the country&apos;s five; commissioned 2000 at a cost of ~$886m
Feedstock: Imported light and medium crudes (historically ~60% Arabian Light, 40% Upper Zakum), pumped inland from Karachi via the Karachi–Mahmoodkot pipeline
Main products: Gasoline, Euro-compliant diesel (first DHDS in Pakistan), jet fuel, kerosene, LPG, furnace oil, bitumen, sulphur
Markets: Punjab and central Pakistan — products flow north via the Mahmoodkot–Faisalabad–Machike pipeline
Recent: A ~$600m clean-fuels (Euro-V) programme reported complete; a further upgrade agreed under the amended Brownfield policy (Aug 2026)
Strategic role: The inland anchor of Pakistan&apos;s fuel system — refinery, 2,000+ km pipeline network and strategic storage under one company
Risks: Import dependence via one coastal pipeline corridor; currency and payment pressures; policy-implementation delays</description>
					<Camera>
						<longitude>70.95819985027778</longitude>
						<latitude>30.14902373493965</latitude>
						<altitude>18535.46197450561</altitude>
						<heading>-0.3124789620510182</heading>
						<tilt>1.338794318627573</tilt>
						<roll>-0.9483900406423482</roll>
						<gx:altitudeMode>relativeToSeaFloor</gx:altitudeMode>
					</Camera>
					<styleUrl>#default2</styleUrl>
					<Point>
						<gx:drawOrder>1</gx:drawOrder>
						<coordinates>70.93039631352475,30.16789515417974,0</coordinates>
					</Point>
				</Placemark>
				<Placemark>
					<name>Cnergyico Oil Refining Complex, Mouza Kund</name>
					<description>Status: Operational
Owner: Cnergyico Pk Limited (formerly Byco) — Pakistan&apos;s largest refiner, ~36% of national capacity
Capacity: 156,000 b/d nameplate across two hydroskimming units — ORC-I (36,000, from 2004) and ORC-II (120,000, from 2012–15) — at Mouza Kund, Hub, Balochistan, ~50 km from Karachi
Feedstock: Imported crude landed at Pakistan&apos;s only Single Point Mooring — a VLCC-capable buoy ~11.5 km offshore in 26 m of water, linked to a 130,000 t tank farm
Main products: Gasoline, high-speed diesel, jet fuel, kerosene, naphtha, LPG, furnace oil — the simple configuration yields heavy furnace-oil volumes
Markets: Domestic OMCs; since July 2025 ~95% of fuel-oil output is exported, driven by domestic taxation
Recent: Production halted temporarily in May 2025 on product oversupply (&quot;ullage&quot;); a $1.2bn three-phase upgrade planned — Euro-V fuels, then Pakistan&apos;s largest FCC, then capacity toward 200,000 b/d
Strategic role: The import valve of Pakistan&apos;s fuel system — the SPM is the country&apos;s only deep-water crude gateway
Risks: Low complexity and furnace-oil dependence; chronic under-utilisation; refining-margin swings; financing the upgrade</description>
					<LookAt>
						<longitude>66.71728397153375</longitude>
						<latitude>24.90979537829315</latitude>
						<altitude>0</altitude>
						<heading>0.003989799394598733</heading>
						<tilt>0</tilt>
						<range>5854.032767339849</range>
						<gx:altitudeMode>relativeToSeaFloor</gx:altitudeMode>
					</LookAt>
					<styleUrl>#default2</styleUrl>
					<Point>
						<gx:drawOrder>1</gx:drawOrder>
						<coordinates>66.7073113852997,24.91608202346661,0</coordinates>
					</Point>
				</Placemark>
				<Placemark>
					<name>Pakistan Refinery Limited, Korangi Creek</name>
					<description>Status: Operational
Owner: Pakistan State Oil (63.56%) — state-controlled via the national oil marketer
Capacity: ~50,000 b/d (2.13 Mt/yr nominal); operating since 1962, one of Pakistan&apos;s oldest refineries
Feedstock: Mostly imported crude via the company&apos;s Keamari terminal on Karachi harbour, plus small domestic volumes; first Nigerian Bonny Light cargo bought from Vitol in 2025 — a diversification away from the Gulf
Main products: High-speed diesel, gasoline (isomerisation unit), jet fuel, kerosene, naphtha, LPG, furnace oil; a dedicated pipeline supplies Karachi Airport
Markets: Karachi and southern Pakistan
Recent: The Refinery Expansion &amp; Upgrade Project (REUP) — $1.8–2bn, the sector&apos;s most ambitious — would double capacity to 100,000 b/d and eliminate furnace-oil output; FEED complete, EPC engagement under way
Strategic role: The state&apos;s own refinery — PSO integration makes it the policy instrument of Pakistani fuel security
Risks: Negative refining margins in weak years; financing a project 20× its equity; execution risk; Karachi port dependence</description>
					<LookAt>
						<longitude>67.11758794121396</longitude>
						<latitude>24.80255931485128</latitude>
						<altitude>0</altitude>
						<heading>0.0003475050098194576</heading>
						<tilt>12.75751911444188</tilt>
						<range>2850.812269394227</range>
						<gx:altitudeMode>relativeToSeaFloor</gx:altitudeMode>
					</LookAt>
					<styleUrl>#default2</styleUrl>
					<Point>
						<gx:drawOrder>1</gx:drawOrder>
						<coordinates>67.11559122701495,24.80160221832708,0</coordinates>
					</Point>
				</Placemark>
				<Placemark>
					<name>National Refinery Limited, Korangi</name>
					<description>Status: Operational
Owner: Attock Group — Attock Refinery 25%, Pakistan Oilfields 25%, Islamic Development Bank 15%
Capacity: ~64,000–70,000 b/d nominal across fuel and lube segments; operating since 1963, next to PRL on Korangi Creek, Karachi
Feedstock: ~70% imported light crude, ~30% heavy — the heavy share is deliberate: it feeds Pakistan&apos;s only lube base-oil production
Main products: Fuels (Euro-V diesel already achieved), lubricant base oils, asphalt, BTX aromatics, waxes — the country&apos;s sole lube refiner
Markets: Domestic fuels; lube base oils and specialities domestically and for export
Recent: A $300–800m hybrid clean-fuels and bottom-of-barrel project under study (Wood feasibility) — furnace-oil output to fall from ~2,250 t/day to ~250; capacity rise to 70,000 b/d considered
Strategic role: The specialist of the five — Pakistan&apos;s lubricants supply depends on this single site
Risks: Heavy losses in FY2025; furnace-oil exposure until the upgrade; single-site lube dependence for the whole country</description>
					<LookAt>
						<longitude>67.12465604182566</longitude>
						<latitude>24.8447889113025</latitude>
						<altitude>0</altitude>
						<heading>0.001378989110221927</heading>
						<tilt>0.2569995206897571</tilt>
						<range>2883.933426788168</range>
						<gx:altitudeMode>relativeToSeaFloor</gx:altitudeMode>
					</LookAt>
					<styleUrl>#default2</styleUrl>
					<Point>
						<gx:drawOrder>1</gx:drawOrder>
						<coordinates>67.12465604182566,24.8447889113025,0</coordinates>
					</Point>
				</Placemark>
			</Folder>
		</Folder>
		<Folder>
			<name>Biofuel &amp; Low-Carbon Production</name>
			<Folder>
				<name>HVO / SAF plants</name>
			</Folder>
			<Folder>
				<name>Biodiesel / RME plants</name>
				<Placemark>
					<name>Eni Gela Biorefinery</name>
					<description>Status: Operational
Renewables: Dedicated biorefinery — the entire site converted from crude to HVO
Owner: Eni
Capacity: ~750,000 t/yr of hydrotreated renewable diesel and bio-jet via Eni&apos;s Ecofining process — one of Europe&apos;s flagship refinery conversions, running since 2019 on used cooking oils and waste fats
Feedstock: Waste and residue lipids, increasingly agri-feedstocks from Eni&apos;s African supply projects
Main products: HVO renewable diesel, bio-naphtha, bio-LPG, SAF streams
Markets: Italian and European renewable-fuel mandates
Recent: The former 105,000 b/d crude refinery closed in 2014 after years of losses — the conversion turned Sicily&apos;s south coast into a transition showcase rather than an industrial ruin
Strategic role: The counter-story of the Sicilian hub — one coast prices fossil cargoes while the other manufactures their replacement; joins the map&apos;s renewables-filter family
Risks: Feedstock competition and cost; mandate-policy dependence; small scale against fossil economics</description>
					<styleUrl>#msn_ranger_station</styleUrl>
					<Point>
						<coordinates>14.27193283389807,37.0566517346866,0</coordinates>
					</Point>
				</Placemark>
			</Folder>
		</Folder>
	</Folder>
	<Folder>
		<name>B. Gateways</name>
		<Folder>
			<name>Crude Terminals (import / export)</name>
			<Folder>
				<name>Onshore crude terminals &amp; tank farms</name>
				<Placemark>
					<name>Santa Panagia Marine Terminal</name>
					<description>Status: Operational
Owner/Operator: ISAB system
Role: The deep-water terminal of the Priolo complex — jetties and offshore moorings in Santa Panagia bay handling the largest tankers serving the refinery, south of the main Augusta harbour
Berths / vessel size: Deep-water berths and moorings up to VLCC-scale crude deliveries
Connectivity: Pipeline-linked into the three-site ISAB complex and its tank farms
Strategic role: The heavy-lift entrance of Italy&apos;s largest refinery — the point where a fifth of the country&apos;s crude intake touches land
Risks: Single-terminal dependence for ISAB&apos;s largest deliveries; exposed-bay weather; spill sensitivity on a tourist coast</description>
					<styleUrl>#msn_red-circle</styleUrl>
					<Point>
						<coordinates>15.25793616711022,37.10856487298696,0</coordinates>
					</Point>
				</Placemark>
				<Placemark>
					<name>Hardisty Terminal &amp; Blending Hub</name>
					<description>Status: Operational
Owner/Operator: Multiple — TC Energy, Enbridge and Gibson Energy tank farms side by side in a small Alberta town
Role: Canada&apos;s Cushing — the tank-farm and blending hub where oil-sands bitumen is mixed with condensate diluent into Western Canadian Select (WCS) and other export blends
Storage capacity: Tens of millions of barrels across the operators&apos; farms
Connectivity: The origin of the Keystone Mainline and a major feed of the Enbridge Mainline — the departure lounge of Canadian heavy toward the US Midwest and Gulf
Recent: The WCS–WTI differential assessed at Hardisty is Canada&apos;s most-watched price — it widens whenever pipelines fill and narrows since TMX opened a Pacific exit in 2024
Strategic role: The pricing point of a landlocked barrel — the mirror image of Cushing at the other end of the Keystone system, and the fifth national gathering hinge on this map after Abqaiq, Habshan, Haoud El Hamra and Saih Nihayda
Risks: Pipeline-capacity dependence (the discount is the symptom); diluent supply economics; concentration of Canada&apos;s export system in one town</description>
					<styleUrl>#msn_red-circle5</styleUrl>
					<Point>
						<coordinates>-111.270083510404,52.64156129550192,0</coordinates>
					</Point>
				</Placemark>
				<Placemark>
					<name>Ras Markaz Crude Oil Park</name>
					<description>Status: Operational
Owner/Operator: Oman Tank Terminal Company (OTTCO, OQ group)
Role: The Gulf region&apos;s outside-Hormuz commercial crude storage play — a tank-farm park on the open Arabian Sea coast south of Duqm, master-planned toward world-scale capacity in phases
Storage capacity: First phase in service (supplying the Duqm refinery among others), with a long-term master plan measured in tens of millions of barrels
Connectivity: Marine import/export via SPM; pipeline link toward the Duqm refinery and port zone
Recent: 2026 made its pitch for it — storage that no blockade, strait or convoy schedule can touch; exactly the product the region&apos;s traders suddenly wanted
Strategic role: The physical expression of the lesson every 2026 fiche on this map teaches — location relative to chokepoints is the asset
Risks: Phased build-out economics; remote-site costs; competition from established hubs (Fujairah) for third-party customers</description>
					<styleUrl>#msn_red-circle50</styleUrl>
					<Point>
						<coordinates>57.7445697750924,19.17015049337974,0</coordinates>
					</Point>
				</Placemark>
				<Placemark>
					<name>Das Island Terminal</name>
					<description>Status: Operational
Owner/Operator: ADNOC Offshore and ADNOC LNG
Role: The historic offshore hub of Abu Dhabi — processing, storage and export island for the Umm Shaif and Lower Zakum fields (the Das crude blend), plus the Gulf&apos;s first LNG plant, exporting since 1977
Berths / vessel size: Deep-water crude berths and LNG jetties inside the Gulf
Connectivity: Subsea pipelines from the surrounding fields; sister island Zirku handles the Upper Zakum system nearby
Recent: 2026 — like Zirku, an in-Gulf loading point on the wrong side of the strait: liftings moved under escorted transits and STS workarounds while pipeline-served Murban flowed freely from Fujairah
Strategic role: Fifty years of offshore logistics on one island — and half of the demonstration (with Zirku) of why ADNOC built ADCOP for the onshore barrels
Risks: Hormuz dependence; island concentration of crude and LNG; ageing first-generation infrastructure</description>
					<styleUrl>#msn_red-circle4</styleUrl>
					<Point>
						<coordinates>52.87,25.15,0</coordinates>
					</Point>
				</Placemark>
				<Placemark>
					<name>Kharg Island Export Terminal</name>
					<description>Status: Reduced
Owner/Operator: National Iranian Oil Company / IRGC-controlled island
Role: The gate of Iranian oil — ~90% of crude exports load at this small coral island&apos;s deep-water jetties (T-jetty east, Sea Island west, capacity to load ten supertankers); the deep berths no other Iranian port can replicate
Storage capacity: Large tank farms buffering the Khuzestan pipeline inflow — filled to near-zero spare during the blockade
Recent: The defining asset of the 2026 war — 13 March: US raid on 90+ military sites, oil plant deliberately spared; 13 April–29 May: naval blockade, first prolonged loading halt, storage saturating; June window: 40–70 million barrels shipped in three weeks; blockade reimposed mid-July, berths empty from 31 July; limited western-jetty restart 12 August; repeated oil slicks offshore
Strategic role: Leverage made physical — spared as a bargaining chip, blockaded as a tourniquet; the purest demonstration on this map that access, not infrastructure, is what gets switched off
Risks: Strike or seizure escalation; blockade reimposition; environmental incidents from distressed tanker operations; total national dependence on one island</description>
					<styleUrl>#msn_red-circle0</styleUrl>
					<Point>
						<coordinates>50.31,29.245,0</coordinates>
					</Point>
				</Placemark>
				<Placemark>
					<name>Mina al-Ahmadi Export Complex &amp; Ahmadi Tank Farm</name>
					<description>Status: Operational
Owner/Operator: Kuwait Petroleum Corporation system (KOC tank farms, KNPC refinery, KPC marketing)
Role: The single gate of Kuwaiti oil — the Ahmadi ridge tank farms blend Burgan and northern crudes into Kuwait Export Crude, feeding the Mina al-Ahmadi piers and offshore sea island; the adjacent Mina al-Ahmadi refinery serves domestic and export products
Berths / vessel size: Piers and deep-water sea island loading up to VLCC scale
Connectivity: Gathering centres from all Kuwaiti fields converge here; Al Zour to the south handles the newest refining
Recent: 2026 — Kuwait&apos;s exports throttled by the Hormuz closure with no pipeline alternative; the complex is the country&apos;s entire export capacity in one place
Strategic role: Kuwait&apos;s Abqaiq and Ras Tanura combined — blending hub, tank farm and export terminal on one ridge and shoreline
Risks: Absolute single-point concentration; Hormuz dependence; industrial and drone exposure; the 1991 precedent of deliberate infrastructure destruction</description>
					<styleUrl>#msn_red-circle0</styleUrl>
					<Point>
						<coordinates>48.14,29.06,0</coordinates>
					</Point>
				</Placemark>
				<Placemark>
					<name>Zirku Island Terminal</name>
					<description>Status: Operational
Owner/Operator: ADNOC Offshore
Role: The processing, storage and export island of the Upper Zakum system — crude from the field&apos;s artificial islands is stabilised, stored and loaded onto tankers here; the loading point of the Upper Zakum grade
Berths / vessel size: Deep-water berths serving VLCC-scale liftings inside the Gulf
Connectivity: Subsea pipelines from Upper Zakum; sister island Das serves the Lower Zakum/Umm Shaif system nearby
Recent: 2026 — as an in-Gulf terminal it sat on the wrong side of the strait: liftings depended on escorted transits and STS workarounds off Oman, unlike Fujairah-loaded Murban
Strategic role: The offshore half of the UAE export system — and the demonstration of why ADNOC is planning a second pipeline outside Hormuz
Risks: Hormuz dependence; island-terminal concentration; regional naval and drone incidents</description>
					<styleUrl>#msn_red-circle0</styleUrl>
					<Point>
						<coordinates>53.07,24.88,0</coordinates>
					</Point>
				</Placemark>
				<Placemark id="ADDEILT000000000001">
					<name>EAPC Eilat Oil Terminal</name>
					<description>Status: Operational
Owner/Operator: Europe Asia Pipeline Company (Israeli state-owned)
Role: Red Sea gate of the Trans-Israel pipeline — lets Gulf-origin crude reach the Mediterranean without transiting Suez, and reverse flows toward Asia
Berths / vessel size: Tankers up to ~350,000 dwt (VLCC-capable); oil jetty within the Eilat port area
Storage capacity: Up to ~1.4 million m³
Recent: Constrained by the Environment Ministry&apos;s &quot;Zero Additional Risk&quot; policy (Nov 2021) protecting the Gulf&apos;s coral reefs — froze the UAE Red-Med ramp-up; the Red Sea shipping crisis since late 2023 further curtailed calls
Risks: A single spill next to a fragile coral ecosystem — EAPC caused the 2014 Arava spill and a 2016 coral-damage case; Bab el-Mandeb security; regulatory cap on growth</description>
					<styleUrl>#msn_red-circle0</styleUrl>
					<Point>
						<coordinates>34.93477390244553,29.52766276554422,0</coordinates>
					</Point>
				</Placemark>
				<Placemark id="ADDASHK000000000001">
					<name>EAPC Ashkelon Oil Terminal &amp; Tank Farm</name>
					<description>Status: Operational
Owner/Operator: Europe Asia Pipeline Company
Role: Mediterranean gate of the Trans-Israel pipeline and Israel&apos;s main crude import point — the hinge between seaborne supply and the Ashdod and Haifa refineries
Berths / vessel size: Offshore moorings; tankers up to ~250,000 dwt
Storage capacity: ~2.3 million m³ of crude plus ~410,000 m³ of products across two product terminals
Crude flows: Azeri BTC and Kazakh CPC grades prominent among imports; potential reverse flows toward Eilat
Risks: ~10 km from Gaza — loadings interrupted in May 2021, precautionary measures after October 2023; war-risk insurance costs; single-point concentration of Israeli crude imports</description>
					<styleUrl>#msn_red-circle0</styleUrl>
					<Point>
						<coordinates>34.543,31.642,0</coordinates>
					</Point>
				</Placemark>
				<Placemark id="ADDGOR00000000000001">
					<name>Rostock Oil Harbour &amp; GÖR Tank Farm (Euroports)</name>
					<description>Status: Operational
Owner/Operator: Großtanklager-Ölhafen Rostock (GÖR), Euroports Germany subsidiary; GÖR also operates PCK Schwedt&apos;s and Dow Böhlen&apos;s on-site tanks; PCK owns its own crude tank farm and pier
Role: Baltic crude and products gateway — head of the Rostock–Schwedt crude line (MVL) and the Böhlen product line
Berths / vessel size: Six berths for vessels up to ~100,000 t (Aframax scale); discharge up to 6,000 t/hour
Storage capacity: ~700,000 m³; rail loading (7 tracks), automated truck loading; ~200,000 t/yr biodiesel plant on site
Recent: ~6 Mt/yr of crude pumped into the Schwedt pipeline since Germany ended Russian pipeline imports — securing eastern Germany&apos;s and Berlin&apos;s fuel supply
Risks: Berth cap at Aframax scale; throughput bottleneck versus Schwedt&apos;s nameplate; Baltic weather; single-corridor dependence</description>
					<styleUrl>#msn_red-circle0</styleUrl>
					<Point>
						<coordinates>12.14519945455248,54.14954764676539,0</coordinates>
					</Point>
				</Placemark>
				<Placemark id="ADDDAL00000000000001">
					<name>Dalmeny Tank Farm (FPS)</name>
					<description>Status: Operational
Owner/Operator: INEOS FPS
Role: Crude buffer between the Forties Pipeline System and the Hound Point jetty — decouples continuous pipeline flow from batch tanker liftings
Storage capacity: Six floating-roof tanks, ~3 million barrels; fed from Kinneil by a 19 km, 30-inch line; linked to Hound Point by 48- and 40-inch loading lines (~5 km)
Handles: Stabilised Forties Blend
Risks: Modest storage against flows of several hundred thousand b/d — limited slack if liftings are delayed</description>
					<styleUrl>#msn_red-circle0</styleUrl>
					<Point>
						<coordinates>-3.38,55.99,0</coordinates>
					</Point>
				</Placemark>
				<Placemark id="ADDHPT00000000000001">
					<name>Hound Point Marine Terminal</name>
					<description>Status: Operational
Owner/Operator: INEOS FPS (within the Forth Ports area); opened 1975
Role: Deep-water export terminal — the loading point of Forties Blend (~38–41° API, ~0.6–0.8% sulphur), a Dated Brent benchmark grade
Berths / vessel size: Two deep-water jetties on an offshore island structure, tankers to ~350,000 dwt — one of the few UK terminals able to load VLCCs; ~200 vessels/yr; 8,000 m³/hour per berth; vapour recovery; escort tugs
Connectivity: Wellhead → FPS → Kinneil → Dalmeny → Hound Point → sea
Risks: Benchmark sensitivity — outages feed straight into Dated Brent assessments; Firth weather and tides</description>
					<styleUrl>#msn_red-circle0</styleUrl>
					<Point>
						<coordinates>-3.359,56.005,0</coordinates>
					</Point>
				</Placemark>
				<Placemark id="ADDSIOT0000000000001">
					<name>SIOT Trieste Marine Terminal</name>
					<description>Status: Operational
Owner/Operator: SIOT / TAL Group (OMV, Shell, Eni, ExxonMobil, MERO ČR, Gunvor, TotalEnergies, Phillips 66, Rosneft)
Role: Crude import head of the TAL system — the sea gate of the Alpine corridor to Bavaria (Bayernoil, Gunvor Ingolstadt), Karlsruhe (MiRO), Austria (AWP branch) and Czechia (IKL)
Capacity: ~37 Mt/yr received, ~400 tankers a year
Berths / vessel size: Marine piers with tanker berths — first Suezmax berthed May 2025 after the Fincantieri revamp; tank farm feeding the TAL pipeline
Risks: Corridor concentration — an outage at Trieste ripples into refineries in four countries; Adriatic weather and port constraints</description>
					<styleUrl>#msn_red-circle0</styleUrl>
					<Point>
						<coordinates>13.76228349369942,45.64661359195608,0</coordinates>
					</Point>
				</Placemark>
				<Placemark id="0E3910379A3EAF1571E4">
					<name>Pulau Bukom Oil Storage &amp; Marine Terminal</name>
					<description>Status: Operational
Owner/Operator: Aster Chemicals and Energy
Role: Crude import, storage and product-export terminal of the Bukom refinery — exports fuels and petrochemicals into the Asian trading market
Berths / vessel size: 13 jetties (12 at Bukom Besar, one at Pulau Ular) plus a Single Buoy Mooring; product tankers, Aframax and Suezmax; buoy upgrades intended to take VLCC cargoes of ~2 million barrels
Crude flows: Crude in mainly via the offshore buoy; products move by submarine pipeline and load at the jetties
Recent: Aster upgrading the buoy and berth infrastructure to cut crude-import costs
Risks: Strait congestion; collisions and spills; berth outages; severe thunderstorms; regional shipping disruption</description>
					<LookAt>
						<longitude>103.7543252009457</longitude>
						<latitude>1.235385793375775</latitude>
						<altitude>1.664134290442076</altitude>
						<heading>0</heading>
						<tilt>0</tilt>
						<gx:fovy>34.99999999999982</gx:fovy>
						<range>6459.415970871923</range>
						<altitudeMode>absolute</altitudeMode>
					</LookAt>
					<styleUrl>#msn_red-circle0</styleUrl>
					<Point>
						<coordinates>103.7450915580899,1.235462070826827,3.704244327194541</coordinates>
					</Point>
				</Placemark>
				<Placemark>
					<name>Fos-sur-mer / Lavera SPSE crude Terminal</name>
					<description>Status: Operational
Role:Crude discharge &amp; tank farm - head of the SPSE pipeline
Operator:SPSE</description>
					<LookAt>
						<longitude>4.933213864350092</longitude>
						<latitude>43.45749250306238</latitude>
						<altitude>0</altitude>
						<heading>-0.2131737955186387</heading>
						<tilt>39.85933045755777</tilt>
						<range>11513.31548162729</range>
						<gx:altitudeMode>relativeToSeaFloor</gx:altitudeMode>
					</LookAt>
					<styleUrl>#msn_red-circle0</styleUrl>
					<Point>
						<gx:drawOrder>1</gx:drawOrder>
						<coordinates>4.912289359287117,43.45863683908951,0</coordinates>
					</Point>
				</Placemark>
				<Placemark>
					<name>Trans Mountain Edmonton Terminal</name>
					<description>Status: Operational
Owner/Operator: Trans Mountain Corporation
Role: Inland storage terminal (39 tanks) — reception of western Canadian crude and injection into the Trans Mountain pipeline</description>
					<LookAt>
						<longitude>-113.3599185872488</longitude>
						<latitude>53.54215185418191</latitude>
						<altitude>0</altitude>
						<heading>-0.5839143314056756</heading>
						<tilt>7.15177076504349</tilt>
						<range>3170.650227834174</range>
						<gx:altitudeMode>relativeToSeaFloor</gx:altitudeMode>
					</LookAt>
					<styleUrl>#msn_red-circle0</styleUrl>
					<Point>
						<gx:drawOrder>1</gx:drawOrder>
						<coordinates>-113.3650499560921,53.54435480570139,0</coordinates>
					</Point>
				</Placemark>
				<Placemark>
					<name>Westridge Marine Terminal</name>
					<description>Status: Operational
Owner/Operator: Trans Mountain Corporation (Canadian federal Crown corporation)
Role: Pacific crude export gateway — marine terminus of the Trans Mountain system; export capacity up to ~630,000 b/d within the expanded ~890,000 b/d system (May 2024); also handles aviation fuel for Vancouver airport
Berths / vessel size: Three Aframax berths (was one before the expansion); Second Narrows draft limits loads to ~75–80% of a 550,000–725,000 bbl cargo; up to ~34 tankers + 3 barges/month at full utilisation
Main markets: Asia-Pacific (notably China), California, western Canada
Recent: The Trans Mountain Expansion nearly tripled system capacity from 300,000 b/d
Risks: Draft and tidal limits through Vancouver Harbour&apos;s Second Narrows; harbour transit constraints</description>
					<LookAt>
						<longitude>-122.9501516158314</longitude>
						<latitude>49.28683501974223</latitude>
						<altitude>0</altitude>
						<heading>0.001751186827383501</heading>
						<tilt>9.912739384148544</tilt>
						<range>2584.723897560875</range>
						<gx:altitudeMode>relativeToSeaFloor</gx:altitudeMode>
					</LookAt>
					<styleUrl>#msn_red-circle0</styleUrl>
					<Point>
						<gx:drawOrder>1</gx:drawOrder>
						<coordinates>-122.9538833088552,49.28900761066111,0</coordinates>
					</Point>
				</Placemark>
				<Placemark>
					<name>Trans Mountain Burnaby Crude Oil Storage &amp; Distribution Terminal</name>
					<description>Status: Operational
Owner/Operator: Trans Mountain Corporation
Role: Final inland terminal of the Trans Mountain system — receipt, storage, segregation, blending and redistribution of western Canadian crude (incl. diluted bitumen) and selected products; no tanker loading — export crude moves on to Westridge by the underground connection
Storage capacity: ~5.5 million barrels in 26 tanks
Connectivity: Westridge Marine Terminal, the Parkland Burnaby refinery, regional BC terminals and, via the system, Washington State refineries; system capacity ~890,000 b/d since May 2024 (was 300,000)
Risks: Dense urban interface on Burnaby Mountain (full fire-protection and emergency-response infrastructure); single-system dependence for Pacific exports</description>
					<LookAt>
						<longitude>-122.920382565954</longitude>
						<latitude>49.27191407029122</latitude>
						<altitude>0</altitude>
						<heading>0.02509639151325644</heading>
						<tilt>14.16417135434374</tilt>
						<range>3568.651648474527</range>
						<gx:altitudeMode>relativeToSeaFloor</gx:altitudeMode>
					</LookAt>
					<styleUrl>#msn_red-circle0</styleUrl>
					<Point>
						<gx:drawOrder>1</gx:drawOrder>
						<coordinates>-122.9294342714177,49.26977697679428,0</coordinates>
					</Point>
				</Placemark>
				<Placemark id="0D44AD4FC93EAF1FDA9B">
					<name>Tanjung Bin Storage Terminal</name>
					<description>Status: Operational
Owner/Operator: Mainly developed and operated by Dialog Group
Role: Deep-water storage terminal — large tank farms, tanker jetties, blending and handling of crude and refined products</description>
					<LookAt>
						<longitude>103.5325633561327</longitude>
						<latitude>1.350069209309182</latitude>
						<altitude>4.187983968066078</altitude>
						<heading>0</heading>
						<tilt>0</tilt>
						<gx:fovy>35</gx:fovy>
						<range>3613.133342857473</range>
						<altitudeMode>absolute</altitudeMode>
					</LookAt>
					<styleUrl>#msn_red-circle0</styleUrl>
					<Point>
						<coordinates>103.5351680670497,1.349556947913845,4.193988666707633</coordinates>
					</Point>
				</Placemark>
				<Placemark id="0F04908C38406774912C">
					<name>SUMED, Sidi Krir terminal</name>
					<description>Status: Operational
Role: Mediterranean end of the SUMED bypass — crude pumped in at Ain Sukhna (Red Sea) is reloaded onto tankers here, on the other side of Egypt
Connectivity: Ain Sukhna + Sidi Kerir are the two ends of one &quot;detour pipe&quot; running parallel to the Suez Canal</description>
					<LookAt>
						<longitude>29.6719218</longitude>
						<latitude>31.0374431</latitude>
						<altitude>0</altitude>
						<heading>0</heading>
						<tilt>0</tilt>
						<gx:fovy>35</gx:fovy>
						<range>2159.751833661487</range>
						<altitudeMode>relativeToGround</altitudeMode>
					</LookAt>
					<styleUrl>#msn_red-circle0</styleUrl>
					<Point>
						<altitudeMode>relativeToGround</altitudeMode>
						<coordinates>29.6719218,31.0374431,0</coordinates>
					</Point>
				</Placemark>
				<Placemark id="0A9F11C8593EAF0C6050">
					<name>RAPID Storage &amp; terminals</name>
					<description>Status: Operational
Owner/Operator: Vopak Pengerang storage terminal plus independent storage (Dialog facilities nearby)
Role: Storage, blending and import/export for the Pengerang / RAPID complex</description>
					<LookAt>
						<longitude>104.1703542504444</longitude>
						<latitude>1.341358412234247</latitude>
						<altitude>1.615187728883767</altitude>
						<heading>0</heading>
						<tilt>0</tilt>
						<gx:fovy>34.99999986919939</gx:fovy>
						<range>8605.38724881015</range>
						<altitudeMode>absolute</altitudeMode>
					</LookAt>
					<styleUrl>#msn_red-circle0</styleUrl>
					<Point>
						<coordinates>104.1819971036788,1.344458901664911,2.970455479897451</coordinates>
					</Point>
				</Placemark>
				<Placemark id="097BFD27603F2360CAA1">
					<name>Sheskharis Oil Terminal</name>
					<description>Status: Operational
Owner/Operator: Transneft system (Chernomortransneft)
Role: Russia&apos;s main Black Sea crude and products export terminal at Novorossiysk — the southern outlet of the Transneft network
Capacity: ~700,000 b/d of crude loadings in normal recent conditions; volumes vary with schedules and disruptions
Berths / vessel size: Multiple berths; the largest deep-water berth takes tankers to ~250,000 dwt / ~19 m draft (Suezmax, some VLCC-scale operations)
Storage capacity: Integrated with the inland Grushevaya Balka tank farm — combined &gt;1 million m³
Main markets: Mediterranean, Türkiye and Asia via the Black Sea and Turkish Straits
Risks: Disruptions here move a significant share of Russian seaborne exports — and international prices; Turkish Straits passage</description>
					<LookAt>
						<longitude>37.8388591494602</longitude>
						<latitude>44.70060292142816</latitude>
						<altitude>1.607322783159417</altitude>
						<heading>18.45538979076817</heading>
						<tilt>0</tilt>
						<gx:fovy>35</gx:fovy>
						<range>7890.417272374034</range>
						<altitudeMode>absolute</altitudeMode>
					</LookAt>
					<styleUrl>#msn_red-circle0</styleUrl>
					<ExtendedData>
						<SchemaData schemaUrl="#__managed_schema00">
							<SimpleData name="0A686630D63F2360CAA3">0</SimpleData>
						</SchemaData>
					</ExtendedData>
					<Point>
						<extrude>1</extrude>
						<coordinates>37.84907471193114,44.70822494952179,27.56212518729098</coordinates>
					</Point>
				</Placemark>
				<Placemark id="0BA8A95AEB3F23629A61">
					<name>Grushevaya Balka</name>
					<description>Status: Operational
Owner/Operator: Transneft system (Chernomortransneft)
Role: Inland tank farm feeding the Sheskharis terminal — overflow storage, product segregation and blending
Connectivity: Pipeline connections through the valleys to the coastal berths
Strategic role: The logistics buffer of the Novorossiysk export complex</description>
					<LookAt>
						<longitude>37.88559591048863</longitude>
						<latitude>44.7436841218863</latitude>
						<altitude>346.1218969406899</altitude>
						<heading>14.43010277210731</heading>
						<tilt>0</tilt>
						<gx:fovy>35</gx:fovy>
						<range>5930.788330664509</range>
						<altitudeMode>absolute</altitudeMode>
					</LookAt>
					<styleUrl>#msn_red-circle0</styleUrl>
					<ExtendedData>
						<SchemaData schemaUrl="#__managed_schema00">
							<SimpleData name="07CB78FB7C3F23629A63">0</SimpleData>
						</SchemaData>
					</ExtendedData>
					<Point>
						<extrude>1</extrude>
						<coordinates>37.88907653522401,44.74883537119494,303.9851723324922</coordinates>
					</Point>
				</Placemark>
				<Placemark id="0B010FC4B63F23645016">
					<name>CPC Terminal</name>
					<description>Status: Operational</description>
					<LookAt>
						<longitude>37.63837970842989</longitude>
						<latitude>44.73271911210465</latitude>
						<altitude>213.6135442268588</altitude>
						<heading>355.9888044915223</heading>
						<tilt>0</tilt>
						<gx:fovy>35</gx:fovy>
						<range>15313.09946442023</range>
						<altitudeMode>absolute</altitudeMode>
					</LookAt>
					<styleUrl>#msn_red-circle0</styleUrl>
					<ExtendedData>
						<SchemaData schemaUrl="#__managed_schema00">
							<SimpleData name="07CFE706053F23645018">0</SimpleData>
						</SchemaData>
					</ExtendedData>
					<Point>
						<extrude>1</extrude>
						<coordinates>37.64632287067846,44.74323163733768,251.7395261832193</coordinates>
					</Point>
				</Placemark>
				<Placemark id="0AA59C3CB23F2D0D4068">
					<name>BOTAŞ Ceyhan Oil Terminal</name>
					<description>Status: Operational
Owner/Operator: BOTAŞ — Petroleum Pipeline Corporation of Türkiye
Role: Export and storage terminal for Iraqi crude arriving via the Iraq–Türkiye pipeline (parallel 40-inch and 46-inch lines, ~70.9 Mt/yr ≈ 1.4–1.5 million b/d nominal)
Berths / vessel size: 1,950 m marine jetty loading up to four tankers simultaneously
Storage capacity: ~11 million barrels (April 2026); expansion planned to 45 million
Connectivity: Iraq–Türkiye pipeline, Ceyhan–Kırıkkale line, the wider Ceyhan energy hub
Recent: Iraqi exports resumed after a prolonged interruption, but flows remain well below nominal capacity
Risks: Dependence on Iraq–Türkiye pipeline politics; utilisation far under capacity</description>
					<LookAt>
						<longitude>35.93331022219247</longitude>
						<latitude>36.88618143620743</latitude>
						<altitude>59.72406968159699</altitude>
						<heading>327.5901298483001</heading>
						<tilt>0</tilt>
						<gx:fovy>34.9999999935073</gx:fovy>
						<range>11152.58242627024</range>
						<altitudeMode>absolute</altitudeMode>
					</LookAt>
					<styleUrl>#msn_red-circle0</styleUrl>
					<ExtendedData>
						<SchemaData schemaUrl="#__managed_schema00">
							<SimpleData name="039A63B3463F2D0D4069">0</SimpleData>
						</SchemaData>
					</ExtendedData>
					<Point>
						<extrude>1</extrude>
						<coordinates>35.92635699872079,36.89281250518767,145.7880188281089</coordinates>
					</Point>
				</Placemark>
				<Placemark id="0AC4204AAF3F2D0EA8F4">
					<name>BTC (Baku–Tbilisi–Ceyhan) Terminal</name>
					<description>Status: Operational
Owner/Operator: BTC Co. consortium; operational control transferred from BP to SOCAR on 1 July 2026 (BP remains a major shareholder)
Role: Mediterranean terminus of the ~1,767 km BTC pipeline from Sangachal (Baku) — the Caspian&apos;s non-Russian export gate for Azeri Light, Shah Deniz condensate and Kazakh transshipped volumes
Capacity: &gt;1 million b/d through the pipeline
Berths / vessel size: Two berths on a ~2.5 km offshore jetty; vessels to ~300,000 dwt, two tankers simultaneously
Storage capacity: Seven floating-roof tanks of ~1 million bbl each (~7 million bbl)
Main markets: Mediterranean and NW Europe
Risks: Single-corridor dependence on the Azerbaijan–Georgia–Türkiye transit; regional geopolitics</description>
					<LookAt>
						<longitude>35.9941292438867</longitude>
						<latitude>36.91245099300617</latitude>
						<altitude>1.610068382283771</altitude>
						<heading>327.6693767000563</heading>
						<tilt>0</tilt>
						<gx:fovy>34.99999998347968</gx:fovy>
						<range>7571.767927960027</range>
						<altitudeMode>absolute</altitudeMode>
					</LookAt>
					<styleUrl>#msn_red-circle0</styleUrl>
					<ExtendedData>
						<SchemaData schemaUrl="#__managed_schema00">
							<SimpleData name="003F5D15A33F2D0EA8F5">0</SimpleData>
						</SchemaData>
					</ExtendedData>
					<Point>
						<extrude>1</extrude>
						<coordinates>35.98220970918661,36.91999666640812,11.23635793945157</coordinates>
					</Point>
				</Placemark>
				<Placemark id="0E93FD8B0D3F3314E1F4">
					<name>Echo Terminal</name>
					<description>Status: Operational</description>
					<LookAt>
						<longitude>-95.18779836054895</longitude>
						<latitude>29.61753399540954</latitude>
						<altitude>11.50167502023214</altitude>
						<heading>0</heading>
						<tilt>0</tilt>
						<gx:fovy>35</gx:fovy>
						<range>5637.609870001324</range>
						<altitudeMode>absolute</altitudeMode>
					</LookAt>
					<styleUrl>#msn_red-circle0</styleUrl>
					<Point>
						<coordinates>-95.18297718190327,29.61418322687845,11.48587133223509</coordinates>
					</Point>
				</Placemark>
				<Placemark id="06549B54963E92547180">
					<name>Primorsk oil terminal port</name>
					<description>Status: Operational
Owner/Operator: Transneft (Primorsk Trade Port)
Role: Russia&apos;s largest Baltic export terminal — the marine end of the Baltic Pipeline System (BPS-1), loading Urals crude plus ultra-low-sulphur diesel delivered by the Sever products pipeline
Capacity: ~1.5 million b/d system design; ~700,000 b/d of typical export handling in 2026, split roughly two-thirds crude, one-third diesel
Connectivity: Pipeline-fed (unlike rail-fed Vysotsk next door); cargoes exit via the Gulf of Finland and the Danish Straits inspection zone, largely on the shadow fleet under the G7 price cap
Recent: The primary target of the Ukrainian deep-strike campaign against export revenue — first loading suspension September 2025, renewed strikes through 2026 including the July attack wave on the Leningrad region ports, with fires fought at the terminal
Strategic role: The single most important outlet for seaborne Urals — the western twin of Kozmino, and the asset your BPS-1 line delivers to
Risks: Drone strikes; price-cap and insurance enforcement at the Danish Straits; winter ice; single-corridor concentration with BPS-1</description>
					<LookAt>
						<longitude>28.72983058112194</longitude>
						<latitude>60.33841417803206</latitude>
						<altitude>44.80079358150588</altitude>
						<heading>0</heading>
						<tilt>0</tilt>
						<gx:fovy>35</gx:fovy>
						<range>3623.704182373476</range>
						<altitudeMode>absolute</altitudeMode>
					</LookAt>
					<styleUrl>#msn_red-circle3</styleUrl>
					<Point>
						<coordinates>28.72205088671118,60.33991086572199,46.51861622035126</coordinates>
					</Point>
				</Placemark>
				<Placemark id="07EFFEE8953E925D561B">
					<name>Ust-Luga port</name>
					<description>Status: Operational
Role: Large multi-purpose Baltic industrial port — handles crude, refined products (diesel, fuel oil), coal, chemicals, LNG and containers</description>
					<LookAt>
						<longitude>28.45702888754769</longitude>
						<latitude>59.6933774670466</latitude>
						<altitude>50.28744504557761</altitude>
						<heading>0</heading>
						<tilt>0</tilt>
						<gx:fovy>35</gx:fovy>
						<range>15413.04423959227</range>
						<altitudeMode>absolute</altitudeMode>
					</LookAt>
					<styleUrl>#msn_red-circle0</styleUrl>
					<Point>
						<coordinates>28.43259113123285,59.69419730896802,0.5303039684784627</coordinates>
					</Point>
				</Placemark>
				<Placemark id="08BE3066633EB7A46F67">
					<name>Omišalj sea terminal</name>
					<description>Status: Operational
Role: Adriatic deep-water crude terminal on Krk island, Croatia — seaborne crude lands here and enters the JANAF (Adria) pipeline toward the Croatian, Serbian and Hungarian refineries</description>
					<LookAt>
						<longitude>14.54053231320561</longitude>
						<latitude>45.21149347754302</latitude>
						<altitude>12.82270280672932</altitude>
						<heading>0</heading>
						<tilt>0</tilt>
						<gx:fovy>35</gx:fovy>
						<range>14891.64541449398</range>
						<altitudeMode>absolute</altitudeMode>
					</LookAt>
					<styleUrl>#msn_red-circle0</styleUrl>
					<Point>
						<coordinates>14.53429138844205,45.21817548052175,20.86324727075943</coordinates>
					</Point>
				</Placemark>
				<Placemark id="0BB689122C3F60C1F055">
					<name>Fluxel terminal Pétrolier de Fos</name>
					<description>Status: Operational</description>
					<LookAt>
						<longitude>4.8928768</longitude>
						<latitude>43.4204135</latitude>
						<altitude>0</altitude>
						<heading>0</heading>
						<tilt>0</tilt>
						<gx:fovy>35</gx:fovy>
						<range>1774.580562634262</range>
						<altitudeMode>relativeToGround</altitudeMode>
					</LookAt>
					<styleUrl>#msn_red-circle0</styleUrl>
					<Point>
						<altitudeMode>relativeToGround</altitudeMode>
						<coordinates>4.8928764,43.4204139,0</coordinates>
					</Point>
				</Placemark>
				<Placemark id="09CDCCD6D2402125F983">
					<name>Tesside terminal</name>
					<description>Status: Operational</description>
					<LookAt>
						<longitude>-1.207331870614623</longitude>
						<latitude>54.63536325234617</latitude>
						<altitude>1.506529309700844</altitude>
						<heading>0</heading>
						<tilt>0</tilt>
						<gx:fovy>35</gx:fovy>
						<range>10162.32116241124</range>
						<altitudeMode>absolute</altitudeMode>
					</LookAt>
					<styleUrl>#msn_red-circle0</styleUrl>
					<Point>
						<coordinates>-1.166645189471853,54.61107030415113,5.678885366906616</coordinates>
					</Point>
				</Placemark>
				<Placemark id="09DABC047E40213D4F4C">
					<name>Mongstad storage terminal (Norway)</name>
					<description>Status: Operational</description>
					<LookAt>
						<longitude>5.027262562708255</longitude>
						<latitude>60.81282650304642</latitude>
						<altitude>16.04056043267681</altitude>
						<heading>0</heading>
						<tilt>0</tilt>
						<gx:fovy>35</gx:fovy>
						<range>3901.259457701817</range>
						<altitudeMode>absolute</altitudeMode>
					</LookAt>
					<styleUrl>#msn_red-circle0</styleUrl>
					<Point>
						<coordinates>5.031485608870081,60.81532178571573,12.73050171949453</coordinates>
					</Point>
				</Placemark>
				<Placemark>
					<name>Whiffen Head Terminal</name>
					<description>Status: Operational</description>
					<LookAt>
						<longitude>-53.97217141827432</longitude>
						<latitude>47.78454278783614</latitude>
						<altitude>0</altitude>
						<heading>-0.6804212844011566</heading>
						<tilt>6.356901141897061</tilt>
						<range>9605.853158531982</range>
						<gx:altitudeMode>relativeToSeaFloor</gx:altitudeMode>
					</LookAt>
					<styleUrl>#msn_red-circle0</styleUrl>
					<Point>
						<gx:drawOrder>1</gx:drawOrder>
						<coordinates>-54.00016554845473,47.78721988677749,0</coordinates>
					</Point>
				</Placemark>
				<Placemark id="00E47F133C402145C844">
					<name>Corpus Christi storage terminal (USA)</name>
					<description>Status: Operational</description>
					<LookAt>
						<longitude>-97.43652216855679</longitude>
						<latitude>27.81507349147912</latitude>
						<altitude>11.50250674861151</altitude>
						<heading>0</heading>
						<tilt>0</tilt>
						<gx:fovy>35</gx:fovy>
						<range>8075.648938041413</range>
						<altitudeMode>absolute</altitudeMode>
					</LookAt>
					<styleUrl>#msn_red-circle0</styleUrl>
					<Point>
						<coordinates>-97.43805172032799,27.80986235338777,12.18912578746996</coordinates>
					</Point>
				</Placemark>
				<Placemark>
					<name>Skikda Oil Terminal</name>
					<description>Status: Operational
Owner/Operator: Sonatrach and affiliated refinery, LNG, pipeline and petrochemical divisions
Role: Integrated storage complex between the RA1K refinery, the LNG plant and the hydrocarbon port — receipt, segregation, buffer storage, blending, refinery feed management and export-cargo preparation
Handles: Crude, condensate, gasoline, diesel, jet, naphtha, fuel oil, LPG, LNG feedstocks, aromatics
Storage capacity: No consolidated public figure for the oil tank farms; the LNG complex alone holds 246,000 m³ in three tanks
Connectivity: RA1K and RA2K refineries, GL1K LNG complex, petrochemical plants, inland pipelines, marine berths
Risks: Tank fires, vapour release, spills, overfilling and cascading incidents in a dense industrial zone</description>
					<LookAt>
						<longitude>6.951499590607777</longitude>
						<latitude>36.88991275297942</latitude>
						<altitude>0</altitude>
						<heading>-57.97345099874529</heading>
						<tilt>8.47579345323199</tilt>
						<range>5045.080083596493</range>
						<gx:altitudeMode>relativeToSeaFloor</gx:altitudeMode>
					</LookAt>
					<styleUrl>#msn_red-circle0</styleUrl>
					<Point>
						<gx:drawOrder>1</gx:drawOrder>
						<coordinates>6.946337962101885,36.8805841519012,0</coordinates>
					</Point>
				</Placemark>
				<Placemark>
					<name>Es Sider (As Sidra) Export terminal</name>
					<description>Status: Operational
Role: Libya&apos;s largest crude export terminal (2 SBMs); loads the Es Sider blend
Operator: Waha Oil Co / NOC</description>
					<Camera>
						<longitude>18.37667446971116</longitude>
						<latitude>30.5936264907639</latitude>
						<altitude>24087.93947088356</altitude>
						<heading>63.58379889018514</heading>
						<tilt>0.01864991167658842</tilt>
						<roll>55.43042773308764</roll>
						<gx:altitudeMode>relativeToSeaFloor</gx:altitudeMode>
					</Camera>
					<styleUrl>#msn_red-circle0</styleUrl>
					<Point>
						<gx:drawOrder>1</gx:drawOrder>
						<coordinates>18.34965819337705,30.62876828330338,0</coordinates>
					</Point>
				</Placemark>
				<Placemark>
					<name>Bonny terminal tank farm</name>
					<description>Status: Operational
Owner/Operator: Shell SPDC — Renaissance Africa Energy since March 2025 — on behalf of the NNPC joint venture
Role: Onshore reception and storage for Bonny Light — crude from the Trans Niger Pipeline and the Nembe Creek Trunk Line is received, commingled and held before export; no harbour or quay — crude leaves by submarine pipeline to the offshore loading buoys
Capacity: ~250,000 b/d rated throughput
Storage capacity: ~5.7 million barrels (NUPRC crude-terminal register)
Risks: Dependence on the two feeder trunklines; Niger Delta operating environment</description>
					<LookAt>
						<longitude>7.155867008775545</longitude>
						<latitude>4.418187978853866</latitude>
						<altitude>0</altitude>
						<heading>44.68357605223426</heading>
						<tilt>6.510097379863278</tilt>
						<range>2911.857564424163</range>
						<gx:altitudeMode>relativeToSeaFloor</gx:altitudeMode>
					</LookAt>
					<styleUrl>#msn_red-circle0</styleUrl>
					<Point>
						<gx:drawOrder>1</gx:drawOrder>
						<coordinates>7.160021945461112,4.419963160069129,0</coordinates>
					</Point>
				</Placemark>
				<Placemark id="DD4F791C5111D38B2695">
					<name>Kulevi Oil Terminal</name>
					<description>Status: Operational
Owner/Operator: SOCAR (SOCAR Georgia Petroleum)
Role: Georgia&apos;s principal Black Sea oil gateway — crude and products arrive mainly by rail from Azerbaijan (and, per EU and OCCRP reporting, Russia), are stored and loaded onto tankers
Storage capacity: One of Georgia&apos;s largest multi-tank farms
Connectivity: Rail link to Baku; marine berths; since 2024–25 also handles cargo for the adjacent, separately owned Kulevi refinery
Recent: Kept transshipping Russian-linked cargoes through 2025–26 under Western scrutiny; the terminal itself was not named in the EU&apos;s 21st sanctions package (July 2026), unlike the refinery; a 2024 Black Sea spill was linked to operations in the area
Risks: Sanctions scrutiny; spill history; rail-logistics dependence</description>
					<LookAt>
						<longitude>41.64</longitude>
						<latitude>42.27</latitude>
						<altitude>0</altitude>
						<heading>0</heading>
						<tilt>0</tilt>
						<gx:fovy>35</gx:fovy>
						<range>6000</range>
						<altitudeMode>absolute</altitudeMode>
					</LookAt>
					<styleUrl>#msn_red-circle0</styleUrl>
					<Point>
						<coordinates>41.64,42.27,4.999999999999999</coordinates>
					</Point>
				</Placemark>
				<Placemark>
					<name>Vadinar Terminal (Nayara Energy)</name>
					<description>Status: Operational
Owner/Operator: Nayara Energy (Rosneft ~49.13%, Kesani Enterprises ~49.13%)
Role: Captive deep-water port of the 400,000 b/d Vadinar refinery — the main entry gate for discounted Russian Urals into India since 2022, and a major gasoline/diesel export hub toward Africa, the Middle East and Asia
Berths / vessel size: VLCC-capable SPM buoys (to ~350,000 dwt); products on MR/LR tankers at jetty berths
Storage capacity: One of India&apos;s largest tank farms
Connectivity: ~30 km from Reliance Jamnagar — the Gulf of Kutch is the world&apos;s densest refining zone (~1.8 million b/d combined)
Recent: July 2026 — first confirmed Indian fuel shipment TO Russia: 356,000 bbl of gasoline loaded at Vadinar, transshipped STS off Port Said, delivered at Vitino (White Sea) — a rare reversal of the usual flow
Risks: EU sanctions on Nayara via the Rosneft stake — shadow-fleet logistics, payment and insurance frictions; Arabian Sea cyclones</description>
					<LookAt>
						<longitude>69.87652005038156</longitude>
						<latitude>22.43068468714882</latitude>
						<altitude>0</altitude>
						<heading>0.006173644074275999</heading>
						<tilt>0</tilt>
						<range>60202.05664683969</range>
						<gx:altitudeMode>relativeToSeaFloor</gx:altitudeMode>
					</LookAt>
					<styleUrl>#msn_red-circle0</styleUrl>
					<Point>
						<gx:drawOrder>1</gx:drawOrder>
						<coordinates>69.7276281862008,22.40079188475431,0</coordinates>
					</Point>
				</Placemark>
				<Placemark>
					<name>Vitino Terminal</name>
					<description>Status: Operational
Owner/Operator: Rusneftekhim (bought with the Belomorsk terminal in 2009, ~$50m); restarted in the sanctions era
Role: Small White Sea rail-to-tanker terminal — the region&apos;s only oil transshipment port, revived as a discreet Arctic outlet far from the closely watched Baltic routes
Berths / vessel size: One deep-water berth plus two smaller — three tankers simultaneously; ships to 230 m length, 10.9 m draft, ~80,000 t cargo (mid-size only)
Recent: Modernisation targets ≥4 Mt/yr of products (diesel, naphtha) — its pre-2014 peak, when it shipped for Lukoil, Gazprom Neft and Novatek before flows moved to the Baltic and the port went bankrupt. July 2026: destination of the first confirmed Indian gasoline delivery to Russia (356,000 bbl ex-Vadinar)
Risks: Sanctions-era opacity; Arctic ice and navigation; rail dependence</description>
					<LookAt>
						<longitude>32.31585934190645</longitude>
						<latitude>67.08239562526722</latitude>
						<altitude>0</altitude>
						<heading>0.4708836544006041</heading>
						<tilt>13.76904897848691</tilt>
						<range>6011.758783748465</range>
						<gx:altitudeMode>relativeToSeaFloor</gx:altitudeMode>
					</LookAt>
					<styleUrl>#msn_red-circle0</styleUrl>
					<Point>
						<gx:drawOrder>1</gx:drawOrder>
						<coordinates>32.30003652066684,67.08175339588146,0</coordinates>
					</Point>
				</Placemark>
				<Placemark>
					<name>Ras Tanura–Juaymah</name>
					<description>Status: Operational
Owner/Operator: Saudi Aramco
Role: Saudi Arabia&apos;s principal crude export complex — the North Pier, Sea Island terminals and Juaymah single-point moorings load Arabian Light, Extra Light and Medium plus LPG and products; integrated with the ~550,000 b/d Ras Tanura refinery
Berths / vessel size: Fixed offshore terminals and SPMs designed for deep-draft crude tankers (VLCC)
Connectivity: Aramco&apos;s trunk-pipeline and storage network from the Eastern Province fields
Main markets: Primarily Asia — China, India, Japan
Recent: Crude loadings resumed in June 2026 after a prolonged disruption; the refinery was shut as a precaution after a 2 March 2026 drone strike
Risks: Hormuz dependence; drone and missile exposure; regional conflict</description>
					<LookAt>
						<longitude>50.20488048568192</longitude>
						<latitude>26.57820627424667</latitude>
						<altitude>0</altitude>
						<heading>0.1481983558295874</heading>
						<tilt>3.533205992358814</tilt>
						<range>49283.03103410581</range>
						<gx:altitudeMode>relativeToSeaFloor</gx:altitudeMode>
					</LookAt>
					<styleUrl>#msn_red-circle0</styleUrl>
					<Point>
						<gx:drawOrder>1</gx:drawOrder>
						<coordinates>50.10895927883966,26.63170639897436,0</coordinates>
					</Point>
				</Placemark>
				<Placemark>
					<name>LOOP–Clovelly–St. James Crude Hub</name>
					<description>Status: Operational
Owner/Operator: LOOP LLC (offshore terminal, subsea pipelines, Clovelly Hub); private operators around St. James
Role: Deep-water crude import/export, storage, blending and inland-distribution hub — the offshore terminal ~18 nm off Louisiana can both unload and load deep-draft tankers
Crude flows: Imported medium and heavy crude, Gulf of Mexico production, domestic light crude and export cargoes, moving between the terminal, Clovelly storage and the St. James trading centre
Connectivity: LOCAP and Capline onward to Lower Mississippi and Midwest refineries
Main markets: Louisiana refineries; the Midwest via Capline
Risks: Hurricane exposure; concentration of deep-draft flows on one hub</description>
					<LookAt>
						<longitude>-90.22457012593216</longitude>
						<latitude>30.23964645435963</latitude>
						<altitude>0</altitude>
						<heading>-0.06644171407397513</heading>
						<tilt>0</tilt>
						<range>125516.6760459274</range>
						<gx:altitudeMode>relativeToSeaFloor</gx:altitudeMode>
					</LookAt>
					<styleUrl>#msn_red-circle0</styleUrl>
					<Point>
						<gx:drawOrder>1</gx:drawOrder>
						<coordinates>-90.14741524227848,30.19062721127204,0</coordinates>
					</Point>
				</Placemark>
				<Placemark>
					<name>Valdez Marine Terminal</name>
					<description>Status: Operational
Owner/Operator: Alyeska Pipeline Service Company
Role: Sole maritime outlet for Alaska North Slope crude — terminus of the 800-mile Trans-Alaska Pipeline System (TAPS)
Berths / vessel size: Two operational loading berths; vapour management, ballast-water treatment and dedicated spill-response infrastructure
Storage capacity: 13 tanks in service, ~6.6 million barrels of working inventory
Main markets: US West Coast refineries — Washington State and California
Risks: Single-outlet dependence on TAPS; Prince William Sound marine risk (extensive dedicated spill-response fleet)</description>
					<LookAt>
						<longitude>-146.3431798517328</longitude>
						<latitude>61.10344680654605</latitude>
						<altitude>0</altitude>
						<heading>7.430904961163245</heading>
						<tilt>0</tilt>
						<range>9444.149433161489</range>
						<gx:altitudeMode>relativeToSeaFloor</gx:altitudeMode>
					</LookAt>
					<styleUrl>#msn_red-circle0</styleUrl>
					<Point>
						<gx:drawOrder>1</gx:drawOrder>
						<coordinates>-146.3825607494269,61.10120391920578,0</coordinates>
					</Point>
				</Placemark>
				<Placemark>
					<name>Yanbu crude oil terminal</name>
					<description>Status: Operational
Owner/Operator: Saudi Aramco
Role: The Red Sea export gate of Saudi crude — the marine terminus of the East–West Pipeline (Petroline), loading Arabian grades at the Yanbu South and North terminals without any Hormuz transit
Berths / vessel size: Multiple deep-water berths and sea-island loading up to VLCC/ULCC scale (~500,000 dwt)
Storage capacity: Large crude tank farms buffering Petroline&apos;s ~5 million b/d delivery capacity against tanker schedules
Connectivity: Fed from Abqaiq by Petroline; feeds the YASREF, SAMREF and Aramco Yanbu refineries alongside export liftings; northbound cargoes connect into SUMED at Ain Sokhna
Recent: The pivot of the 2026 Hormuz closure — Saudi loadings shifted here en masse, with Yanbu-to-SUMED flows alone hitting 1.8 million b/d in late July (46% of the terminal&apos;s exports) after the Houthi threat declaration against Saudi ports
Strategic role: The place where Saudi Arabia&apos;s two-coast strategy becomes physical — the only Gulf producer&apos;s terminal that kept scaling while the strait was shut
Risks: Inside the Houthi threat perimeter since July 2026; Bab el-Mandeb insecurity for southbound cargoes; concentration of the kingdom&apos;s crisis exports on one coastal complex</description>
					<LookAt>
						<longitude>38.23821066790051</longitude>
						<latitude>23.96546686287854</latitude>
						<altitude>0</altitude>
						<heading>0.1634625590816621</heading>
						<tilt>3.061999562025234</tilt>
						<range>10772.1959340994</range>
						<gx:altitudeMode>relativeToSeaFloor</gx:altitudeMode>
					</LookAt>
					<styleUrl>#msn_red-circle7</styleUrl>
					<Point>
						<gx:drawOrder>1</gx:drawOrder>
						<coordinates>38.24907429950143,23.97014674049278,0</coordinates>
					</Point>
				</Placemark>
			</Folder>
			<Folder>
				<name>Offshore tanker loading terminals (SPM / CALM / SBM)</name>
				<Placemark>
					<name>Midia Marine Terminal (SPM)</name>
					<description>Status: Operational
Owner/Operator: Midia Marine Terminal (KMG International / Rompetrol)
Role: The offshore crude buoy of the Petromidia system — a single-point mooring in deep water off Năvodari, discharging Suezmax-class tankers by subsea pipeline into the refinery&apos;s tank farm
Berths / vessel size: SPM handling tankers far larger than the shallow Midia port could ever berth
Crude flows: Kazakh and other seaborne grades in — the entry point of KMG&apos;s own barrel into its own refinery
Strategic role: The private front door of Romania&apos;s largest refinery — a miniature LOOP logic: when your port is too shallow, move the port offshore
Risks: Black Sea drone and mine environment; single-buoy dependence for the country&apos;s biggest plant; weather windows</description>
					<styleUrl>#msn_marina0</styleUrl>
					<Point>
						<coordinates>28.75,44.33,0</coordinates>
					</Point>
				</Placemark>
				<Placemark>
					<name>LOOP Marine Terminal (offshore)</name>
					<description>Status: Operational
Owner/Operator: LOOP LLC — Marathon Pipe Line, Shell and Valero interests
Role: The Louisiana Offshore Oil Port — the only US port able to handle fully laden VLCCs, via single-point mooring buoys ~30 km off Port Fourchon in open Gulf water
Berths / vessel size: SPM buoys serving VLCC/ULCC-scale tankers; subsea pipeline to shore
Crude flows: Built (1981) to import; since 2018 also loading exports — the buoys learned to pump both ways as the US flipped from importer to exporter
Connectivity: Subsea line to the Clovelly storage hub, thence LOCAP to St. James and the refining row
Strategic role: America&apos;s deep-water valve — the physical answer to the question &quot;how does a ULCC touch the US?&quot;
Risks: Hurricane shut-ins; single-system concentration; competition from new Texas deep-water export projects</description>
					<styleUrl>#msn_marina</styleUrl>
					<Point>
						<coordinates>-90.02500000000001,28.885,0</coordinates>
					</Point>
				</Placemark>
				<Placemark>
					<name>Ras Markaz Floating Terminal (SPM)</name>
					<description>Status: Operational
Owner/Operator: Oman Tank Terminal Company (OTTCO, OQ group)
Role: The marine gate of the Ras Markaz Crude Oil Park — a floating import/export terminal ~7 km offshore on the open Arabian Sea, pumping crude ashore through twin 42-inch pipelines to the tank park and its four main pumping stations
Berths / vessel size: Deep-draft mooring able to receive fully laden VLCCs and ULCCs — deliberately deeper water than the nearby Port of Duqm
Crude flows: Today primarily inbound — Kuwaiti and Omani crude arriving by tanker for the Duqm refinery via the 80 km shore pipeline (operational April 2023); export-capable by design, with cumulative throughput reported at ~17 million tonnes by 2025
Connectivity: Twin subsea lines to the tank park; the planned Nahada–Ras Markaz pipeline would connect it overland to the national system and unlock true second-terminal exports of the Omani Blend
Recent: 2026 — the only VLCC-scale crude terminal in the Gulf region with no strait, canal or blockade in any direction; its storage-plus-mooring offer became the market&apos;s textbook safe haven
Strategic role: The physical option on Omani geography — built before the crisis that proved its thesis
Risks: Open-ocean mooring weather windows; dependence on the tanker shuttle until the overland line exists; phased-buildout economics</description>
					<styleUrl>#msn_marina00</styleUrl>
					<Point>
						<coordinates>57.85,18.98,0</coordinates>
					</Point>
				</Placemark>
				<Placemark>
					<name>Mina al-Fahal Crude Terminal</name>
					<description>Status: Operational
Owner/Operator: PDO / OQ system
Role: Oman&apos;s crude export gate since the 1960s — offshore single-buoy moorings loading the Oman Export Blend off the Muscat headland
Berths / vessel size: SBM loading for VLCC-scale tankers in open water
Storage capacity: Coastal tank farm buffering the Main Oil Line against liftings
Connectivity: Terminus of the MOL; the physical delivery basis of the DME Oman futures contract — one of the two benchmarks pricing Gulf crude eastbound
Recent: 2026 — loaded without interruption while every terminal inside the strait queued for escorts: Omani barrels needed no Hormuz transit, and Oman&apos;s benchmark role gained weight accordingly
Strategic role: The quiet winner&apos;s export gate — geography as market advantage
Risks: Open-anchorage weather; single-terminal concentration for the national blend</description>
					<styleUrl>#msn_marina1</styleUrl>
					<Point>
						<coordinates>58.53999999999999,23.65,0</coordinates>
					</Point>
				</Placemark>
				<Placemark>
					<name>Jask Terminal (Goreh–Jask Pipeline)</name>
					<description>Status: Reduced
Owner/Operator: National Iranian Oil Company (POGC/NIOC project entities)
Role: Iran&apos;s own Hormuz bypass — the ~1,000 km Goreh–Jask pipeline from the Khuzestan system to a terminal and SPM loading point on the Gulf of Oman, seaward of the strait; inaugurated 2021 as strategic insurance
Capacity: ~300,000 b/d design; historically underused, with intermittent loadings and limited storage build-out
Recent: 2026 — the bypass logic blunted by a blockade that covers all Iranian ports, not just the strait; the asset&apos;s existence still shapes negotiation leverage
Strategic role: The Iranian mirror of ADCOP — proof that every Gulf producer drew the same conclusion about Hormuz; unlike the UAE&apos;s version, never scaled to matter
Risks: Underinvestment; blockade coverage; single-line exposure across 1,000 km; Gulf of Oman naval activity</description>
					<styleUrl>#msn_red-circle1</styleUrl>
					<Point>
						<coordinates>57.70000000000001,25.6,0</coordinates>
					</Point>
				</Placemark>
				<Placemark>
					<name>Cnergyico SPM – Khalifa Point (offshore)</name>
					<description>Status: Operational
Role: Pakistan&apos;s only Single Point Mooring — VLCC-capable deep-water crude gateway ~11.5 km offshore, feeding the Mouza Kund refining complex by subsea pipeline</description>
					<styleUrl>#msn_red-circle1</styleUrl>
					<Point>
						<coordinates>66.63,24.8,0</coordinates>
					</Point>
				</Placemark>
				<Placemark>
					<name>Bonny CLP / SPM Offshore Loading</name>
					<description>Status: Operational
Owner/Operator: Shell (SPDC / Renaissance)
Role: The actual offshore loading point for Bonny Light — the water at Bonny Island is too shallow for laden tankers, so ships moor at buoys a few km offshore and load via floating hoses (same mechanism as Es Sider in Libya)
Configuration: One Crude Loading Platform plus three SPMs — SPM1 and SPM2 load crude fed by submarine pipeline from the tank farm; SPM3, further offshore, handles discharge via a pipeline end manifold
Vessels: Suezmax, some VLCC
Risks: Offshore transfer exposure — weather windows, hose and mooring integrity</description>
					<styleUrl>#msn_red-circle1</styleUrl>
					<Point>
						<coordinates>7.2367,4.1867,0</coordinates>
					</Point>
				</Placemark>
				<Placemark>
					<name>Es Sider SBM Offshore Loading Buoys</name>
					<description>Status: Operational
Role: The 2 offshore Single Buoy Moorings where tankers actually moor &amp; load Es Sider crude (~3 km offshore)
Operator: Waha Oil Co / NOC</description>
					<styleUrl>#msn_red-circle1</styleUrl>
					<Point>
						<coordinates>18.356,30.688,0</coordinates>
					</Point>
				</Placemark>
				<Placemark>
					<name>Girassol Export Buoy (CALM)</name>
					<description>Status: Operational
Owner/Operator: TotalEnergies
Role: Offshore CALM loading buoy — tankers of 80,000–400,000 dwt load directly; no pipeline to shore</description>
					<styleUrl>#msn_red-circle1</styleUrl>
					<Point>
						<coordinates>11.68,-7.65,0</coordinates>
					</Point>
				</Placemark>
			</Folder>
			<Folder>
				<name>Pipeline head &amp; gathering stations</name>
				<Placemark>
					<name>Superior Terminal (Enbridge)</name>
					<description>Status: Operational
Owner/Operator: Enbridge
Role: The pivot of the Mainline system — the Wisconsin tank farm at the head of Lake Superior where Canadian crude arriving from the prairies is sorted between the system&apos;s US legs
Storage capacity: Millions of barrels of batching and break-out tankage
Connectivity: Mainline in from Hardisty/Edmonton via Gretna and Clearbrook; Line 61 out to Flanagan (the largest-capacity crude pipe in North America); Line 6A out to the Chicago area and Whiting; Line 5 east through Michigan — the politically contested Straits of Mackinac crossing
Strategic role: Where Canada&apos;s export river braids into its American channels — every downstream junction on this map (Flanagan, Patoka, Cushing) receives what Superior dispatches
Risks: System-wide single point; Line 5 shutdown litigation reshaping flows; winter operations</description>
					<styleUrl>#msn_red-circle10</styleUrl>
					<Point>
						<coordinates>-92.06162531085339,46.68786930884374,0</coordinates>
					</Point>
				</Placemark>
				<Placemark>
					<name>Flanagan Terminal (Enbridge)</name>
					<description>Status: Operational
Owner/Operator: Enbridge
Role: The Illinois junction the system turns on — a tank farm outside a village of a thousand people where Line 61 ends and two southbound choices begin
Storage capacity: Large break-out tankage for batching between systems
Connectivity: Line 61 in from Superior; Flanagan South out to Cushing (the WTI hub); the Southern Access Extension out to Patoka (the Capline corridor); a spur toward the Chicago refineries
Strategic role: The decision point of the Canadian barrel — from this field in Illinois it either becomes Cushing inventory priced against WTI or Patoka throughput bound for Louisiana; the junction is rural because that is exactly where junctions belong
Risks: Junction concentration; apportionment upstream deciding what arrives at all</description>
					<styleUrl>#msn_red-circle10</styleUrl>
					<Point>
						<coordinates>-88.86,40.88,0</coordinates>
					</Point>
				</Placemark>
				<Placemark>
					<name>Patoka Oil Terminal Hub</name>
					<description>Status: Operational
Owner/Operator: Multiple — Marathon, Energy Transfer and partner tank farms around one Illinois village
Role: The crude crossroads of the Midwest — the junction where Bakken barrels (Dakota Access), Canadian barrels (Enbridge via the Southern Access Extension) and Cushing-system barrels (Ozark/Woodpat via Wood River) meet several million barrels of tankage
Connectivity: Two southbound exits compete for its crude — the reversed Capline to St. James, Louisiana, and Energy Transfer&apos;s ETCOP line to Nederland, Texas; local pipes feed the Robinson and Wood River refineries
Strategic role: The quiet answer to &quot;where do Canada, the Bakken and Cushing actually meet&quot; — a hub whose tanks decide whether northern crude becomes Gulf export, Louisiana refinery feed or Midwest gasoline
Risks: Junction concentration; utilisation competition between its two Gulf exits; tornado-belt weather</description>
					<styleUrl>#msn_red-circle9</styleUrl>
					<Point>
						<coordinates>-89.07234831493921,38.79079123080378,0</coordinates>
					</Point>
				</Placemark>
				<Placemark>
					<name>St. James Crude Terminal Hub</name>
					<description>Status: Operational
Owner/Operator: Multiple terminal operators (Plains, NuStar/Sunoco and others) around one river bend in St. James Parish
Role: Louisiana&apos;s onshore crude crossroads — the tank-farm hub where river barges, ocean tankers, Capline, LOCAP from the LOOP system and local pipelines interconnect
Benchmark connection: Light Louisiana Sweet (LLS) — the US Gulf&apos;s light sweet reference grade — is priced basis St. James, making this bend of the river a pricing point in its own right
Connectivity: LOCAP from Clovelly/LOOP; Capline northbound-turned-southbound; river docks; refinery feeds up and down the bank
Strategic role: What Cushing is to WTI, St. James is to LLS — the smaller, saltwater-connected sibling among US pricing locations
Risks: Hurricane and flood exposure; terminal concentration on one reach of river; competition from Texas export hubs</description>
					<styleUrl>#msn_red-circle8</styleUrl>
					<Point>
						<coordinates>-90.85332413635959,30.01193579286889,0</coordinates>
					</Point>
				</Placemark>
				<Placemark>
					<name>Saih Nihayda Blending &amp; Gathering Hub</name>
					<description>Status: Operational
Owner/Operator: Petroleum Development Oman
Role: The midstream heart of the southern trunk — gathering, processing and custody point where southern crude streams are collected before joining the northern flow at the Nahada junction; project documents name it as the collection-and-mixing node of the Oman Blend&apos;s southern half
Connectivity: On the southern trunk from Marmul/Qarn Alam; ~130 km south of the Main Oil Line junction at Nahada, where southern and northern crudes physically merge for the run to Mina al-Fahal; designated tie-in of the planned Nahada–Ras Markaz export line
Recent: Also a major PDO gas hub — the Saih Nihayda gas plant processes gas and condensate from the central-Oman gas fields, alongside the Saih Rawl complex feeding Oman LNG
Strategic role: The node that decides what the southern half of a benchmark grade looks like — blend quality is made here and finalized in the Fahal tanks
Risks: Single-node concentration for southern evacuation; gas-oil facility interdependence on one site</description>
					<styleUrl>#msn_red-circle2</styleUrl>
					<Point>
						<coordinates>56.71353192278404,21.34296396673012,0</coordinates>
					</Point>
				</Placemark>
				<Placemark>
					<name>Fao Storage &amp; Export Tank Farm</name>
					<description>Status: Operational
Owner/Operator: Basra Oil Company / Iraqi Oil Ministry
Role: The staging tank farm of Iraqi exports on the Al-Faw peninsula — southern crude converges here before the subsea lines to the Al-Basra Oil Terminal and SPM buoys
Storage capacity: The buffer between steady field production and tanker liftings — and the system&apos;s proven pressure point
Connectivity: Trunklines from Rumaila, West Qurna, Zubair and Majnoon; subsea export lines to ABOT; the planned Basra–Haditha line would branch from this system
Recent: March 2026 — storage saturated within days of the Hormuz closure, forcing field shut-ins across the south: the textbook demonstration that storage depth, not production capacity, set Iraq&apos;s crisis output
Strategic role: Iraq&apos;s Fao is what Kuwait&apos;s Ahmadi and Saudi Abqaiq are — except with no second exit behind it
Risks: Saturation with nowhere to divert; single-peninsula concentration; naval and drone exposure at the head of the Gulf</description>
					<styleUrl>#msn_red-circle00</styleUrl>
					<Point>
						<coordinates>48.44,29.96,0</coordinates>
					</Point>
				</Placemark>
				<Placemark>
					<name>Habshan Processing &amp; Gathering Complex</name>
					<description>Status: Operational
Owner/Operator: ADNOC
Role: The hinge of the UAE&apos;s onshore oil and gas system — gathering, processing and stabilisation for the Murban crude stream (Bab and the wider onshore fields) plus major gas processing trains (Habshan-Bab complex)
Connectivity: The origin of the Abu Dhabi Crude Oil Pipeline (~1.5 million b/d design) across the Hajar mountains to Fujairah — the pipe that lets Murban ignore the Strait of Hormuz
Recent: 2026 — the busiest node in the Gulf&apos;s most successful chokepoint workaround; the UAE held 82% of its 2025 export rate through the closure largely because this complex feeds a non-Hormuz outlet
Strategic role: The UAE&apos;s Abqaiq — the processing hinge every onshore barrel passes through, and the reason Fujairah works
Risks: Single-complex concentration for the Murban system; industrial and drone exposure; gas-oil interdependence on one site</description>
					<styleUrl>#msn_ylw-pushpin</styleUrl>
					<Point>
						<coordinates>53.61610776152907,23.82631426915676,0</coordinates>
					</Point>
				</Placemark>
				<Placemark>
					<name>Abqaiq Processing Complex</name>
					<description>Status: Operational
Owner/Operator: Saudi Aramco
Role: The world&apos;s largest crude oil stabilisation and processing facility (~7 million b/d capacity) — Ghawar, Khurais and other fields&apos; crude is stabilised, sweetened and batched here before export
Connectivity: The hinge of the entire Saudi system — eastward to the Ras Tanura / Ju&apos;aymah terminals, westward as the origin of the Petroline to Yanbu; spheroids, stabilisation columns and tank farm on site
Recent: The 14 September 2019 drone-and-missile attack halved Saudi production (~5.7 million b/d offline) in one strike — the defining proof that processing nodes, not fields, are the system&apos;s true chokepoints; central to 2026 westbound rerouting during the Hormuz closure
Risks: Single-point concentration without equal; repeat-attack exposure; every Saudi barrel&apos;s path runs through or around this plant</description>
					<styleUrl>#msn_ylw-pushpin</styleUrl>
					<Point>
						<coordinates>49.66899999999999,25.937,0</coordinates>
					</Point>
				</Placemark>
				<Placemark>
					<name>Haoud El Hamra Gathering &amp; Pump Station</name>
					<description>Status: Operational
Owner/Operator: Sonatrach TRC
Role: Central crude gathering hub of the Algerian Sahara — origin of the northbound export trunklines</description>
					<styleUrl>#msn_ylw-pushpin</styleUrl>
					<Point>
						<coordinates>5.97306,31.88944,0</coordinates>
					</Point>
				</Placemark>
				<Placemark id="0B3C64860E3F2D52D686">
					<name>Sangachal Terminal</name>
					<description>Status: Operational
Role: Major processing hub for Caspian oil and gas near Baku — the upstream head of the BTC pipeline system</description>
					<LookAt>
						<longitude>49.48183732763185</longitude>
						<latitude>40.18436442583687</latitude>
						<altitude>-23.11671095604757</altitude>
						<heading>0.0005800628024734637</heading>
						<tilt>2.732951793633834</tilt>
						<gx:fovy>34.99999999999972</gx:fovy>
						<range>10361.16271442268</range>
						<altitudeMode>absolute</altitudeMode>
					</LookAt>
					<styleUrl>#msn_ylw-pushpin</styleUrl>
					<ExtendedData>
						<SchemaData schemaUrl="#__managed_schema00">
							<SimpleData name="040A1F85F73F2D52D689">0</SimpleData>
						</SchemaData>
					</ExtendedData>
					<Point>
						<extrude>1</extrude>
						<coordinates>49.4772549519533,40.19611342806439,-17.58269010989242</coordinates>
					</Point>
				</Placemark>
				<Placemark id="0FC37203693FE5E87564">
					<name>San Dorligo della Valle tank farm</name>
					<description>Status: Operational
Owner/Operator: SIOT / TAL Group
Role: The TAL system&apos;s inland tank farm above Trieste — buffer storage between the SIOT marine terminal and the pipeline&apos;s climb over the Alps</description>
					<LookAt>
						<longitude>13.83942095415717</longitude>
						<latitude>45.59032727326716</latitude>
						<altitude>144.3117243049153</altitude>
						<heading>349.649112665804</heading>
						<tilt>0</tilt>
						<gx:fovy>35</gx:fovy>
						<range>15074.52520279912</range>
						<altitudeMode>absolute</altitudeMode>
					</LookAt>
					<styleUrl>#msn_ylw-pushpin</styleUrl>
					<ExtendedData>
						<SchemaData schemaUrl="#__managed_schema00">
							<SimpleData name="09149BB14C3FE5E87566">0</SimpleData>
						</SchemaData>
					</ExtendedData>
					<Point>
						<extrude>1</extrude>
						<coordinates>12.68331824958282,45.75927782668344,32.56627227157015</coordinates>
					</Point>
				</Placemark>
				<Placemark id="0FF2AA23BC3FE5EADE1F">
					<name>lenting tank farm</name>
					<description>Status: Operational
Owner/Operator: TAL Group
Role: TAL&apos;s Ingolstadt-area tank farm — the delivery end of the Alpine corridor, distributing crude to Bayernoil, Gunvor Ingolstadt and the IKL line to Czechia</description>
					<LookAt>
						<longitude>11.4737874</longitude>
						<latitude>48.7947571</latitude>
						<altitude>0</altitude>
						<heading>0</heading>
						<tilt>0</tilt>
						<gx:fovy>35</gx:fovy>
						<range>1583.083454155143</range>
						<altitudeMode>relativeToGround</altitudeMode>
					</LookAt>
					<styleUrl>#msn_ylw-pushpin</styleUrl>
					<Point>
						<altitudeMode>relativeToGround</altitudeMode>
						<coordinates>11.4737874,48.7947571,0</coordinates>
					</Point>
				</Placemark>
			</Folder>
		</Folder>
		<Folder>
			<name>Ports &amp; Logistics Hubs</name>
			<Folder>
				<name>Seaports &amp; energy ports</name>
				<Placemark>
					<name>Port of Constanța &amp; Oil Terminal</name>
					<description>Status: Operational
Owner/Operator: Port of Constanța administration; Oil Terminal SA (state-owned) runs the liquid-bulk berths and ~1.7 million m³ tank farm
Role: The Black Sea&apos;s largest port and Romania&apos;s oil gate — crude imports for the Ploiești refineries, product exports, and since 2022 a logistics lifeline for Ukrainian trade
Berths / vessel size: Deep-water crude and product berths; the largest tankers use the Midia buoy up the coast instead
Connectivity: Head of the Conpet pipeline to Ploiești; rail to the whole refining system
Recent: The 2026 fuel squeeze ran through its berths — &quot;reopened trading routes&quot; for extra crude meant more tankers here
Strategic role: Romania&apos;s answer to every supply question — when refineries stop, imports through Constanța start
Risks: Black Sea war exposure (mines, drones, insurance); congestion with grain and military logistics</description>
					<styleUrl>#msn_ferry0</styleUrl>
					<Point>
						<coordinates>28.64,44.16,0</coordinates>
					</Point>
				</Placemark>
				<Placemark>
					<name>Port of Augusta</name>
					<description>Status: Operational
Owner/Operator: Port System Authority of the Eastern Sicilian Sea; refinery jetties operated by ISAB and Sonatrach; a major Italian naval base shares the bay
Role: One of Italy&apos;s principal oil ports — the natural harbour whose refinery jetties, product berths and anchorage made &quot;CIF Augusta&quot; the Mediterranean&apos;s cargo-pricing shorthand
Berths / vessel size: Deep-water oil jetties for crude and product tankers; sheltered anchorage for waiting cargoes
Connectivity: Feeds and drains the two refineries; no pipeline leaves the island — every barrel arrives and departs by sea, which is precisely why the hub prices cargoes, not pipelines
Strategic role: The harbour that names the benchmark — central Mediterranean geography between Suez, Gibraltar and the Adriatic
Risks: Refinery dependence for its traffic; naval-civilian space sharing; the hub&apos;s fate tracks ISAB&apos;s</description>
					<styleUrl>#msn_ferry</styleUrl>
					<Point>
						<coordinates>15.22,37.22,0</coordinates>
					</Point>
				</Placemark>
				<Placemark>
					<name>Port of South Louisiana</name>
					<description>Status: Operational
Owner/Operator: Port of South Louisiana authority; docks operated by refiners, grain houses and terminal companies
Role: The largest port in the United States by tonnage — a 54-mile jurisdiction along the river between New Orleans and Baton Rouge containing the Garyville and Norco refinery docks, grain elevators and liquid terminals
Berths / vessel size: Dozens of deep-draft berths along the channel (~45-47 ft) — Aframax and partially laden Suezmax tankers, but never a laden VLCC
Connectivity: The meeting point of ocean shipping and the Mississippi barge system that reaches the Midwest — plus every pipeline of the corridor
Strategic role: The port identity of the American Rhine — where the river row&apos;s crude arrives and its products leave; the tonnage gateway, while LOOP offshore remains the crude gateway the draft limit forced outside
Risks: Hurricanes and river flooding; channel dredging dependence; concentration of national trade on one waterway</description>
					<styleUrl>#msn_ferry02</styleUrl>
					<Point>
						<coordinates>-90.56793030901102,30.05348062279684,0</coordinates>
					</Point>
				</Placemark>
				<Placemark>
					<name>Petersburg Oil Terminal port</name>
					<description>Status: Operational
Owner/Operator: Petersburg Oil Terminal (PST) — the largest stevedore of the Big Port of St. Petersburg, in operation since 1995 on a site handling oil since 1892
Role: Products transshipment and bunkering hub — fuel oil, diesel and gasoil arriving by rail (5 million tonnes received in 2025), stored and loaded to tankers and bunker barges
Storage capacity: Multi-berth tank farm developed with ~$270m of investment; rail racks, river and road reception
Recent: Struck in the large-scale July 2026 drone attack on the city — the oil terminal hit, damage contained; also an export route for Belarusian products under the Russia-Belarus port agreement
Strategic role: The urban products port of the Baltic system — smaller than Primorsk and Ust-Luga but the region&apos;s bunkering and rail-fed flexibility node
Risks: Drone-strike exposure inside a city of six million; sanctions and price-cap enforcement on every cargo; winter ice</description>
					<styleUrl>#msn_ylw-pushpin0</styleUrl>
					<Point>
						<coordinates>30.17158086019739,59.8813819450667,0</coordinates>
					</Point>
				</Placemark>
				<Placemark>
					<name>Port of Vysotsk – RPK Lukoil-II Terminal</name>
					<description>Status: Operational
Owner/Operator: The RPK-Vysotsk &quot;Lukoil-II&quot; products terminal, opened 2004; the peninsula also hosts the port&apos;s coal berths and the Novatek/Gazprombank Cryogas-Vysotsk LNG plant (largely idled since 2025)
Role: Rail-fed products export terminal in the Gulf of Finland — fuel oil, gasoil and diesel railed from Russian refineries and loaded for export, unlike pipeline-fed Primorsk next door
Recent: Struck in the July 2026 drone attack on the Leningrad region ports; the adjacent LNG plant burned in a May 2024 fire and has since near-halted output
Strategic role: The rail valve of the Baltic products system — flexible where the pipelines are fixed, and now equally targetable
Risks: Drone exposure; rail-logistics dependence; shadow-fleet loading scrutiny; ice-class navigation season</description>
					<styleUrl>#msn_ylw-pushpin0</styleUrl>
					<Point>
						<coordinates>28.56909151350339,60.59454793134434,0</coordinates>
					</Point>
				</Placemark>
				<Placemark>
					<name>Port of Kaliningrad Oil Terminal</name>
					<description>Status: Operational
Owner/Operator: Kaliningrad commercial seaport with Lukoil&apos;s regional infrastructure — Lukoil-Kaliningradmorneft produces ~20,000 b/d from the exclave&apos;s small onshore and offshore fields, railed to port for export
Role: The exclave&apos;s oil window — modest crude exports out, refined products in for a territory with no land link to Russia through EU space
Recent: 2026 — the exclave&apos;s supply chain runs entirely by sea past NATO coasts and through the Danish Straits inspection zone; every cargo is a sanctions-regime test case
Strategic role: The smallest of Russia&apos;s four Baltic oil ports and the most politically exposed — an energy island inside the EU&apos;s perimeter
Risks: Total seaborne dependence; interdiction and inspection escalation; small scale against big geopolitics</description>
					<styleUrl>#msn_ylw-pushpin0</styleUrl>
					<Point>
						<coordinates>20.41939841377085,54.69055793922843,0</coordinates>
					</Point>
				</Placemark>
				<Placemark>
					<name>Port of Sohar</name>
					<description>Status: Operational
Owner/Operator: Sohar Industrial Port Company — a Sultanate of Oman / Port of Rotterdam joint venture
Role: Oman&apos;s northern industrial port — refinery and petrochemical feedstock intake, product exports, containers, bulk and one of the Gulf of Oman&apos;s main bunkering and anchorage zones
Berths / vessel size: Deep-water berths across liquid, bulk and container terminals
Recent: A 2026 workaround hub — ADNOC&apos;s naphtha moved through Sohar by ship-to-ship transfer to bypass Hormuz, and the anchorage absorbed diverted regional traffic
Strategic role: The Rotterdam-model port on the outside of the strait — industrial depth plus crisis flexibility
Risks: Congestion under diverted flows; industrial-zone incidents; competition from Fujairah next door</description>
					<styleUrl>#msn_ylw-pushpin0</styleUrl>
					<Point>
						<coordinates>56.61442148262615,24.51169630707951,0</coordinates>
					</Point>
				</Placemark>
				<Placemark>
					<name>Port of Duqm</name>
					<description>Status: Operational
Owner/Operator: Port of Duqm Company (Oman–Antwerp partnership) within the Duqm SEZ
Role: The Arabian Sea greenfield — deep-water commercial port, one of the region&apos;s largest dry docks, refinery berths and the gateway of the Duqm industrial project
Berths / vessel size: Deep-water quays serving the refinery, dry dock and general trade; open-ocean access with no strait in any direction
Recent: 2026 elevated Duqm from ambition to argument — the war economy rewarded every berth that faced open water
Strategic role: The Indian Ocean face of the Gulf&apos;s energy system — and with Ras Markaz next door, the outside-Hormuz storage-and-processing cluster the region always said it needed
Risks: Remote hinterland; ramp-up economics; dependence on anchor projects (refinery, dry dock, storage park)</description>
					<styleUrl>#msn_ylw-pushpin0</styleUrl>
					<Point>
						<coordinates>57.71,19.68,0</coordinates>
					</Point>
				</Placemark>
				<Placemark>
					<name>Shuaiba Industrial Port &amp; Oil Berths</name>
					<description>Status: Operational
Owner/Operator: Kuwait Ports Authority industrial port; KNPC oil berths and the Mina Abdullah Sea Island alongside; EQUATE and the petrochemical complex inland
Role: The southern export door of Kuwait&apos;s refining strip — product loadings for Mina Abdullah, petrochemical exports, and industrial cargo for the Shuaiba zone
Berths / vessel size: Oil berths and offshore Sea Island loading product tankers up to large scale
Connectivity: Pipeline-fed from the Mina Abdullah complex; the closed Shuaiba refinery site (shut 2017) is being repurposed within the industrial area
Recent: 2026 — throttled with the rest of Kuwaiti exports by the Hormuz closure; the strip from Ahmadi to Al Zour operated as one constrained system
Strategic role: Completes Kuwait&apos;s three-door export coast — Ahmadi, Shuaiba/MAB, Al Zour — all inside the same strait
Risks: Hormuz dependence; coastal concentration; industrial-zone incidents</description>
					<styleUrl>#msn_ylw-pushpin0</styleUrl>
					<Point>
						<coordinates>48.17,29.03,0</coordinates>
					</Point>
				</Placemark>
				<Placemark>
					<name>King Fahd Industrial Port, Jubail</name>
					<description>Status: Operational
Owner/Operator: Saudi Ports Authority; industrial berths serving SATORP, SASREF, SABIC and the Jubail complex
Role: The Gulf-coast industrial port of the world&apos;s largest petrochemical city — crude and feedstock intake, product and chemical exports, project cargo
Berths / vessel size: Deep-water berths for tankers, chemical carriers and bulk vessels across dedicated terminals
Connectivity: Pipeline-fed from the Aramco eastern system; road/rail into the Jubail industrial zones
Recent: 2026 — Gulf-side loadings constrained by the Hormuz closure, the mirror image of Yanbu&apos;s surge on the other coast
Strategic role: The export mouth of Jubail — where the eastern refining-petrochemical cluster meets water, inside the strait
Risks: Hormuz dependence; industrial-zone concentration; regional escalation</description>
					<styleUrl>#msn_ylw-pushpin0</styleUrl>
					<Point>
						<coordinates>49.68000000000001,27.05,0</coordinates>
					</Point>
				</Placemark>
				<Placemark>
					<name>Jeddah Islamic Port &amp; Fuel Terminal</name>
					<description>Status: Operational
Owner/Operator: Saudi Ports Authority; container terminals under concession; fuel storage at the former Jeddah refinery site
Role: Saudi Arabia&apos;s principal commercial port on the Red Sea and the western fuel-distribution hub — the old Jeddah refinery, converted to a storage and distribution terminal, feeds the Makkah-Jeddah region
Connectivity: The western node of the trans-peninsula land bridge — in 2026, cargo rerouted overland from the Gulf moved through Jeddah when Bab el-Mandeb and Hormuz both squeezed
Recent: The &quot;Jeddah land bridge&quot; became a live workaround during the 2026 crisis, moving cargo between coasts by road as both maritime doors jammed
Strategic role: The commercial counterpart of Yanbu&apos;s energy role on the same coast — and the proof that Saudi geography, with two seas, is itself a strategic asset
Risks: Red Sea shipping insecurity; container congestion; dependence of the west on land-bridge capacity when the Gulf closes</description>
					<styleUrl>#msn_ylw-pushpin0</styleUrl>
					<Point>
						<coordinates>39.17,21.47,0</coordinates>
					</Point>
				</Placemark>
				<Placemark>
					<name>Port of Umm Qasr</name>
					<description>Status: Operational
Owner/Operator: General Company for Ports of Iraq; berths run by private operators — ICTSI&apos;s Basra Gateway Terminal (containers, general and oil-sector project cargo), Gulftainer, BMT, CMA-CGM and others
Role: Iraq&apos;s largest and only deep-water commercial port, on the western edge of the Fao peninsula — the country&apos;s main gateway for imports including refined products, food and project equipment for the southern oilfields
Berths / vessel size: 21+ berths across North and South ports; container vessels to 14,000 TEU at the deepest berths (~14 m)
Connectivity: Road and rail to Basra and Baghdad; adjacent Khor al-Zubair port and fuel-storage zone
Recent: Iraq&apos;s product-import dependence made the port a pressure point in the 2026 crisis alongside the crude-export collapse
Strategic role: The non-oil half of Iraq&apos;s sea access — and the import valve for the fuels its refineries don&apos;t yet produce
Risks: Channel and draft limits; congestion; regional escalation at the head of the Gulf</description>
					<styleUrl>#msn_ylw-pushpin0</styleUrl>
					<Point>
						<coordinates>47.93,30.05,0</coordinates>
					</Point>
				</Placemark>
				<Placemark>
					<name>Port Qasim Energy Complex (FOTCO / WOTS-I)</name>
					<description>Status: Operational
Role: The modern import gate — FOTCO jetty and OMC terminals feeding PAPCO&apos;s White Oil Terminal Station, head of the White Oil Pipeline</description>
					<styleUrl>#msn_ylw-pushpin0</styleUrl>
					<Point>
						<coordinates>67.34211143442742,24.77864165400217,0</coordinates>
					</Point>
				</Placemark>
				<Placemark>
					<name>Keamari Oil Piers &amp; Terminals – Karachi Port</name>
					<description>Status: Operational
Role: Pakistan&apos;s historic import gate — KPT oil piers, crude berthing for PRL, NRL harbour storage, PSO terminals; linked into the pipeline spine via KPLP</description>
					<styleUrl>#msn_ylw-pushpin0</styleUrl>
					<Point>
						<coordinates>66.97799999999999,24.812,0</coordinates>
					</Point>
				</Placemark>
				<Placemark id="0808FE82F43F33B507D9">
					<name>Port of Fujairah – Oil Trading, Storage &amp; Bunkering Hub</name>
					<description>Status: Operational</description>
					<LookAt>
						<longitude>56.3537745444428</longitude>
						<latitude>25.18147027755067</latitude>
						<altitude>7.004837274280868</altitude>
						<heading>359.9999999998107</heading>
						<tilt>0</tilt>
						<gx:fovy>34.99999474679635</gx:fovy>
						<range>18025.52978734486</range>
						<altitudeMode>absolute</altitudeMode>
					</LookAt>
					<styleUrl>#msn_ylw-pushpin0</styleUrl>
					<ExtendedData>
						<SchemaData schemaUrl="#__managed_schema00">
							<SimpleData name="1F8EAC76B33F33B507D9">0</SimpleData>
						</SchemaData>
					</ExtendedData>
					<Point>
						<extrude>1</extrude>
						<coordinates>56.3527926838681,25.19976365584235,0.6583471024677223</coordinates>
					</Point>
				</Placemark>
				<Placemark id="0B2BEEDECD3F32C45703">
					<name>Houston Ship Channel / Buffalo Bayou Industrial Corridor</name>
					<description>Status: Operational
Owner/Operator: Port Houston maintains the public channel; refineries, terminals and docks privately operated
Role: One of the world&apos;s largest concentrations of refining, petrochemical, storage and marine-terminal infrastructure — Buffalo Bayou, widened and deepened into the upper Houston Ship Channel, brings ocean ships deep into the metro area
Main facilities: Refineries, petrochemical plants, product and chemical terminals, LPG/NGL handling, tank farms, ship and barge docks, pipeline interconnections, rail
Connectivity: Linked to Texas crude systems and Gulf export routes; distinct from the Mont Belvieu NGL hub further north-east
Strategic role: The heart of the US refining-petrochemical complex and its export logistics — one of the most strategically important industrial waterways in the country
Risks: Hurricanes; channel congestion and closures; industrial incidents; fog</description>
					<LookAt>
						<longitude>-95.13269279395078</longitude>
						<latitude>29.74212329689966</latitude>
						<altitude>5.658832885714233</altitude>
						<heading>0</heading>
						<tilt>0</tilt>
						<gx:fovy>34.99999999982835</gx:fovy>
						<range>28905.05784266163</range>
						<altitudeMode>absolute</altitudeMode>
					</LookAt>
					<styleUrl>#msn_ylw-pushpin0</styleUrl>
					<Point>
						<coordinates>-95.05123838639194,29.73566277101162,5.693053647793374</coordinates>
					</Point>
				</Placemark>
				<Placemark id="0A99468FD73F60C38588">
					<name>APM TERMINALS FRANCE SAS</name>
					<description>Status: Operational</description>
					<LookAt>
						<longitude>4.834054000000001</longitude>
						<latitude>43.409643</latitude>
						<altitude>0</altitude>
						<heading>0</heading>
						<tilt>0</tilt>
						<gx:fovy>35</gx:fovy>
						<range>1774.951888646208</range>
						<altitudeMode>relativeToGround</altitudeMode>
					</LookAt>
					<styleUrl>#msn_ylw-pushpin0</styleUrl>
					<Point>
						<altitudeMode>relativeToGround</altitudeMode>
						<coordinates>4.834054,43.409643,0</coordinates>
					</Point>
				</Placemark>
				<Placemark id="ADDEPRT000000000001">
					<name>Port of Eilat</name>
					<description>Status: Operational
Owner/Operator: Privatised 2013, operated under concession (Papo Maritime); the EAPC oil jetty sits within the port area
Role: Israel&apos;s only Red Sea commercial port — vehicle imports from Asia, potash and mineral exports; the one Israeli gateway avoiding both the Mediterranean and Suez
Recent: The Houthi campaign against Red Sea shipping from late 2023 collapsed traffic (revenues down ~85–90%), pushing the port into insolvency proceedings in 2024; activity remains far below pre-war levels
Strategic role: A live case study of chokepoint economics — the port&apos;s paralysis is the direct cost of Bab el-Mandeb insecurity, visible on one map with the strait itself
Risks: Chokepoint dependence; financial fragility; competition from Jordan&apos;s Aqaba next door</description>
					<styleUrl>#msn_ylw-pushpin0</styleUrl>
					<Point>
						<coordinates>34.9579861768777,29.5404905887817,0</coordinates>
					</Point>
				</Placemark>
				<Placemark id="02F63AE6E93FCA0C0978">
					<name>Port of Moerdijk – Industrial &amp; Logistics Zone</name>
					<description>Status: Operational
Owner/Operator: Port of Moerdijk Authority
Role: Industrial, chemical and multimodal hub between Rotterdam and Antwerp — ~2,635 hectares, 400+ companies in chemicals, energy, recycling, storage and logistics
Connectivity: Seagoing vessels, barge, rail, road and pipeline on the Rotterdam–Antwerp corridor; partly an extended gateway for Maasvlakte container terminals
Strategic role: Relieves congestion at the larger ARA ports while connecting their industrial and logistics systems
Risks: Chemical accidents and fires; pipeline disruption; Rhine–Meuse waterway constraints; permitting delays</description>
					<LookAt>
						<longitude>4.608361461283297</longitude>
						<latitude>51.68595987646732</latitude>
						<altitude>0</altitude>
						<heading>-0.0015664525922662</heading>
						<tilt>8.745875725463188</tilt>
						<range>6407.930886732011</range>
						<gx:altitudeMode>relativeToSeaFloor</gx:altitudeMode>
					</LookAt>
					<styleUrl>#msn_ylw-pushpin0</styleUrl>
					<Point>
						<altitudeMode>relativeToGround</altitudeMode>
						<coordinates>4.577957365454042,51.68968851761457,0</coordinates>
					</Point>
				</Placemark>
				<Placemark>
					<name>Port of Rotterdam – Energy, Refining &amp; Logistics Hub</name>
					<description>Status: Operational
Owner/Operator: Port of Rotterdam Authority; terminals, refineries and plants privately operated
Role: Europe&apos;s largest port and the ARA market&apos;s central physical hub — crude, products, LNG, biofuels, chemicals and containers; historically ~95–100 Mt/yr of crude enters here for Dutch, Belgian and German refineries
Main facilities: Crude and product terminals, independent tank farms, LNG import, the Pernis / ExxonMobil / BP / Gunvor refining cluster, petrochemicals, bunkering
Connectivity: Rhine–Meuse waterway system, rail and road, and pipelines toward Antwerp, Amsterdam and Germany (RRP)
Strategic role: Northwest Europe&apos;s main entry, processing, blending and redistribution point for energy — the price-forming end of the Rhine story on this map
Risks: Refinery outages; Rhine water-level constraints; North Sea weather; congestion; labour; carbon regulation</description>
					<LookAt>
						<longitude>4.178228939578707</longitude>
						<latitude>51.93550533685617</latitude>
						<altitude>0</altitude>
						<heading>0.02123503521344156</heading>
						<tilt>1.615298662057885</tilt>
						<range>21217.00154639744</range>
						<gx:altitudeMode>relativeToSeaFloor</gx:altitudeMode>
					</LookAt>
					<styleUrl>#msn_ylw-pushpin0</styleUrl>
					<Point>
						<gx:drawOrder>1</gx:drawOrder>
						<coordinates>4.077710428450578,51.95220308822209,0</coordinates>
					</Point>
				</Placemark>
				<Placemark>
					<name>Port of Antwerp-Bruges – Refining &amp; Petrochemical Hub</name>
					<description>Status: Operational
Owner/Operator: Port of Antwerp-Bruges Authority; industrial facilities privately operated
Role: Major integrated refining, petrochemical and liquid-bulk hub — anchored by the TotalEnergies and ExxonMobil refineries and Europe&apos;s largest integrated chemical cluster, exchanging feedstocks, hydrogen and steam by pipeline
Main facilities: Refineries, steam crackers, chemical plants, a large independent tank-storage sector, LNG at Zeebrugge
Connectivity: Pipeline, barge, rail and road to Rotterdam and the Rhine-Ruhr hinterland
Strategic role: One of the world&apos;s most integrated refining-chemical locations, with global maritime access and deep European hinterland reach
Risks: Cracker and refinery outages; strikes; Scheldt navigation restrictions; high European energy costs; tightening environmental regulation</description>
					<LookAt>
						<longitude>4.405954877559444</longitude>
						<latitude>51.24654459390979</latitude>
						<altitude>0</altitude>
						<heading>0.4582657094533639</heading>
						<tilt>5.526684916826913</tilt>
						<range>5820.799404738244</range>
						<gx:altitudeMode>relativeToSeaFloor</gx:altitudeMode>
					</LookAt>
					<styleUrl>#msn_ylw-pushpin0</styleUrl>
					<Point>
						<gx:drawOrder>1</gx:drawOrder>
						<coordinates>4.406594830615392,51.24459764145874,0</coordinates>
					</Point>
				</Placemark>
				<Placemark>
					<name>Port of Amsterdam – Petroleum Products &amp; Storage Hub</name>
					<description>Status: Operational
Owner/Operator: Port of Amsterdam Authority; storage terminals privately operated
Role: The gasoline capital of the ARA system — storage, blending, transshipment and trading of refined products rather than crude refining; bunker supply for sea and river vessels
Main facilities: Independent product terminals, blending installations, barge loading, distribution warehouses
Connectivity: North Sea access via IJmuiden; inland waterways toward Rotterdam, Antwerp and the Rhine
Recent: Coal handling to be phased out by 2030
Strategic role: The flexible storage-and-blending leg of the ARA benchmark market — gasoline, diesel, fuel oil and biofuels
Risks: Product contamination and tank fires; North Sea Canal access; declining fossil demand; gasoline-trade volatility</description>
					<LookAt>
						<longitude>4.92349494874153</longitude>
						<latitude>52.39594411309248</latitude>
						<altitude>0</altitude>
						<heading>-0.02927126357868895</heading>
						<tilt>0</tilt>
						<range>21779.39991787036</range>
						<gx:altitudeMode>relativeToSeaFloor</gx:altitudeMode>
					</LookAt>
					<styleUrl>#msn_ylw-pushpin0</styleUrl>
					<Point>
						<gx:drawOrder>1</gx:drawOrder>
						<coordinates>4.852542663949368,52.40566625470677,0</coordinates>
					</Point>
				</Placemark>
				<Placemark>
					<name>Vlissingen–Terneuzen / North Sea Port Industrial Hub</name>
					<description>Status: Operational
Cross-border Dutch-Belgian port cluster handling chemicals, fertilizers, energy products, dry bulk and offshore logistics.</description>
					<LookAt>
						<longitude>3.615780586622781</longitude>
						<latitude>51.43809803555799</latitude>
						<altitude>0</altitude>
						<heading>0.01474014321869593</heading>
						<tilt>4.591391475507856</tilt>
						<range>8181.594601650593</range>
						<gx:altitudeMode>relativeToSeaFloor</gx:altitudeMode>
					</LookAt>
					<styleUrl>#msn_ylw-pushpin0</styleUrl>
					<Point>
						<gx:drawOrder>1</gx:drawOrder>
						<coordinates>3.593076247179727,51.44244807117862,0</coordinates>
					</Point>
				</Placemark>
				<Placemark>
					<name>Singapore–Jurong Island</name>
					<description>Status: Operational
Owner/Operator: Singapore agencies (MPA, JTC, EDB) coordinate; facilities operated by international energy, chemical and terminal companies
Role: Global oil-trading, refining, petrochemical, storage and bunkering hub — the world&apos;s leading marine-fuel bunkering centre and Asia&apos;s principal price-discovery point
Main facilities: The ExxonMobil and SRC refineries plus Aster&apos;s Bukom platform, petrochemical complexes, independent tank terminals, underground caverns, LNG infrastructure, STS bunkering
Connectivity: Astride the Malacca/Singapore Straits between Middle Eastern supply and Asian demand; regional base for Vitol, Trafigura, Glencore, Shell, BP and PetroChina trading desks
Strategic role: Asia&apos;s physical oil-trading centre — refining, storage and bunkering in one strait-side location
Risks: Malacca congestion; imported-feedstock dependence; terminal and refinery outages; petrochemical overcapacity; Middle East supply disruption</description>
					<LookAt>
						<longitude>103.6993701</longitude>
						<latitude>1.2851399</latitude>
						<altitude>0</altitude>
						<heading>1.108224521822444e-14</heading>
						<tilt>0</tilt>
						<range>5528.928139201044</range>
						<gx:altitudeMode>relativeToSeaFloor</gx:altitudeMode>
					</LookAt>
					<styleUrl>#msn_ylw-pushpin0</styleUrl>
					<Point>
						<gx:drawOrder>1</gx:drawOrder>
						<coordinates>103.6993701,1.2851399,0</coordinates>
					</Point>
				</Placemark>
				<Placemark>
					<name>Ningbo–Zhoushan Port – Crude Import, Refining &amp; Bunkering Hub</name>
					<description>Status: Operational
Owner/Operator: Ningbo Zhoushan Port Group; terminals, refineries and storage run by state and private companies
Role: One of the world&apos;s largest ports by tonnage and one of China&apos;s main seaborne crude gateways — deep-water crude terminals, storage farms, LNG, and supply to the Zhenhai complex and the Zhoushan greenfield refining zone; Zhoushan is also China&apos;s leading bunkering centre
Connectivity: Middle Eastern, Russian, Atlantic Basin and West African cargoes into the Yangtze Delta refining system
Strategic role: The intake valve of eastern China&apos;s refining industry and marine-fuel supply
Risks: Typhoons; congestion; refinery outages; petrochemical overcapacity; East China Sea shipping disruption; imported-crude dependence</description>
					<Camera>
						<longitude>122.6389702832052</longitude>
						<latitude>30.05236317123839</latitude>
						<altitude>326739.1485522941</altitude>
						<heading>12.62395977583843</heading>
						<tilt>0.1453908736880765</tilt>
						<roll>12.74333055256658</roll>
						<gx:altitudeMode>relativeToSeaFloor</gx:altitudeMode>
					</Camera>
					<styleUrl>#msn_ylw-pushpin0</styleUrl>
					<Point>
						<gx:drawOrder>1</gx:drawOrder>
						<coordinates>121.9564607870615,29.91236548885821,0</coordinates>
					</Point>
				</Placemark>
				<Placemark>
					<name>Ulsan Industrial Port – Refining &amp; Petrochemical Hub</name>
					<description>Status: Operational
Owner/Operator: Ulsan Port Authority; industry operated by SK Energy, S-OIL and others
Role: One of Asia&apos;s most concentrated refining areas — deep-water oil berths, refinery jetties, chemical terminals and tank farms serving the SK Energy Ulsan complex and S-OIL Onsan nearby
Connectivity: Marine access to Asian shipping lanes; integrated with base oils, aromatics and polymer production; shipyards alongside
Recent: Growing focus on hydrogen, CCUS and cleaner marine fuels
Strategic role: A pillar of Korean energy security and a major products and petrochemicals export outlet to NE/SE Asia
Risks: Imported-crude and Hormuz dependence; typhoons; refinery outages; petrochemical margin weakness; industrial accidents</description>
					<LookAt>
						<longitude>129.3824017648575</longitude>
						<latitude>35.48626813339425</latitude>
						<altitude>0</altitude>
						<heading>-0.001808166422228032</heading>
						<tilt>0</tilt>
						<range>20459.67868858752</range>
						<gx:altitudeMode>relativeToSeaFloor</gx:altitudeMode>
					</LookAt>
					<styleUrl>#msn_ylw-pushpin0</styleUrl>
					<Point>
						<gx:drawOrder>1</gx:drawOrder>
						<coordinates>129.3811408015499,35.47195816426572,0</coordinates>
					</Point>
				</Placemark>
				<Placemark>
					<name>Yeosu–Gwangyang Industrial Port – Refining &amp; Chemical Hub</name>
					<description>Status: Operational
Owner/Operator: Yeosu Gwangyang Port Authority; industry operated by GS Caltex, petrochemical and steel companies
Role: Refining, petrochemical and bulk-industrial hub on Korea&apos;s southern coast — anchored by the GS Caltex Yeosu refinery, with crude and product berths, petrochemical jetties, tank farms and steel logistics
Connectivity: Crude in from the Middle East and beyond; fuels, naphtha, aromatics and derivatives out to Asian markets; LNG and power alongside
Recent: Korea is reviewing a restructuring of the Yeosu petrochemical complex amid weak margins
Strategic role: One of Korea&apos;s core energy-industrial port systems — fuel production, chemicals and heavy industry in one coastal hub
Risks: Imported-crude dependence; typhoons; refinery outages; petrochemical oversupply; regional trade disruption</description>
					<LookAt>
						<longitude>127.67032155</longitude>
						<latitude>34.9109801</latitude>
						<altitude>0</altitude>
						<heading>-1.272221872585407e-14</heading>
						<tilt>0</tilt>
						<range>2311.8871297994</range>
						<gx:altitudeMode>relativeToSeaFloor</gx:altitudeMode>
					</LookAt>
					<styleUrl>#msn_ylw-pushpin0</styleUrl>
					<Point>
						<gx:drawOrder>1</gx:drawOrder>
						<coordinates>127.6721213856946,34.9070910461819,0</coordinates>
					</Point>
				</Placemark>
				<Placemark>
					<name>Jamnagar–Sikka Global Refining &amp; Export Hub</name>
					<description>Status: Operational
Owner/Operator: Reliance Industries (industrial assets); Sikka and nearby marine facilities
Role: The port system of the world&apos;s largest refining site — very large crude-import terminals, refinery jetties and product-export berths serving Reliance&apos;s ~1.4 million b/d Jamnagar complex
Connectivity: A highly diversified global crude slate in; one of the world&apos;s largest refined-product export flows out, especially middle distillates
Strategic role: With Vadinar ~30 km away, makes the Gulf of Kutch the world&apos;s densest refining zone (~1.8 million b/d combined)
Risks: Imported-crude dependence; Gulf shipping disruption; cyclones; maintenance outages; refining-margin volatility</description>
					<LookAt>
						<longitude>69.83774680799705</longitude>
						<latitude>22.37880405081322</latitude>
						<altitude>0</altitude>
						<heading>32.50532089895617</heading>
						<tilt>0</tilt>
						<range>26422.78730449968</range>
						<gx:altitudeMode>relativeToSeaFloor</gx:altitudeMode>
					</LookAt>
					<styleUrl>#msn_ylw-pushpin0</styleUrl>
					<Point>
						<gx:drawOrder>1</gx:drawOrder>
						<coordinates>69.79087712061691,22.4042730429398,0</coordinates>
					</Point>
				</Placemark>
				<Placemark>
					<name>Novorossiysk Port – Black Sea Oil Export &amp; Logistics Hub</name>
					<description>Status: Operational
Owner/Operator: Multiple operators, including Transneft system assets; commercial and industrial facilities alongside
Role: One of Russia&apos;s principal Black Sea export gateways — crude, diesel, fuel oil, naphtha, plus grain, metals and containers; includes the Sheskharis terminal and sits beside the CPC loading systems for Kazakh crude
Connectivity: Linked to Russia&apos;s domestic pipeline network and inland storage; exports transit the Turkish Straits to the Mediterranean and Asia
Recent: Repeated attacks and temporary loading interruptions have affected export reliability during the war
Strategic role: A critical outlet for Russian and Kazakh seaborne exports — disruptions here move global prices
Risks: Drone and missile attacks; Black Sea security; Turkish Straits congestion; sanctions; terminal damage; pipeline-supply interruptions</description>
					<LookAt>
						<longitude>37.81315683154379</longitude>
						<latitude>44.71456344244924</latitude>
						<altitude>0</altitude>
						<heading>0.01889822665910718</heading>
						<tilt>0</tilt>
						<range>26654.91023600761</range>
						<gx:altitudeMode>relativeToSeaFloor</gx:altitudeMode>
					</LookAt>
					<styleUrl>#msn_ylw-pushpin0</styleUrl>
					<Point>
						<gx:drawOrder>1</gx:drawOrder>
						<coordinates>37.81314960031346,44.69897981660175,0</coordinates>
					</Point>
				</Placemark>
				<Placemark>
					<name>Jebel Ali Port – Container, Industrial &amp; Maritime Logistics Hub</name>
					<description>Status: Operational
Owner/Operator: DP World UAE; the adjacent Jebel Ali Free Zone hosts thousands of companies
Role: The Middle East&apos;s largest container and industrial logistics hub — four container terminals, 100+ berths, ~25 km of quay, ~19.4 million TEU capacity; includes ENOC&apos;s Jebel Ali refinery (expanded ~140,000 → 210,000 b/d), lubricant and blending plants
Connectivity: The main distribution gateway between global shipping routes, Dubai and the Gulf economy
Strategic role: Primarily a container/logistics giant with a meaningful refining and fuel-blending side — the commercial counterpart to Fujairah&apos;s oil-storage role
Risks: Hormuz disruption; congestion; cyberattacks; regional military tension; competition from Khalifa, Hamad and Saudi hubs</description>
					<LookAt>
						<longitude>55.07914421668995</longitude>
						<latitude>25.00752458684956</latitude>
						<altitude>0</altitude>
						<heading>0.01628821317411898</heading>
						<tilt>0</tilt>
						<range>23306.73843396847</range>
						<gx:altitudeMode>relativeToSeaFloor</gx:altitudeMode>
					</LookAt>
					<styleUrl>#msn_ylw-pushpin0</styleUrl>
					<Point>
						<gx:drawOrder>1</gx:drawOrder>
						<coordinates>55.02748067823565,25.02684153047192,0</coordinates>
					</Point>
				</Placemark>
				<Placemark>
					<name>Yanbu Industrial Port</name>
					<description>Status: Operational
Owner/Operator: King Fahd Industrial Port under the Saudi Ports Authority; Aramco operates the principal crude and product terminals
Role: Saudi Arabia&apos;s principal Red Sea export outlet — Arabian Light and Super Light crude plus products, LPG, naphtha and petrochemicals; VLCC berths up to ~500,000 dwt
Main facilities: Yanbu North and South crude terminals, tank farms, product jetties, and the YASREF (~400,000 b/d), SAMREF (~400,000 b/d) and Aramco Yanbu refineries
Connectivity: Fed from eastern Saudi Arabia by the East–West Pipeline (Petroline)
Recent: The pivot point of the 2026 Hormuz closure — Saudi loadings shifted here, with barrels routing onward into SUMED after the July Houthi threat
Strategic role: The reason Saudi crude can reach Europe and the Atlantic without Hormuz
Risks: East–West Pipeline disruption; Bab el-Mandeb and Red Sea security; refinery outages; concentration of large facilities in one cluster</description>
					<LookAt>
						<longitude>38.26195463766651</longitude>
						<latitude>23.98098922510922</latitude>
						<altitude>0</altitude>
						<heading>0.003422366859370237</heading>
						<tilt>0</tilt>
						<range>36033.17962264606</range>
						<gx:altitudeMode>relativeToSeaFloor</gx:altitudeMode>
					</LookAt>
					<styleUrl>#msn_ylw-pushpin0</styleUrl>
					<Point>
						<gx:drawOrder>1</gx:drawOrder>
						<coordinates>38.20990952868375,23.93638980758382,0</coordinates>
					</Point>
				</Placemark>
				<Placemark>
					<name>Ras Laffan Port</name>
					<description>Status: Operational
Owner/Operator: QatarEnergy owns and operates the port; QatarEnergy LNG and partners run the processing complexes
Role: The world&apos;s largest LNG-export facility — liquefaction trains, Q-Flex/Q-Max berths, plus condensate refining (Laffan 1 &amp; 2, ~306,000 b/d combined), Pearl and Oryx GTL, helium and sulphur
Handles: LNG, condensate, LPG, naphtha, jet, GTL products, ethane, sulphur
Connectivity: Offshore-to-onshore pipelines from the North Field; export lanes via Hormuz
Strategic role: The central export gateway of Qatar&apos;s North Field — a gas hub whose condensate and naphtha streams matter to oil markets too
Risks: Hormuz disruption; LNG-train outages; concentrated infrastructure; specialised-equipment dependence; military escalation</description>
					<LookAt>
						<longitude>51.5255214</longitude>
						<latitude>25.91176160000001</latitude>
						<altitude>0</altitude>
						<heading>-1.113194138512231e-14</heading>
						<tilt>0</tilt>
						<range>30069.19130335255</range>
						<gx:altitudeMode>relativeToSeaFloor</gx:altitudeMode>
					</LookAt>
					<styleUrl>#msn_ylw-pushpin0</styleUrl>
					<Point>
						<gx:drawOrder>1</gx:drawOrder>
						<coordinates>51.57061380662287,25.92631529916464,0</coordinates>
					</Point>
				</Placemark>
				<Placemark>
					<name>Tanger Med Port</name>
					<description>Status: Operational
Owner/Operator: Tanger Med Port Authority; terminals under concession (APM Terminals, Eurogate, Marsa Maroc)
Role: Africa&apos;s leading container-transshipment hub on the Strait of Gibraltar — 11.1+ million TEU in 2025 — with a hydrocarbon terminal for product imports, storage, blending and bunkering; no major refinery
Connectivity: At the Europe–Africa–Atlantic–Mediterranean crossroads, ~40 km east of Tangier; rail and industrial zones inland
Strategic role: A maritime bridge between Europe and Africa whose fuel side serves Moroccan demand and strait-side bunkering
Risks: Gibraltar congestion; strong winds; container-network disruption; cyberattacks; dependence on transshipment activity</description>
					<LookAt>
						<longitude>-5.507808571271255</longitude>
						<latitude>35.87192904163241</latitude>
						<altitude>0</altitude>
						<heading>0.08053716286205065</heading>
						<tilt>2.059509536504839</tilt>
						<range>10502.09351953525</range>
						<gx:altitudeMode>relativeToSeaFloor</gx:altitudeMode>
					</LookAt>
					<styleUrl>#msn_ylw-pushpin0</styleUrl>
					<Point>
						<gx:drawOrder>1</gx:drawOrder>
						<coordinates>-5.515828994314563,35.88927781581516,0</coordinates>
					</Point>
				</Placemark>
				<Placemark>
					<name>Lagos–Lekki Maritime and Energy Hub</name>
					<description>Status: Operational
Owner/Operator: Lekki Port LFTZ Enterprise under Nigerian port supervision; Dangote Industries separately owns the adjacent refinery and its marine facilities
Role: Deep-sea port + Africa&apos;s largest refinery in one zone — a 1,200 m container quay (~2.7 million TEU design), dry-bulk and liquid berths, and the Dangote marine-loading system
Connectivity: Gulf of Guinea access east of the congested Apapa/Tin Can complexes; tank farms and the refinery&apos;s dedicated jetties
Strategic role: Nigeria&apos;s emerging downstream hub — domestic fuel supply plus regional product exports from the 650,000 b/d refinery
Risks: Refinery outages; crude-feedstock constraints; port congestion; FX and regulatory uncertainty; Gulf of Guinea security; concentration on one very large complex</description>
					<LookAt>
						<longitude>3.773063504702934</longitude>
						<latitude>6.479413969109082</latitude>
						<altitude>0</altitude>
						<heading>0.01426091510436902</heading>
						<tilt>6.070457600634525</tilt>
						<range>118721.049242761</range>
						<gx:altitudeMode>relativeToSeaFloor</gx:altitudeMode>
					</LookAt>
					<styleUrl>#msn_ylw-pushpin0</styleUrl>
					<Point>
						<gx:drawOrder>1</gx:drawOrder>
						<coordinates>3.927775282108958,6.394092182625094,0</coordinates>
					</Point>
				</Placemark>
				<Placemark>
					<name>Port of Durban</name>
					<description>Status: Operational
Owner/Operator: Transnet National Ports Authority (landlord); Transnet Port Terminals runs the main terminals; private liquid-bulk operators
Role: Sub-Saharan Africa&apos;s principal container gateway and South Africa&apos;s main fuel-import point — containers, vehicles, and the Island View liquid-bulk precinct for gasoline, diesel, jet and chemicals
Recent: The ~180,000 b/d SAPREF refinery — historically the country&apos;s largest — has ceased refining, deepening import dependence
Connectivity: Pipeline and rail toward the inland demand centres around Johannesburg
Strategic role: The coastal entry point for the fuels that feed South Africa&apos;s largest inland market
Risks: Container congestion; road/rail bottlenecks; flooding; power failures; labour disruption; fuel-import dependence; prolonged outages at former refining sites</description>
					<LookAt>
						<longitude>31.03889407273009</longitude>
						<latitude>-29.87128472886146</latitude>
						<altitude>0</altitude>
						<heading>-0.004931855395792619</heading>
						<tilt>0</tilt>
						<range>11933.82989754231</range>
						<gx:altitudeMode>relativeToSeaFloor</gx:altitudeMode>
					</LookAt>
					<styleUrl>#msn_ylw-pushpin0</styleUrl>
					<Point>
						<gx:drawOrder>1</gx:drawOrder>
						<coordinates>31.04165933072623,-29.8792031926853,0</coordinates>
					</Point>
				</Placemark>
				<Placemark>
					<name>Port of Saldanha Bay</name>
					<description>Status: Operational
Owner/Operator: Transnet National Ports Authority; Transnet Port Terminals (iron ore), Strategic Fuel Fund (crude storage), Sunrise Energy (LPG)
Role: South Africa&apos;s strategic crude-storage location and dominant deep-water iron-ore export gateway — a crude jetty for very large tankers, pipelines to strategic storage, and an LPG import terminal; no refinery
Connectivity: ~110 km north of Cape Town, close to the Cape of Good Hope shipping routes
Strategic role: National crude reserves plus a position on the Cape route — relevant whenever chokepoint closures push tankers around Africa
Risks: Atlantic weather; iron-ore railway disruption; storage-system failures; limited local refining demand; dependence on a few specialised terminals</description>
					<LookAt>
						<longitude>18.01215943064502</longitude>
						<latitude>-33.03668808327561</latitude>
						<altitude>0</altitude>
						<heading>-0.009663641221916475</heading>
						<tilt>5.109985801451835</tilt>
						<range>16020.30639756658</range>
						<gx:altitudeMode>relativeToSeaFloor</gx:altitudeMode>
					</LookAt>
					<styleUrl>#msn_ylw-pushpin0</styleUrl>
					<Point>
						<gx:drawOrder>1</gx:drawOrder>
						<coordinates>18.01215943064502,-33.03668808327561,0</coordinates>
					</Point>
				</Placemark>
				<Placemark>
					<name>Djibouti–Doraleh Port Complex</name>
					<description>Status: Operational
Owner/Operator: Djibouti Ports and Free Zones Authority; container, multipurpose and petroleum facilities run by state-controlled and commercial entities incl. the Horizon oil terminal (~371,000 m³)
Role: Red Sea transit, fuel-import and Horn of Africa logistics hub next to Bab el-Mandeb — containers, diesel, gasoline, jet, LPG, grain; the Damerjog liquid-bulk zone under development
Connectivity: The maritime gateway for landlocked Ethiopia (rail-connected); bunkering and naval presence at the strait
Strategic role: The listening post of Bab el-Mandeb — fuel supply and logistics at the exact point where the 2023–26 shipping crisis plays out
Risks: Red Sea military activity; attacks on shipping; Ethiopian-transit dependence; regional instability; port competition</description>
					<LookAt>
						<longitude>43.11201050792823</longitude>
						<latitude>11.58422511191748</latitude>
						<altitude>0</altitude>
						<heading>0.004849167404919318</heading>
						<tilt>0</tilt>
						<range>13799.22741915543</range>
						<gx:altitudeMode>relativeToSeaFloor</gx:altitudeMode>
					</LookAt>
					<styleUrl>#msn_ylw-pushpin0</styleUrl>
					<Point>
						<gx:drawOrder>1</gx:drawOrder>
						<coordinates>43.08715138531706,11.60179768221023,0</coordinates>
					</Point>
				</Placemark>
				<Placemark>
					<name>Port of Corpus Christi</name>
					<description>Status: Operational
Owner/Operator: Port of Corpus Christi Authority (channel and public infrastructure); private midstream and refining operators
Role: The leading US crude-export gateway — WTI Midland and Eagle Ford barrels; exports generally exceeded 2 million b/d through 2025 and early 2026, ~93–97% of outbound crude movements
Main facilities: Large crude-export terminals at Ingleside and Corpus Christi, refinery docks, independent tank farms, deep-water berths
Connectivity: Long-distance pipelines from the Permian Basin and Eagle Ford
Strategic role: The principal maritime outlet for Permian grades — self-described largest US energy-export gateway
Risks: Hurricanes and fog; channel closures; pipeline outages; terminal concentration; congestion at export peaks</description>
					<LookAt>
						<longitude>-97.31491942349172</longitude>
						<latitude>27.81481334594283</latitude>
						<altitude>0</altitude>
						<heading>-0.2538507637596207</heading>
						<tilt>0</tilt>
						<range>63076.54934695265</range>
						<gx:altitudeMode>relativeToSeaFloor</gx:altitudeMode>
					</LookAt>
					<styleUrl>#msn_ylw-pushpin0</styleUrl>
					<Point>
						<gx:drawOrder>1</gx:drawOrder>
						<coordinates>-97.30857753554886,27.77388729298766,0</coordinates>
					</Point>
				</Placemark>
				<Placemark>
					<name>Port Arthur–Beaumont / Sabine–Neches Waterway</name>
					<description>Status: Operational
Owner/Operator: Ports of Port Arthur and Beaumont (public marine infrastructure); private refinery docks, terminals and pipelines
Role: A crude intake and refining hub rather than an export hub — home to the Motiva Port Arthur, ExxonMobil Beaumont, Valero and TotalEnergies systems, including two of the largest US refineries
Connectivity: Texas and Louisiana crude pipelines, regional storage hubs, the Gulf Intracoastal Waterway, rail
Strategic role: One of the most important US destinations for domestic and imported refinery feedstock — processed locally rather than re-exported
Risks: Hurricanes and flooding; refinery fires and hazardous releases; channel congestion; dependence on a highly concentrated refining complex</description>
					<LookAt>
						<longitude>-93.91129324077157</longitude>
						<latitude>29.90817401941182</latitude>
						<altitude>0</altitude>
						<heading>0.04908071380509617</heading>
						<tilt>0</tilt>
						<range>32735.06676078657</range>
						<gx:altitudeMode>relativeToSeaFloor</gx:altitudeMode>
					</LookAt>
					<styleUrl>#msn_ylw-pushpin0</styleUrl>
					<Point>
						<gx:drawOrder>1</gx:drawOrder>
						<coordinates>-93.85924868027439,29.92656018135756,0</coordinates>
					</Point>
				</Placemark>
				<Placemark>
					<name>Port Freeport</name>
					<description>Status: Operational
Owner/Operator: Port Freeport (channel and public facilities); private crude terminals and pipelines
Role: Crude, condensate and NGL export and pipeline port ~60 miles south of Houston; the nearby Sweeny refining-petrochemical system creates regional feedstock demand
Connectivity: The Seaway system links Freeport&apos;s marine docks with Cushing and Houston-area markets; Texas crude pipelines; Gulf Intracoastal Waterway
Strategic role: A secondary but significant Texas crude-export port — self-identified as a leading US exporter of crude and NGLs
Risks: Hurricanes; channel closures; pipeline disruption; competition from Corpus Christi and Houston; dependence on private terminal availability</description>
					<LookAt>
						<longitude>-95.31551251396318</longitude>
						<latitude>28.93311774742469</latitude>
						<altitude>0</altitude>
						<heading>0.009555947072116471</heading>
						<tilt>1.83233277961211</tilt>
						<range>12998.03709890112</range>
						<gx:altitudeMode>relativeToSeaFloor</gx:altitudeMode>
					</LookAt>
					<styleUrl>#msn_ylw-pushpin0</styleUrl>
					<Point>
						<gx:drawOrder>1</gx:drawOrder>
						<coordinates>-95.29705627738726,28.92902643735854,0</coordinates>
					</Point>
				</Placemark>
				<Placemark>
					<name>Port of Texas City</name>
					<description>Status: Operational
Owner/Operator: Texas City Terminal Railway Company; refinery and crude terminals privately operated
Role: Crude import, refinery-supply and storage port on Galveston Bay — centred on Marathon&apos;s ~631,000 b/cd Galveston Bay refinery and Valero Texas City
Connectivity: Seaway infrastructure links the port to Cushing and Houston-area systems; rail via the Terminal Railway; Aframax and Suezmax tanker access
Recent: A separate low-carbon fuel-trading hub is being developed
Strategic role: A major crude-receiving and refinery-feed port at the entrance of the Houston Ship Channel system
Risks: Hurricanes and storm surge; refinery accidents; ship-channel disruption; ageing infrastructure; concentration on a few large refineries</description>
					<LookAt>
						<longitude>-94.90908642676216</longitude>
						<latitude>29.37942954947937</latitude>
						<altitude>0</altitude>
						<heading>0.0179496355846808</heading>
						<tilt>0.02396348222410234</tilt>
						<range>11409.79126806121</range>
						<gx:altitudeMode>relativeToSeaFloor</gx:altitudeMode>
					</LookAt>
					<styleUrl>#msn_ylw-pushpin0</styleUrl>
					<Point>
						<gx:drawOrder>1</gx:drawOrder>
						<coordinates>-94.86806129341794,29.39035251356221,0</coordinates>
					</Point>
				</Placemark>
				<Placemark>
					<name>Port of Skikda</name>
					<description>Status: Operational
Owner/Operator: Entreprise Portuaire de Skikda; hydrocarbon assets integrated with Sonatrach operations
Role: One of Algeria&apos;s three principal petroleum ports — crude, condensate, products, LPG, LNG and aromatics; ~30 Mt/yr of hydrocarbon transit
Berths / vessel size: Dedicated crude berth to ~100,000 dwt plus two offshore SPMs serving VLCC-scale tankers (~320,000 t); LNG and product jetties
Connectivity: Fed by the OK1 crude and NK1 condensate pipelines from Haoud El Hamra; serves the RA1K/RA2K refineries and GL1K LNG complex
Strategic role: The main maritime outlet of the Skikda refining-LNG-petrochemical zone — Mediterranean delivery two days from European ports
Risks: Tanker accidents and spills; LNG incidents; industrial fires; berth outages; Mediterranean weather; inland pipeline disruption</description>
					<LookAt>
						<longitude>6.973724551104133</longitude>
						<latitude>36.87068648093334</latitude>
						<altitude>0</altitude>
						<heading>-2.227627394647868</heading>
						<tilt>17.56489443680483</tilt>
						<range>7246.144538800975</range>
						<gx:altitudeMode>relativeToSeaFloor</gx:altitudeMode>
					</LookAt>
					<styleUrl>#msn_ylw-pushpin0</styleUrl>
					<Point>
						<gx:drawOrder>1</gx:drawOrder>
						<coordinates>6.947275281876221,36.89217556336559,0</coordinates>
					</Point>
				</Placemark>
				<Placemark>
					<name>Brofjorden port</name>
					<description>Status: Operational
Hub: Brofjorden port — VAROPreem Lysekil crude &amp; product terminal
Classification: Sweden&apos;s largest oil port; the deep-water gateway of the Lysekil refinery
Location: Brofjorden fjord, near Lysekil, west coast of Sweden (~130 km north of Gothenburg)
Owner/Operator: VAROPreem — the port is owned by the refinery itself
Infrastructure: One crude berth (28 m depth, tankers up to 500,000 dwt) and five product jetties; ~800,000 m³ of crude stored in rock caverns; ~22 Mt of cargo a year
Berths / vessel size: Full VLCC access — largest ever call ~470,000 dwt
Handles: Crude imports (mostly sour/medium grades) and product exports — two-thirds of Lysekil&apos;s output goes to NW Europe by sea
Connectivity: Pipeline to the refinery; no rail, poor roads — everything moves by ship
Strategic role: Unrestricted VLCC access gives Lysekil some of the cheapest crude freight in Europe — a core competitive edge
Risks: Single-port dependence for the whole refinery; Skagerrak weather</description>
					<LookAt>
						<longitude>11.43533598117002</longitude>
						<latitude>58.34571799709462</latitude>
						<altitude>0</altitude>
						<heading>-0.4374342962771319</heading>
						<tilt>12.90233442666003</tilt>
						<range>3434.963879078805</range>
						<gx:altitudeMode>relativeToSeaFloor</gx:altitudeMode>
					</LookAt>
					<styleUrl>#msn_ylw-pushpin0</styleUrl>
					<Point>
						<gx:drawOrder>1</gx:drawOrder>
						<coordinates>11.43530171564738,58.35515404438007,0</coordinates>
					</Point>
				</Placemark>
				<Placemark>
					<name>Port of Gothenburg</name>
					<description>Status: Operational
Terminal: Port of Gothenburg — Energy Port (Skarvik, Rya, Torshamnen)
Classification: The Nordics&apos; largest energy port; Sweden&apos;s main import/export gateway for products
Location: Hisingen, Gothenburg — product harbours at Skarvik/Rya, crude harbour at Torshamnen (~6 km west)
Owner/Operator: Port of Gothenburg; independent tank operators plus the two on-site refiners, VAROPreem and St1
Infrastructure: Product and chemical jetties, Torshamnen crude berth (~19 m draft, pipeline-linked to both refineries), tank-farm clusters at Skarvik, Rya and Viken
Handles: Crude in; gasoline, diesel, jet, HVO, fuel oil, chemicals and bunkers out — about half of Sweden&apos;s petroleum products pass through here
Connectivity: Pipelines to the Preem and St1 refineries; export point for VAROPreem&apos;s Redefine HVO100
Strategic role: The products-side pole of Swedish refining, paired with Brofjorden on the crude side
Risks: Urban-port constraints; concentration of national product imports at one hub</description>
					<LookAt>
						<longitude>11.91260204478401</longitude>
						<latitude>57.69808078732402</latitude>
						<altitude>0</altitude>
						<heading>-0.05099766378244926</heading>
						<tilt>8.397570814397454</tilt>
						<range>7142.744563503733</range>
						<gx:altitudeMode>relativeToSeaFloor</gx:altitudeMode>
					</LookAt>
					<styleUrl>#msn_ylw-pushpin0</styleUrl>
					<Point>
						<gx:drawOrder>1</gx:drawOrder>
						<coordinates>11.87354800267882,57.68663640701111,0</coordinates>
					</Point>
				</Placemark>
			</Folder>
			<Folder>
				<name>Inland ports</name>
				<Placemark>
					<name>Ukrainian Danube Ports (Izmail &amp; Reni)</name>
					<description>Status: Reduced
Owner/Operator: Ukrainian port authorities — the river ports of the Danube delta&apos;s north bank, directly across from Romanian territory
Role: Ukraine&apos;s wartime lifeline — when the Black Sea ports were blockaded, Izmail and Reni became the export escape route, with cargo transferred to the Sulina channel and Constanța under NATO&apos;s shore
Handles: Grain outbound above all; fuel and supplies inbound — the products that keep the south of a country at war moving
Recent: Repeatedly struck by drones since 2023 — attacks landing within sight of Romanian (NATO) territory, with debris crossing the river; traffic continues under fire
Strategic role: The war&apos;s Danube front on this map — the reason the canal, Constanța and the whole Romanian corridor acquired strategic weight far beyond oil
Risks: Ongoing strikes; insurance and crewing under fire; escalation across a NATO border river</description>
					<styleUrl>#default</styleUrl>
					<Point>
						<coordinates>28.84809737560538,45.32126055418616,0</coordinates>
					</Point>
				</Placemark>
				<Placemark>
					<name>Giurgiulești International Free Port (Moldova)</name>
					<description>Status: Operational
Owner/Operator: Moldova&apos;s only port, held via international investors and the EBRD&apos;s involvement — on the country&apos;s ~430 m of Danube frontage where Moldova, Romania and Ukraine meet
Role: The intake valve of a fuel-import-dependent nation — oil products terminal, tank farm and berths supplying a country with zero refineries of its own
Connectivity: Danube barge and river-sea vessels; road and rail into Moldova; Romanian refinery products dominate the supply
Strategic role: The end of the Romanian value chain across the border — Petromidia&apos;s and Petrobrazi&apos;s barrels become Moldova&apos;s energy security here; the map&apos;s clearest case of one nation&apos;s downstream being another&apos;s lifeline
Risks: Single-port national dependence; war next door (Ukrainian Danube ports are drone targets kilometres away); Transnistria and supply politics</description>
					<styleUrl>#default</styleUrl>
					<Point>
						<coordinates>28.2,45.47,0</coordinates>
					</Point>
				</Placemark>
				<Placemark>
					<name>Duisburg Inland Port</name>
					<description>Status: Operational
Owner/Operator: Duisburger Hafen AG (duisport) — State of North Rhine-Westphalia and City of Duisburg; fuel and chemical terminals privately run
Role: Europe&apos;s largest inland port — the pivot of the Rhine barge system at the Rhine–Ruhr confluence; refined products and chemicals, coal, ore, steel and containers; RMR tank farm at Homberg
Connectivity: The point where the deep Lower Rhine meets the shallower Middle Rhine — vessels loaded to ~1,200 t must lighten to ~460 t (300–400 t in August 2026) to pass Kaub; rail to the Ruhr and to Rotterdam/Antwerp
Recent: August 2026 — loading capacities down to about one third of normal; freight up to ~€200/tonne (previous record €130/t, August 2022); cargo shifting to rail
Strategic role: The reference point of Rhine freight economics — &quot;above Duisburg&quot; and &quot;below Duisburg&quot; are two different barge markets; the last major hub reachable at near-normal loads when Kaub bites
Risks: Low-water exposure downstream of the chokepoint; steel-industry decline in its hinterland; scarce rail capacity when barges fail</description>
					<LookAt>
						<longitude>6.748323800000017</longitude>
						<latitude>51.44992819999999</latitude>
						<altitude>0</altitude>
						<heading>-6.202081628853855e-14</heading>
						<tilt>0</tilt>
						<range>5166.487325496781</range>
						<gx:altitudeMode>relativeToSeaFloor</gx:altitudeMode>
					</LookAt>
					<styleUrl>#default</styleUrl>
					<Point>
						<gx:drawOrder>1</gx:drawOrder>
						<coordinates>6.749643078234733,51.449461044641,0</coordinates>
					</Point>
				</Placemark>
			</Folder>
			<Folder>
				<name>STS / anchorage transfer zones</name>
				<Placemark>
					<name>Hurd&apos;s Bank STS &amp; Bunkering Anchorage (offshore Malta)</name>
					<description>Status: Operational
Owner/Operator: No operator — a shallow bank in international waters east of Malta, used as an anchorage by tankers, bunker suppliers and floating storage
Role: The Mediterranean&apos;s open-sea marketplace — ship-to-ship transfers, bunkering and cargoes waiting for orders just outside territorial jurisdiction, in the middle of the Suez–Gibraltar lane
Recent: The sanctions era made it a watchword — Russian-linked product transfers, blending and storage-afloat episodes drew enforcement attention; the third specimen of this map&apos;s STS family with Port Said and North Larak
Strategic role: Where Mediterranean cargoes change hands, identities and destinations at anchor — the informal half of the pricing zone whose formal half is Augusta
Risks: Jurisdictional grey zone by design; collision and spill exposure among anchored tankers; escalating scrutiny of exactly these waters</description>
					<styleUrl>#msn_ferry</styleUrl>
					<Point>
						<coordinates>14.75,35.95,0</coordinates>
					</Point>
				</Placemark>
				<Placemark>
					<name>North Larak Anchorage – STS Transfer Zone</name>
					<description>Status: Operational
Owner/Operator: No formal operator — an anchorage off Larak Island inside the strait, used by the Iranian and shadow-fleet tanker system
Role: Iran&apos;s sanctions-era transfer zone — ship-to-ship operations, floating storage and cargo identity-laundering at anchor, the Gulf counterpart of the Port Said STS zone on this map
Recent: August 2026 — ~35 tanker and cargo hulls recorded, roughly 74% transmitting no AIS (&quot;dark&quot;), including sanctioned vessels, as Iran rerouted flows around the blockaded Kharg system; Caspian Russia-to-Iran shipments nearly tripled in parallel
Strategic role: Where blocked barrels change hands — the visible signature of an export system operating outside the formal market
Risks: Collisions and spills among dark, ageing tankers; enforcement action; the anchorage is itself inside the contested strait</description>
					<styleUrl>#msn_ferry1</styleUrl>
					<Point>
						<coordinates>56.41484311300043,26.88008478563453,0</coordinates>
					</Point>
				</Placemark>
				<Placemark>
					<name>Port Said Anchorage - STS Transfer Zone</name>
					<description>Status: Operational
Owner/Operator: No single operator — a designated anchorage managed by Egyptian port and canal authorities
Role: Offshore ship-to-ship transfer zone at the Suez Canal&apos;s northern entrance — no fixed infrastructure; tankers moor side by side with fenders and pump cargo across at anchor
Recent: One of the main STS hubs of the sanctions era — naphtha loaded at Russia&apos;s Ust-Luga transferred here (and at Al Hoceima, Morocco) before onward delivery to Asia, with monthly volumes above 200,000 t; scarce ice-class tankers shuttle short runs out of Russian ports and hand cargoes to ordinary tankers mid-Mediterranean
Strategic role: Where sanctioned barrels change identity — hundreds of ships waiting for canal convoys make two tankers alongside unremarkable
Risks: Cargo origin becomes hard to trace (the point for some users, a compliance nightmare for others); ageing shadow-fleet tankers with unclear insurance — a spill could go uncompensated; growing Western scrutiny of exactly these zones</description>
					<LookAt>
						<longitude>32.28886124833391</longitude>
						<latitude>31.27124196764706</latitude>
						<altitude>0</altitude>
						<heading>-0.0004717363555099366</heading>
						<tilt>6.055262526878829</tilt>
						<range>24640.1175537966</range>
						<gx:altitudeMode>relativeToSeaFloor</gx:altitudeMode>
					</LookAt>
					<styleUrl>#msn_ferry01</styleUrl>
					<Point>
						<gx:drawOrder>1</gx:drawOrder>
						<coordinates>32.38628852176898,31.27596503999487,0</coordinates>
					</Point>
				</Placemark>
			</Folder>
		</Folder>
	</Folder>
	<Folder>
		<name>C. Corridors</name>
		<Folder>
			<name>Crude Pipelines</name>
			<Folder>
				<name>Trunk lines</name>
				<Placemark>
					<name>Conpet Crude Pipeline (Constanța–Ploiești)</name>
					<description>Status: Operational
Route: The Constanța import terminals → west across the Danube plain via Cernavodă and Urziceni → the Ploiești refining cluster
Owner/Operator: Conpet SA — Romania&apos;s state pipeline carrier, which also gathers the domestic onshore fields
Handles: Imported seaborne crude inland to Petrobrazi and (when it runs) Petrotel; domestic crude within the same national network
Strategic role: The line that connects the sea to the birthplace — imported barrels travelling to the town where refining was invented; its Petrotel deliveries stopped with the sanctions freeze
Risks: Ageing state infrastructure; throughput collapse when a customer refinery dies; tariff dependence on few shippers</description>
					<styleUrl>#op4</styleUrl>
					<LineString>
						<tessellate>1</tessellate>
						<coordinates>
							28.64,44.17,0 28.03,44.34,0 27.5,44.45,0 26.63,44.72,0 26.08,44.94,0 
						</coordinates>
					</LineString>
				</Placemark>
				<Placemark>
					<name>Capline Pipeline (Patoka–St. James, reversed)</name>
					<description>Status: Operational
Route: Patoka, Illinois → down the Mississippi valley past Memphis → St. James, Louisiana
Owner/Operator: Marathon-led ownership (operated by Marathon Pipe Line)
Capacity: Historically up to ~1.2 million b/d northbound; reversed and restarted southbound in 2021–22 at lower initial rates
Handles: Canadian heavy and Bakken barrels flowing SOUTH to the Gulf — the exact opposite of its 1968 design, which carried imported crude north to Midwest refineries
Recent: The reversal is the quiet twin of Seaway&apos;s — the second great US artery to flip direction as domestic production replaced imports; it re-linked the Hardisty/Cushing world to the Louisiana refining row
Strategic role: The Mississippi valley&apos;s crude spine — its flow direction is a one-line history of US oil
Risks: Utilisation ramp economics; competition with other heavy-crude routes; river-crossing integrity</description>
					<styleUrl>#op30</styleUrl>
					<LineString>
						<tessellate>1</tessellate>
						<coordinates>
							-89.07291234364733,38.78943007760477,0 -89.5,37.2,0 -90,35.15,0 -90.5,33.5,0 -91,31.8,0 -90.95,30.6,0 -90.85332983881489,30.01717044464003,0 
						</coordinates>
					</LineString>
				</Placemark>
				<Placemark>
					<name>LOCAP Pipeline (Clovelly–St. James)</name>
					<description>Status: Operational
Route: The Clovelly storage hub → ~90 km north → the St. James terminal complex
Owner/Operator: LOCAP LLC (LOOP-affiliated)
Capacity: Sized for the LOOP system&apos;s full throughput
Handles: Imported and offshore-Gulf crude from the LOOP caverns into the onshore hub, refineries and Capline interconnection — and export barrels the other way
Strategic role: The short pipe that connects America&apos;s only VLCC port to its Louisiana pricing point — the last link between a supertanker at sea and an LLS quote at St. James
Risks: Single-corridor dependence for the LOOP system; wetland routing and integrity</description>
					<styleUrl>#op30</styleUrl>
					<LineString>
						<tessellate>1</tessellate>
						<coordinates>
							-90.27016399746073,29.44878916472324,0 -90.65000000000001,29.82,0 -90.85124832836425,30.01595479611584,0 
						</coordinates>
					</LineString>
				</Placemark>
				<Placemark>
					<name>Enbridge Southern Access Extension (Flanagan–Patoka)</name>
					<description>Status: Operational
Route: The Flanagan terminal in central Illinois — the southern end of the Enbridge Mainline system arriving from Superior, Wisconsin and ultimately from Edmonton/Hardisty — south to Patoka
Owner/Operator: Enbridge
Capacity: ~300,000 b/d
Handles: Canadian light, synthetic and heavy grades — the Hardisty barrel&apos;s route into the Capline corridor
Connectivity: At Flanagan the Mainline also launches Flanagan South toward Cushing — one junction, two southbound choices
Strategic role: The link that lets Western Canadian Select reach St. James and the Louisiana refining row — Hardisty to the Mississippi in one connected system on this map
Risks: Mainline apportionment upstream; competition with Flanagan South and ETCOP for the same barrels</description>
					<styleUrl>#op30</styleUrl>
					<LineString>
						<tessellate>1</tessellate>
						<coordinates>
							-88.86,40.88,0 -89,39.9,0 -89.07088970921912,38.79082776714489,0 
						</coordinates>
					</LineString>
				</Placemark>
				<Placemark>
					<name>Flanagan South Pipeline (Flanagan–Cushing)</name>
					<description>Status: Operational
Route: Flanagan, Illinois → southwest across Missouri and Kansas → Cushing, Oklahoma
Owner/Operator: Enbridge
Capacity: ~585,000 b/d
Handles: Canadian heavy and light from the Enbridge Mainline into the WTI hub&apos;s tanks — one of Cushing&apos;s principal inbound lines
Strategic role: The second Canadian route into Cushing (beside Keystone) — the reason the benchmark&apos;s tanks hold Alberta barrels, and the western leg of the Flanagan junction&apos;s two-way choice
Risks: Mainline dependence upstream; heavy-light quality management in shared tanks; competition with the Patoka route for Canadian flows</description>
					<styleUrl>#op30</styleUrl>
					<LineString>
						<tessellate>1</tessellate>
						<coordinates>
							-88.85517702816225,40.87327947575499,0 -92,39.5,0 -94.5,37.8,0 -96,36.6,0 -96.76999999999998,35.95,0 
						</coordinates>
					</LineString>
				</Placemark>
				<Placemark>
					<name>Ozark Pipeline (Cushing–Wood River)</name>
					<description>Status: Operational
Route: Cushing, Oklahoma → northeast across Missouri → the Wood River terminal and refinery complex on the Mississippi opposite St. Louis
Owner/Operator: Enbridge
Capacity: ~345,000 b/d after expansion
Handles: Cushing-stored crude — WTI-quality light and Canadian grades — to Midwest refining
Strategic role: The benchmark&apos;s eastern outlet — with the short Woodpat link onward it connects Cushing&apos;s tanks to the Patoka hub and thus, since the reversal, to Capline itself: a barrel can now run Cushing → Wood River → Patoka → St. James entirely by pipe
Risks: Utilisation competition; refinery-outage demand swings at Wood River</description>
					<styleUrl>#op30</styleUrl>
					<LineString>
						<tessellate>1</tessellate>
						<coordinates>
							-96.76999999999998,35.95,0 -94.5,37.2,0 -92,38.3,0 -90.06999999999999,38.84,0 
						</coordinates>
					</LineString>
				</Placemark>
				<Placemark>
					<name>Woodpat Pipeline (Wood River–Patoka)</name>
					<description>Status: Operational
Route: The Wood River terminal complex → ~80 km east → the Patoka hub
Owner/Operator: Marathon Pipe Line
Handles: Crude interchange between the two Illinois hubs — the short link that stitches the Cushing/Ozark system into the Patoka junction
Strategic role: Eighty kilometres that connect two worlds — WTI-priced barrels from Oklahoma meeting Bakken and Canadian streams at Patoka
Risks: Small-line dependence for a big interconnection role</description>
					<styleUrl>#op30</styleUrl>
					<LineString>
						<tessellate>1</tessellate>
						<coordinates>
							-90.06999999999999,38.84,0 -89.5,38.8,0 -89.07088970921912,38.79082776714489,0 
						</coordinates>
					</LineString>
				</Placemark>
				<Placemark>
					<name>Enbridge Mainline (Hardisty–Superior, simplified)</name>
					<description>Status: Operational
Route: The Hardisty and Edmonton hubs → east across Saskatchewan past Regina → Cromer, Manitoba → the Gretna border crossing → Clearbrook, Minnesota → Superior, Wisconsin; drawn here as one simplified corridor representing the parallel Lines 1–4
Owner/Operator: Enbridge
Capacity: ~3 million b/d across the parallel lines — the largest crude system on the continent, carrying the majority of all Canadian exports
Handles: The full Western Canadian slate — heavy blends like WCS, synthetics, lights and condensate, batched in sequence down the same pipes
Strategic role: Canada&apos;s economic aorta — the counterpart of Keystone one corridor east, and the upstream explanation of every Enbridge junction on this map
Risks: Apportionment when supply exceeds space; regulatory and treaty exposure at crossings; the system&apos;s sheer indispensability</description>
					<styleUrl>#op30</styleUrl>
					<LineString>
						<tessellate>1</tessellate>
						<coordinates>
							-111.3,52.66999999999999,0 -108,51.5,0 -105,50.5,0 -101,49.7,0 -97.55,48.99999999999999,0 -95.40000000000001,47.5,0 -92.06120648834336,46.68923194191785,0 
						</coordinates>
					</LineString>
				</Placemark>
				<Placemark>
					<name>Enbridge Line 61 (Superior–Flanagan)</name>
					<description>Status: Operational
Route: Superior, Wisconsin → south through Wisconsin and northern Illinois → the Flanagan terminal
Owner/Operator: Enbridge
Capacity: ~1.2 million b/d — the highest-capacity crude oil pipeline in North America
Handles: The Mainline slate southbound — the trunk that feeds both Flanagan South (to Cushing) and the Southern Access Extension (to Patoka)
Strategic role: The busiest single crude pipe on the continent, and almost nobody has heard of it — the definition of invisible criticality
Risks: Concentration of Canadian export flow in one line; expansion permitting battles fought over decades</description>
					<styleUrl>#op30</styleUrl>
					<LineString>
						<tessellate>1</tessellate>
						<coordinates>
							-92.06121760300834,46.68898219291104,0 -91,44.5,0 -89.8,42.5,0 -88.86,40.88,0 
						</coordinates>
					</LineString>
				</Placemark>
				<Placemark>
					<name>Enbridge Line 6A (Superior–Chicago/Whiting)</name>
					<description>Status: Operational
Route: Superior, Wisconsin → southeast through Wisconsin → the Griffith/Hartsdale terminal area of northwest Indiana, serving the Chicago refining belt and BP Whiting
Owner/Operator: Enbridge
Capacity: ~670,000 b/d
Handles: Canadian heavy and light for the Great Lakes refineries — the supply line of the Midwest&apos;s largest plant
Strategic role: The answer to how Whiting eats — the refinery on the lake is fed from the tank farm in the north woods, not from any local source
Risks: Urban-corridor routing at the Chicago end; the 2010 Line 6B Marshall spill on the sister line remains the reference accident of the system</description>
					<styleUrl>#op30</styleUrl>
					<LineString>
						<tessellate>1</tessellate>
						<coordinates>
							-92.06104415328977,46.68885242217053,0 -89.5,44.5,0 -88.2,42.8,0 -87.48595895543127,41.66412845114538,0 
						</coordinates>
					</LineString>
				</Placemark>
				<Placemark>
					<name>Seaway Pipeline (Cushing–Freeport)</name>
					<description>Status: Operational
Route: Cushing → east Texas → Jones Creek terminal at Freeport, with distribution into the Houston refining system
Owner/Operator: Seaway Crude Pipeline — Enterprise Products / Enbridge 50-50
Capacity: ~850,000 b/d across the twinned system
Handles: Cushing-stored crude southbound to Gulf refineries and export docks
Recent: The 2012 flow reversal is the hub&apos;s defining modern event — built to carry imports north, turned around to drain the shale glut south; it re-priced WTI against Brent and created the Cushing–Gulf spread trade
Strategic role: The main southbound valve of the benchmark — when Seaway and Marketlink run full, Cushing drains and WTI firms
Risks: Tariff and capacity competition; leak incidents; dependence of hub balance on two southbound systems</description>
					<styleUrl>#op30</styleUrl>
					<LineString>
						<tessellate>1</tessellate>
						<coordinates>
							-96.76999999999998,35.95,0 -96.59999999999999,34.8,0 -96.40000000000001,33.6,0 -96.30000000000001,32.4,0 -96.40000000000001,31.3,0 -95.90000000000001,30.2,0 -95.34999999999999,28.95,0 
						</coordinates>
					</LineString>
				</Placemark>
				<Placemark>
					<name>TC Marketlink Pipeline (Cushing–Nederland)</name>
					<description>Status: Operational
Route: Cushing → southeast Texas → the Nederland terminal in the Port Arthur–Beaumont refining complex
Owner/Operator: TC Energy (the Gulf Coast leg of the Keystone system)
Capacity: ~700,000+ b/d
Handles: Cushing barrels — including Canadian heavy delivered by Keystone — to the largest US refining concentration
Strategic role: The second southbound valve, pairing with Seaway to connect the paper hub to Gulf physical demand; the reason Canadian crude priced at Hardisty can end up in a Port Arthur coker
Risks: Shared-system exposure with Keystone upstream; tariff competition with Seaway; Gulf Coast demand cycles</description>
					<styleUrl>#op30</styleUrl>
					<LineString>
						<tessellate>1</tessellate>
						<coordinates>
							-96.76999999999998,35.95,0 -95.90000000000001,34.5,0 -95.19999999999999,33,0 -94.59999999999999,31.5,0 -94.09999999999999,30.2,0 -93.98999999999999,29.97,0 
						</coordinates>
					</LineString>
				</Placemark>
				<Placemark>
					<name>Keystone Cushing Extension (Steele City–Cushing)</name>
					<description>Status: Operational
Route: Steele City, Nebraska (junction of the Keystone mainline from Hardisty, Alberta) → Kansas → Cushing
Owner/Operator: TC Energy
Capacity: Part of the ~600,000+ b/d Keystone system&apos;s southern flows
Handles: Canadian heavy and synthetic crude into the hub&apos;s tanks — the northern feed of the WTI delivery point
Recent: The December 2022 Mill Creek rupture in Kansas — the largest US onshore spill in a decade — happened on this segment, cutting deliveries and briefly moving the WTI market
Strategic role: The pipe that makes Cushing a continental hub rather than a Texan one — Alberta barrels priced against Oklahoma paper
Risks: Spill history and regulatory pressure; upstream dependence on one mainline; heavy-light quality management in shared tanks</description>
					<styleUrl>#op30</styleUrl>
					<LineString>
						<tessellate>1</tessellate>
						<coordinates>
							-97.01999999999998,40.05,0 -97.2,38.8,0 -97,37.5,0 -96.90000000000001,36.6,0 -96.76999999999998,35.95,0 
						</coordinates>
					</LineString>
				</Placemark>
				<Placemark>
					<name>Basin Pipeline (Permian–Wichita Falls–Cushing)</name>
					<description>Status: Operational
Route: Jal/Wink area in the Permian Basin → Midland → Wichita Falls → Cushing
Owner/Operator: Plains All American
Capacity: ~500,000+ b/d
Handles: West Texas Intermediate in the literal sense — Permian barrels moving to the delivery point that named them
Recent: The shale era inverted its importance: most Permian growth now flows straight to Corpus Christi and Houston, making Basin the optional route and the Cushing–Midland spread the signal of which path pays
Strategic role: The historic artery between the basin and the benchmark — WTI&apos;s own supply line
Risks: Structural competition from Permian-to-Gulf pipelines; utilisation swings; ageing infrastructure</description>
					<styleUrl>#op30</styleUrl>
					<LineString>
						<tessellate>1</tessellate>
						<coordinates>
							-103.2,32.2,0 -102.08,31.99,0 -100.5,32.8,0 -98.50000000000001,33.9,0 -97.59999999999999,35,0 -96.76999999999998,35.95,0 
						</coordinates>
					</LineString>
				</Placemark>
				<Placemark>
					<name>Keystone Mainline (Hardisty–Steele City)</name>
					<description>Status: Operational
Route: Hardisty, Alberta → east past Regina → southeast across Manitoba → entering the US in eastern North Dakota → south through the Dakotas and Nebraska → Steele City junction, where the Cushing Extension continues south and an eastern leg runs to Wood River/Patoka, Illinois
Owner/Operator: TC Energy
Capacity: ~590,000+ b/d of Canadian heavy and synthetic crude
Handles: Western Canadian Select and synthetic grades from the Hardisty blending hub toward US Midwest refineries and the Cushing system
Recent: April 2025 — rupture at Fort Ransom, North Dakota (~3,500 barrels), another entry in the system&apos;s spill record after the 2022 Kansas rupture; the Keystone XL shortcut (Hardisty–Steele City direct) was cancelled in 2021, leaving this the system&apos;s only northern leg
Strategic role: Canada&apos;s main southbound crude artery before TMX — the pipe that ties Alberta&apos;s discount barrel to Oklahoma&apos;s benchmark
Risks: Spill history and regulatory scrutiny; single-mainline dependence for the whole system; heavy-crude demand cycles at the far end</description>
					<styleUrl>#op30</styleUrl>
					<LineString>
						<tessellate>1</tessellate>
						<coordinates>
							-111.269128572296,52.64111694635146,0 -108,51.9,0 -104.6,50.3,0 -101.5,49.6,0 -97.8,48.99999999999999,0 -97.5,46.8,0 -97.3,44.5,0 -97.09999999999999,42.5,0 -97.01999999999998,40.05,0 
						</coordinates>
					</LineString>
				</Placemark>
				<Placemark>
					<name>Ceyhan–Kırıkkale Crude Pipeline</name>
					<description>Status: Operational
Route: BOTAŞ Ceyhan terminal → north across the Taurus foothills and central Anatolia → Tüpraş Kırıkkale refinery; the only oil pipeline running inland from the Ceyhan hub
Owner/Operator: BOTAŞ
Handles: Imported and Iraqi-origin crude feeding central Turkey&apos;s refinery — the counterflow to everything else at Ceyhan, which exists to send crude out to sea
Strategic role: The line that connects Turkey&apos;s export hub to its own inland demand — and the answer to why no pipeline reaches Mersin: the state built one crude artery inland, not a products network to the coast
Risks: Single line for the Kırıkkale refinery&apos;s seaborne feedstock; seismic exposure (the 2023 Kahramanmaraş earthquake zone lies on the corridor)</description>
					<styleUrl>#op30</styleUrl>
					<LineString>
						<tessellate>1</tessellate>
						<coordinates>
							35.92516897702331,36.90040022857188,0 35.75,37.3,0 35.3,38,0 34.8,38.7,0 34,39.3,0 33.46432969754379,39.73994116179838,0 
						</coordinates>
					</LineString>
				</Placemark>
				<Placemark>
					<name>MOL Southern Trunk — South Oman to Saih Nihayda</name>
					<description>Status: Operational
Route: The southern production clusters (Marmul, Nimr and the heavy-oil belt, with Mukhaizna feeding in) → north through the Block 6 corridor past Qarn Alam → Saih Nihayda, where the streams are commingled into the Oman Export Blend → junction with the Main Oil Line toward Mina al-Fahal
Owner/Operator: Petroleum Development Oman
Handles: The southern half of Omani production — heavy and medium streams that, blended with the lighter northern crudes, define the Oman Blend quality
Strategic role: The reason Oman has one export system, not two — every southern barrel travels ~800 km north to reach water at Muscat; the geographic inefficiency the planned Ras Markaz link exists to fix
Risks: Single-corridor evacuation for the entire south; long-haul pumping economics; blend-quality management</description>
					<styleUrl>#op30</styleUrl>
					<LineString>
						<tessellate>1</tessellate>
						<coordinates>
							55.18000000000001,18.14,0 55.65,18.65,0 56.09999999999999,19.3,0 56.6,20.2,0 56.67098940868603,20.86703879880407,0 56.7125889725962,21.34342869396917,0 57.51953546021747,22.37978467014029,0 
						</coordinates>
					</LineString>
				</Placemark>
				<Placemark>
					<name>Nahada–Ras Markaz Crude Pipeline (planned)</name>
					<description>Status: Planned
Route: Main Oil Line junction at Nahada → 130 km to Saih Nihayda → 230 km southeast to the Ras Markaz Crude Oil Park; ~360 km of 42-inch line in total
Owner/Operator: OTTCO (OQ group), in coordination with the PDO system
Capacity: To be fixed by the storage-hub study — sized as a second export line for the Omani Blend
Recent: Under conceptual development — the Ras Markaz terminal was completed with no overland connection, so Omani crude for Duqm still travels by coastal tanker from Mina al-Fahal
Strategic role: The line that would complete Oman&apos;s geography — turning Ras Markaz from a sea-fed storage park into a true second export terminal on the open Indian Ocean, and giving the southern fields a southern exit for the first time
Risks: Financing and final investment decision; competition for capital with other OQ projects; the tanker shuttle works well enough to blunt urgency</description>
					<styleUrl>#op30</styleUrl>
					<LineString>
						<tessellate>1</tessellate>
						<coordinates>
							57.52000000000001,22.38,0 56.71407996459693,21.34250836752022,0 57.45000000000001,20.6,0 57.65,19.8,0 
						</coordinates>
					</LineString>
				</Placemark>
				<Placemark>
					<name>Main Oil Line (MOL) — Interior to Mina al-Fahal</name>
					<description>Status: Operational
Route: The interior production clusters (Yibal, Fahud and the gathering network) → Adam → Izki → through the Sumail Gap in the Hajar mountains → Mina al-Fahal terminal, Muscat
Owner/Operator: Petroleum Development Oman
Capacity: Sized for PDO&apos;s full production — the single evacuation spine of Omani crude
Handles: The Oman Export Blend — the commingled stream of light, medium and heavy interior crudes that prices the DME Oman futures contract
Strategic role: The country&apos;s one artery — everything PDO produces crosses the mountains through this line to a coast that lies entirely outside the Strait of Hormuz
Risks: Single-trunkline concentration; mountain-crossing exposure; blend-quality management across dozens of input streams</description>
					<styleUrl>#op30</styleUrl>
					<LineString>
						<tessellate>1</tessellate>
						<coordinates>
							56.03,22.19,0 56.48,22.35,0 57.52000000000001,22.38,0 57.77,22.93,0 58.02,23.31,0 58.5,23.63,0 
						</coordinates>
					</LineString>
				</Placemark>
				<Placemark>
					<name>Ras Markaz – Duqm Refinery Crude Pipeline</name>
					<description>Status: Operational
Route: Ras Markaz Crude Oil Park → ~80 km north along the coastal corridor → the OQ8 Duqm refinery&apos;s dedicated crude tanks (eight tanks at the refinery end); operational since April 2023
Owner/Operator: OTTCO / OQ8 system
Handles: The refinery&apos;s full crude diet — Kuwaiti and Omani grades landed at the SPM and stored at Ras Markaz, delivered on refinery demand
Strategic role: The line that makes Duqm work — an outside-the-strait refinery fed from an outside-the-strait terminal, the only link in its supply chain that touches no chokepoint at all
Risks: Single feed line for a 230,000 b/d plant; remote-corridor maintenance; upstream dependence on the tanker shuttle until the national grid connection exists</description>
					<styleUrl>#op30</styleUrl>
					<LineString>
						<tessellate>1</tessellate>
						<coordinates>
							57.78,19,0 57.7459526550857,19.16612544956955,0 57.72,19.3,0 57.70000000000001,19.45,0 57.65572448946352,19.72632031363807,0 
						</coordinates>
					</LineString>
				</Placemark>
				<Placemark>
					<name>Fishkhabur-Ceyhan pipeline (Turkish leg)</name>
					<description>Status: Operational
Route: Fishkhabur border crossing → Silopi → Mardin → Şanlıurfa → Kahramanmaraş → Ceyhan tank farm and Yumurtalık marine terminal; ~625 km, five pumping stations; in service since 1976
Owner/Operator: BOTAŞ, the Turkish state pipeline company
Capacity: Nameplate up to 1.6 million b/d; currently running at roughly 15%, constrained entirely by upstream supply rather than the pipe
Recent: Shut March 2023 when the ICC ordered Türkiye to pay Iraq ~$1.5bn — the only major line closed by court order rather than conflict; restarted September 2025, resumed March 2026 after a pause. Türkiye terminated the 1973 agreement on 27 July 2026 with a twelve-month wind-down while a replacement framework is negotiated; flows expected to continue through expiry
Strategic role: Iraq&apos;s Hormuz hedge — its only Mediterranean outlet, sharing Ceyhan with BTC and stacking two countries&apos; contingency plans on one coastline
Risks: Treaty vacuum after July 2026 and tariff renegotiation from Turkish strength; southeastern Anatolia security; seismic exposure (the 2023 Kahramanmaraş quake suspended loadings); terminal concentration</description>
					<styleUrl>#op30</styleUrl>
					<LineString>
						<tessellate>1</tessellate>
						<coordinates>
							42.37783903410218,37.06789453394255,0 42.52946701575179,37.26087305606185,0 42.45162839955458,37.5212215767894,0 41.36021144437015,37.42149292849158,0 41.12745837019329,37.89894263782626,0 40.18873843174802,37.94393547133275,0 36.49397222636578,37.44024100413037,0 35.92589768108207,36.89758049013267,0 
						</coordinates>
					</LineString>
				</Placemark>
				<Placemark id="ADDMVL00000000000001">
					<name>Rostock–Schwedt Pipeline (MVL)</name>
					<description>Status: Operational
Route: Rostock oil port (Baltic Sea) → PCK Schwedt refinery, ~200 km
Owner/Operator: PCK Raffinerie GmbH
Capacity: Limited — historically able to load the refinery at roughly half its nameplate; a ~€400m upgrade has been pursued to raise throughput
Recent: Became Schwedt&apos;s lifeline after Germany ended Russian pipeline crude imports in January 2023
Strategic role: The substitute artery for the Druzhba supply that fed Schwedt for five decades — seaborne barrels landed at Rostock reach the Berlin fuel market through this line
Risks: Capacity bottleneck versus refinery nameplate; dependence on Baltic tanker deliveries and port logistics</description>
					<styleUrl>#op30</styleUrl>
					<LineString>
						<tessellate>1</tessellate>
						<coordinates>
							12.12,54.13650000000001,0 12.52,53.90000000000001,0 13.05,53.65000000000001,0 13.6,53.42,0 14.02,53.21999999999999,0 14.2365,53.0745,0 
						</coordinates>
					</LineString>
				</Placemark>
				<Placemark>
					<name>Trans Niger Pipeline (TNP): Bomu -&gt; Rumuekpe -&gt; Bonny (SPDC, since 1965, 180,000 bpd)</name>
					<description>Status: Operational</description>
					<styleUrl>#op30</styleUrl>
					<LineString>
						<tessellate>1</tessellate>
						<coordinates>
							7.2835,4.6605,0 6.849999999999999,4.85,0 7.16,4.42,0 
						</coordinates>
					</LineString>
				</Placemark>
				<Placemark>
					<name>Nembe Creek Trunk Line (NCTL): Nembe -&gt; Cawthorne Channel -&gt; Bonny (Aiteo, 97 km, up to 600,000 bpd)</name>
					<description>Status: Operational</description>
					<styleUrl>#op30</styleUrl>
					<LineString>
						<tessellate>1</tessellate>
						<coordinates>
							6.35,4.53,0 7.08333,4.48333,0 7.16,4.42,0 
						</coordinates>
					</LineString>
				</Placemark>
				<Placemark id="0A981C3A6A3F2D3C6D14">
					<name>Kirkuk-Fishkhabur Pipeline (federal Iraqi leg)</name>
					<description>Status: Offline
Route: Kirkuk K-1 station → Baiji junction → along the Tigris to Fishkhabur (Turkish border); ~345 km, twin 46&quot;/40&quot; lines (1976/1987); the rebuild reroutes via Salahaddin and Nineveh, deliberately avoiding Kurdistan Region territory
Owner/Operator: Iraqi Oil Ministry via North Oil Company — the Iraqi half of the ITP under the 1973 treaty
Capacity: Historic ITP design up to 1.6 million b/d; the rebuilt Kirkuk–Nineveh segment is specified at 350,000 b/d
Recent: Destroyed in the 2014 ISIS advance and inactive twelve years; hydrostatic testing under way March 2026, with June 2026 targeted for the Kirkuk–Nineveh segment and months of work beyond; no confirmation it carries export barrels — federal crude still routes via the KRI&apos;s Saralo station
Strategic role: Sovereignty restoration — completion ends Baghdad&apos;s physical dependence on a pipe it does not own, converting a hostage situation into an ordinary budget dispute
Risks: Chronic schedule slippage; Nineveh and Salahaddin security; funding and contractor dependence; Kirkuk deliverability after two decades of underinvestment; stranding KEP capacity reopens the Erbil fight</description>
					<LookAt>
						<longitude>35.92639211223881</longitude>
						<latitude>36.89008078655408</latitude>
						<altitude>136.4313458063055</altitude>
						<heading>349.1199426473837</heading>
						<tilt>0</tilt>
						<gx:fovy>30.00035667997835</gx:fovy>
						<range>15074.4970188383</range>
						<altitudeMode>absolute</altitudeMode>
					</LookAt>
					<styleUrl>#op30</styleUrl>
					<LineString>
						<coordinates>
							44.33474759149754,35.5451810771893,0 43.4951408465128,35.00766179438595,0 43.08336590020788,36.35289993742235,0 42.37788406566046,37.06792066428955,0 
						</coordinates>
					</LineString>
				</Placemark>
				<Placemark id="09BE71D1E53F2D4290A0">
					<name>Khurmala-Fishkhabur pipeline (Kurdistan Regional Government&apos;s leg)</name>
					<description>Status: Operational
Route: Khurmala Dome near Erbil → Dohuk → Zakho → Fishkhabur; ~250 km, 40-inch trunk; feeders from Taq Taq, Tawke/Peshkabir and Shaikan/Atrush; federal Kirkuk crude injects at Khurmala
Owner/Operator: KRG; built and operated by KAR Group
Capacity: ~700,000 b/d nameplate; actual throughput roughly a third of that
Recent: Idled from March 2023 by the ICC award; restarted 27 September 2025; halted early 2026 over payments; resumed 18 March 2026. Over 4 million bbl shipped via Ceyhan post-restart; ~190,000 b/d delivered to SOMO, ~50,000 b/d kept for local use; producers net $14/bbl after deductions, so entitlement barrels largely sell domestically at ~$31
Strategic role: The leverage asset — a regional government owns the only functioning link between federal fields and tidewater, which is why the budget dispute has a valve attached
Risks: Militia drone strikes upstream (Tawke installations hit three times in 2025); payment-mechanism instability; single-operator concentration in KAR; obsolescence once the federal line runs</description>
					<LookAt>
						<longitude>42.38174699338038</longitude>
						<latitude>37.06750296383648</latitude>
						<altitude>380.9176240522042</altitude>
						<heading>58.47631220918102</heading>
						<tilt>0</tilt>
						<gx:fovy>34.99923084281266</gx:fovy>
						<range>18677.42480114568</range>
						<altitudeMode>absolute</altitudeMode>
					</LookAt>
					<styleUrl>#op30</styleUrl>
					<LineString>
						<coordinates>
							43.74906965403268,35.91722813772751,0 43.97011261459917,36.26161849000645,0 43.87505058118854,36.73273675766753,0 42.97508234516481,36.86081837989593,0 42.38166639082129,37.06737164631899,0 
						</coordinates>
					</LineString>
				</Placemark>
				<Placemark id="ADDIKL00000000000001">
					<name>TAL extension - IKL pipeline (Ingolstadt–Kralupy–Litvínov)</name>
					<description>Status: Operational
Route: Vohburg/Ingolstadt (junction with TAL) → Czech border → Nelahozeves central tank farm near Kralupy, supplying the Kralupy and Litvínov refineries; 347 km
Owner/Operator: MERO ČR (Czech state pipeline company)
Capacity: ~200,000 b/d usable (~10 Mt/yr design); with TAL-PLUS live since 2025, TAL + IKL can deliver 8 Mt/yr — the entire Czech crude demand
Recent: In March 2025 the Czech Republic completed its switch away from Russian Druzhba deliveries; TAL-PLUS raised TAL throughput from 6,400 to 7,500 m³/hour
Strategic role: The western supply route that made Czech independence from Russian pipeline crude possible — Trieste → Alps → Ingolstadt → Prague region
Risks: Full dependence on the Trieste/TAL corridor now that Druzhba flows have ended; capacity sized close to national demand</description>
					<styleUrl>#op30</styleUrl>
					<LineString>
						<tessellate>1</tessellate>
						<coordinates>
							11.46181430714684,48.80694359842674,0 11.621,48.76800000000001,0 12.35,49.17999999999999,0 12.9,49.50000000000001,0 13.55,49.78,0 14.1,50.08,0 14.31,50.24000000000001,0 14.295,50.26,0 13.61,50.60000000000001,0 
						</coordinates>
					</LineString>
				</Placemark>
				<Placemark>
					<name>TAL extension - Adria-Wien Pipeline (AWP)</name>
					<description>Status: Operational
Route: Branches off the TAL at Würmlach (Carinthia) → Gail, Drau and Jaun valleys → over the Koralpe (highest point 1,350 m) → Styria (Wettmannstätten, Wildon) → over the Wechsel → OMV Schwechat refinery; 420 km, 18-inch, 12 pump stations, ~12,000 m cumulative elevation change; 14 km spur to the Lannach strategic-reserve depot
Owner/Operator: Adria-Wien Pipeline GmbH — OMV ~76% (with BP, Shell, Esso Austria, Agip); commissioned 1970
Capacity: ~8 Mt/yr (up to ~11 Mt technical); crude takes about three days Trieste → Schwechat via TAL + AWP
Recent: The planned Bratislava–Schwechat link to the Druzhba system (BSP, 62 km) was abandoned in March 2022 after 20 years without Slovak permits
Strategic role: Austria&apos;s sole crude artery — the Austrian counterpart of the Bavarian and Czech branches of the same TAL system, all hanging off one Adriatic port
Risks: Single-corridor dependence on Trieste/TAL; mountain terrain and pump-station reliability; no fallback route now that BSP is dead</description>
					<styleUrl>#op30</styleUrl>
					<LineString>
						<tessellate>1</tessellate>
						<coordinates>
							12.96411449908723,46.67634798858781,0 13.2350285973468,46.63053603898008,0 14.61578106871371,46.65880412172955,0 15.0724056431886,46.68053409329877,0 15.38341720120278,46.82897912936291,0 15.51891791186514,46.88585921872622,0 14.89363714833805,47.26628990727352,0 16.49518508727679,48.1461426555788,0 
						</coordinates>
					</LineString>
				</Placemark>
				<Placemark>
					<name>Gialo-Waha pipeline</name>
					<description>Status: Operational</description>
					<styleUrl>#op30</styleUrl>
					<LineString>
						<tessellate>1</tessellate>
						<coordinates>
							21.41375616812475,28.6894359166971,0 19.92278524568038,28.29901033529408,0 
						</coordinates>
					</LineString>
				</Placemark>
				<Placemark>
					<name>Druzhba - 1</name>
					<description>Status: Operational
Route: Uzhhorod (Ukraine border) → Budkovce → Šahy → Bučany junction near Bratislava → Slovnaft refinery; second branch from Bučany north-west to Czechia (Kralupy, Litvínov)
Owner/Operator: Transpetrol (Slovak state) on Slovak territory; Ukrtransnafta in Ukraine; MERO ČR for the Czech branch
Capacity: Part of a ~16.7 Mt/yr southern branch; normal southern flows ~300,000–400,000 b/d before 2026
Handles: Russian Urals for Slovakia; the Czech branch stopped taking Russian crude in March 2025 (now supplied via TAL/IKL)
Recent: Flows to Slovakia stopped 27 January 2026 after the Brody drone strike; Slovakia declared an oil emergency 18 February and released 250,000 t of reserves; flows resumed ~23 April when Ukrtransnafta lifted force majeure
Strategic role: Slovnaft&apos;s main artery — Slovakia is almost entirely dependent on this line, which is why the outage hit it harder than Hungary; the flashpoint of the Kyiv–Bratislava dispute
Risks: War exposure on Ukrainian territory; the EU exemption for Russian pipeline crude is time-limited; the Adria route is the only fallback, still being expanded</description>
					<styleUrl>#op30</styleUrl>
					<LineString>
						<tessellate>1</tessellate>
						<coordinates>
							22.28976343564294,48.61992789489562,0 20.99688532122327,48.61391615952766,0 20.01437275802945,48.3815099605818,0 18.89401760534808,48.10102925276468,0 17.18942276657055,48.12583823371172,0 17.01912076660748,48.43838894762172,0 16.98230697138875,48.82528302607331,0 16.60951564351005,49.1990484396637,0 14.32744048507515,50.26164467097204,0 13.60622674186807,50.55385837947349,0 
						</coordinates>
					</LineString>
				</Placemark>
				<Placemark>
					<name>Druzhba - 2</name>
					<description>Status: Operational
Route: Uzhhorod (Ukraine border) → Fényeslitke receiving station → MOL Danube refinery at Százhalombatta; supplies the Duna and Tisza refineries; connects to the Adria pipeline at Százhalombatta
Owner/Operator: MOL (Hungarian section) / Ukrtransnafta (Ukraine)
Capacity: Part of the ~16.7 Mt/yr southern branch; Russia supplied Hungary ~95,000 b/d via this route in 2024
Handles: Russian Urals — Hungary is one of the last two EU states still receiving Russian pipeline crude
Recent: Halted 27 January – 23 April 2026 after the Brody strike (MOL drew strategic reserves and arranged seaborne cargoes via Croatia); earlier interruptions August 2025 and March 2026 from strikes on Russian pumping stations
Strategic role: MOL Danube&apos;s primary feed and the centre of Hungary&apos;s energy politics — the outage was met with Hungarian vetoes on EU aid to Ukraine and a diesel-export ban
Risks: War-zone transit; the EU exemption is expected to end; over-reliance turns every strike into a national supply event</description>
					<styleUrl>#op30</styleUrl>
					<LineString>
						<tessellate>1</tessellate>
						<coordinates>
							22.28977414663623,48.6199364799245,0 22.18500847381948,48.40607158377315,0 22.0981529278279,48.26799998992538,0 21.04331632081675,47.90631151199197,0 18.89620582162216,47.28347597758287,0 
						</coordinates>
					</LineString>
				</Placemark>
				<Placemark>
					<name>Druzhba - 1 Hungary connection</name>
					<description>Status: Operational
Route: Šahy (southern Slovakia, on the Ipeľ) → Hungarian border at Drégelypalánk → Százhalombatta (MOL Danube refinery)
Owner/Operator: Transpetrol / MOL
Handles: Crude in either direction between the two southern Druzhba lines — Slovak and Hungarian supply can back each other up
Strategic role: The reason the two lines behave as one system — crude reaching Hungary via Adria/JANAF can flow up to Slovakia through Százhalombatta and Šahy, the route that supplied Slovnaft during the 2026 outage; MOL&apos;s plan to run Százhalombatta, Bratislava and Pančevo as one network rests on links like this
Risks: Limited capacity relative to full refinery demand; both ends depend on the same Adria fallback</description>
					<styleUrl>#op30</styleUrl>
					<LineString>
						<tessellate>1</tessellate>
						<coordinates>
							18.89570939202307,48.09946984976899,0 18.89485913630352,47.28352425876178,0 
						</coordinates>
					</LineString>
				</Placemark>
				<Placemark id="ADDEAPC000000000001">
					<name>Eilat–Ashkelon Pipeline (EAPC, Trans-Israel)</name>
					<description>Status: Operational
Route: Eilat oil port (Gulf of Aqaba) → Arava valley → Negev → Ashkelon (Mediterranean); 254 km, 42-inch — backbone of a ~747 km network that also feeds the Haifa and Ashdod refineries
Owner/Operator: Europe Asia Pipeline Company (Israeli state-owned); operations historically under strict confidentiality
Capacity: ~30 Mt/yr; ~400,000 b/d northbound and up to ~1.2 million b/d in reverse flow (project completed 2003)
Recent: Built 1968 as a covert 50/50 Israeli–Iranian venture via Liechtenstein shells; arbitration after 1979 awarded Iran over $1bn — never paid. The 2020 UAE MED-RED land-bridge MOU was frozen by the &quot;Zero Additional Risk&quot; policy (Nov 2021); EAPC is diversifying, incl. a 260 km fibre-optic corridor
Strategic role: The only Suez-bypass land bridge under a single state&apos;s control, reversible between Red Sea and Mediterranean tanker markets
Risks: War exposure at both ends (Gaza rocket range at Ashkelon, Red Sea crisis at Eilat); environmental veto on growth — the 2014 Arava spill remains one of Israel&apos;s worst; opacity of actual flows</description>
					<styleUrl>#op30</styleUrl>
					<LineString>
						<tessellate>1</tessellate>
						<coordinates>
							34.94,29.523,0 35.03,29.95,0 35.14,30.4,0 35.22,30.75,0 35.05,30.95,0 34.8,31.2,0 34.63,31.45,0 34.543,31.642,0 
						</coordinates>
					</LineString>
				</Placemark>
				<Placemark id="ADDBPS00000000000001">
					<name>Baltic Pipeline System (BPS-1)</name>
					<description>Status: Operational
Route: Timan-Pechora / West Siberia / Urals-Volga networks → Yaroslavl → Kirishi (KINEF refinery) → Primorsk oil terminal, Gulf of Finland; commissioned December 2001
Owner/Operator: Transneft
Capacity: Up to ~75 Mt/yr (~1.5 million b/d system); Primorsk loads ~1 million b/d of Urals plus ~300,000 b/d of diesel
Handles: Urals — Russia&apos;s flagship export grade, since 2022 shipped largely via the &quot;shadow fleet&quot; under the G7 price cap
Recent: Ukrainian long-range drones forced the first loading suspension at Primorsk in September 2025, with renewed strikes in March and May 2026; at the peak, roughly 40% of Russia&apos;s oil export capacity was assessed offline
Strategic role: Built to bypass the Baltic transit states and concentrate exports at a Russian-controlled port — the single most important outlet for seaborne Urals
Risks: Primary target of the Ukrainian deep-strike campaign; sanctions and price-cap enforcement; Gulf of Finland winter ice; single-corridor concentration</description>
					<styleUrl>#op30</styleUrl>
					<LineString>
						<tessellate>1</tessellate>
						<coordinates>
							39.87,57.63,0 38.6,58.35,0 37.9,59.10000000000001,0 36,59.35000000000001,0 34,59.45,0 32.05590868165775,59.48546610128013,0 30.9,59.85,0 29.9,60.1,0 28.72205088671118,60.33991086572199,0 
						</coordinates>
					</LineString>
				</Placemark>
				<Placemark id="ADDFPS00000000000001">
					<name>Forties Pipeline System (FPS)</name>
					<description>Status: Operational
Route: Forties Unity platform (central North Sea) → Cruden Bay landfall (169 km offshore) → Kinneil, Grangemouth (209 km onshore) → Dalmeny tank farm → Hound Point export jetty
Owner/Operator: INEOS (acquired from BP in 2017)
Capacity: Nominal ~575,000–610,000 b/d; carries liquids from ~85 UK and Norwegian fields — roughly 40% of UK North Sea oil
Handles: Stabilised Forties Blend delivered at Hound Point (a Dated Brent benchmark grade); gas liquids to Grangemouth
Strategic role: The upstream leg of the Forties chain on this map — wellhead to Hound Point loading to Rotterdam; a single-system chokepoint for a large share of UK production
Risks: Single-system concentration — outages at Kinneil or on the main line ripple directly into the Dated Brent benchmark; ageing infrastructure; declining North Sea throughput</description>
					<styleUrl>#op30</styleUrl>
					<LineString>
						<tessellate>1</tessellate>
						<coordinates>
							0.9,57.73,0 -1.855,57.418,0 -2.27,57.03,0 -2.66,56.73,0 -3.32,56.44,0 -3.7,56.02,0 -3.38,55.99,0 -3.359,56.005,0 
						</coordinates>
					</LineString>
				</Placemark>
				<Placemark>
					<name>East–West Crude Oil Pipeline - Petroline</name>
					<description>Status: Operational
Route: Abqaiq processing complex (Eastern Province) → ~1,200 km west across the peninsula → Yanbu terminals and refining hub on the Red Sea; parallel 48-inch and 56-inch lines
Owner/Operator: Saudi Aramco
Capacity: ~5 million b/d nameplate (one line spent years in gas service before reconversion); reported plans for +2 million b/d; built in the early-1980s &quot;Tanker War&quot; explicitly as Hormuz insurance
Recent: Since the March 2026 Hormuz closure, the kingdom&apos;s primary export artery — Saudi Arabia held 57% of its 2025 export rate in May (UAE 82%, Iraq 8%), lifting Suez flows ~30%; after the July Houthi threat to Saudi ports, Yanbu barrels route north into SUMED — 1.8 million b/d in late July, 46% of Yanbu exports
Strategic role: The reason Saudi Arabia has options and Iraq has none — first link of the only chain (Petroline → Yanbu → SUMED → Sidi Kerir → Cape) avoiding both chokepoints
Risks: 5 million b/d ceiling versus far larger Gulf-coast production; desert pumping stations already struck by drones (2019); Yanbu now inside the Houthi threat perimeter; downstream links Aramco does not control</description>
					<styleUrl>#op30</styleUrl>
					<LineString>
						<tessellate>1</tessellate>
						<coordinates>
							38.24954936159315,23.97143160378243,0 38.50472567373777,24.15734388750042,0 49.66990672911108,25.92952433707718,0 
						</coordinates>
					</LineString>
				</Placemark>
				<Placemark id="0A8D0C235F3EB7ABB22C">
					<name>Adria pipeline</name>
					<description>Status: Operational
Route: Omišalj terminal (Krk, Croatia) → Sisak, where it splits: north via Gola to MOL&apos;s Duna refinery (Százhalombatta), connecting there to the southern Druzhba and on to Slovnaft; east toward Serbia (NIS refineries); spurs to Slovenia, Bosnia and Rijeka
Owner/Operator: JANAF (Croatian state-controlled); commissioned ~1980 as the Yugoslav import artery
Capacity: The number at the heart of the fight — Croatia claims 11–15 Mt/yr toward Hungary; no more than ~2.2 Mt/yr has ever moved; Slovak section max ~3.68 Mt/yr
Recent: The 2026 Druzhba outage turned the dispute white-hot — MOL filed an EC complaint (4 March) alleging abusive tariffs; ~10-month independent capacity tests began 11 March (40,000 t/day by autumn, clarity expected early 2027), against the end-2027 cutoff of Russian supplies; a permanent expansion was decided
Strategic role: The designated non-Russian route for Hungary, Slovakia and Serbia — nominal on the map, unproven in the physics; the bottleneck is tariffs, contracts and trust as much as steel
Risks: Unproven sustained throughput; monopoly-pricing dispute in Brussels&apos; hands; Urals-configured refineries on the demand side; single terminal at Omišalj; sanctions-interpretation freezes</description>
					<LookAt>
						<longitude>18.8718405690427</longitude>
						<latitude>47.27185982556875</latitude>
						<altitude>139.0063030298443</altitude>
						<heading>0</heading>
						<tilt>0</tilt>
						<gx:fovy>35</gx:fovy>
						<range>9210.575506064342</range>
						<altitudeMode>absolute</altitudeMode>
					</LookAt>
					<styleUrl>#op30</styleUrl>
					<LineString>
						<coordinates>
							14.53513269792746,45.21889665414806,0 14.44116927479243,45.32783869025283,0 16.37218449263825,45.48819008561012,0 16.98913806621053,46.06941856474209,0 17.05950749505125,46.19793017893215,0 18.89344451856273,47.28189983112755,0 18.8938765966986,48.09955658444144,0 
						</coordinates>
					</LineString>
				</Placemark>
				<Placemark id="0B66F491DC3F2390C62D">
					<name>Caspian Pipeline Consortium</name>
					<description>Status: Operational
Route: Tengiz field (western Kazakhstan) → ~1,500 km across Kazakh and Russian territory → CPC Marine Terminal near Novorossiysk, loading offshore via SPM buoys; carries light sweet CPC Blend
Owner/Operator: Caspian Pipeline Consortium — Transneft largest holder, with KazMunayGas, Chevron, Lukoil, ExxonMobil, Rosneft-Shell, Eni and others; the consortium itself is not under Western sanctions
Capacity: ~1.5 million b/d; 1.48 million b/d average in 2026; foreign shippers moved &gt;75% of 2025&apos;s 70.5 Mt — mostly Kazakh barrels, lifted by Western majors, exiting via a Russian port
Recent: Four tankers attacked by Ukrainian drones in four days (July 2026) while loading — repeated suspensions; CPC Blend at a $2.65/bbl discount to Dated Brent; the terminal is undamaged, but vessels hesitate to berth under drones
Strategic role: ~80% of Kazakhstan&apos;s exports on one artery — the map&apos;s clearest case of collateral chokepoint risk: infrastructure targeted for its address, not its cargo
Risks: Drone and naval attack at the loading zone; war-risk premiums and berthing refusals throttling liftings without physical damage; fallbacks (BTC, Atyrau–Samara, the China line) are fractions of its size; Russian regulatory leverage</description>
					<LookAt>
						<longitude>53.40740630895382</longitude>
						<latitude>46.15943276069549</latitude>
						<altitude>-20.08307204023351</altitude>
						<heading>45.54849754943275</heading>
						<tilt>0</tilt>
						<gx:fovy>35</gx:fovy>
						<range>56667.48451243155</range>
						<altitudeMode>absolute</altitudeMode>
					</LookAt>
					<styleUrl>#op30</styleUrl>
					<LineString>
						<coordinates>
							37.85511059714604,44.70439708990956,0 39.73729883594243,45.6458886952411,0 43.53375679844635,44.7093247800702,0 48.0893279255278,46.38305507577343,0 51.86571577255853,47.19111996459998,0 53.40677921822671,46.15949522517931,0 
						</coordinates>
					</LineString>
				</Placemark>
				<Placemark id="03F676C2DF3F2D848ACF">
					<name>BTC pipeline (Baku–Tbilisi–Ceyhan)</name>
					<description>Status: Operational
Route: Sangachal terminal (Baku) → Georgia via Tbilisi → Ceyhan, Türkiye; ~1,770 km, eight pump stations; Azeri Light plus Kazakh volumes shuttled Aktau→Baku by small Caspian tankers
Owner/Operator: BTC Co — operational control transferred from BP to SOCAR on 1 July 2026; BP remains a major shareholder alongside MOL, Equinor, TPAO, Eni, TotalEnergies, ExxonMobil and others
Capacity: ~1.2 million b/d nameplate, structurally underutilised as ACG production declines — that spare space is exactly what makes it the region&apos;s escape route
Recent: After the CPC strikes, Kazakhstan redirected ~300,000 t in December via BTC and other routes, targeting 1.5–2.2 Mt via BTC in 2026 (vs ~1.2 Mt in 2025); all Kazakh alternatives combined moved ~4.1 Mt against ~60 Mt/yr through CPC
Strategic role: The insurance policy that can&apos;t cover the loss — the pipe has room, the Caspian shuttle fleet doesn&apos;t; a route&apos;s capacity is its narrowest segment
Risks: Aktau port and shuttle-tanker bottleneck; commercial dependence on Azerbaijan for competing barrels; Georgia and eastern Türkiye transit (2008 sabotage precedent); Ceyhan concentration shared with the Iraq line</description>
					<LookAt>
						<longitude>35.9612614623785</longitude>
						<latitude>36.92713776930547</latitude>
						<altitude>77.4294859433022</altitude>
						<heading>0</heading>
						<tilt>0</tilt>
						<gx:fovy>35</gx:fovy>
						<range>5832.583173390012</range>
						<altitudeMode>absolute</altitudeMode>
					</LookAt>
					<styleUrl>#op30</styleUrl>
					<LineString>
						<coordinates>
							49.47895908056742,40.19397207348265,0 47.14712328482333,40.61143453007453,0 46.35978091087933,40.69055924844518,0 45.12919889883766,41.37755172107329,0 44.81703479322612,41.71587945414381,0 43.39737074215103,41.83743430943995,0 42.75982501181274,41.54796570466853,0 43.09633406581796,40.60381228423965,0 41.24055449530074,39.90770014326324,0 39.49460103452531,39.7589376072257,0 37.00346419455616,39.76985625716755,0 35.45765603225085,38.75200882869947,0 35.38141258332312,37.01972442499936,0 35.98229425859964,36.91881977422849,0 
						</coordinates>
					</LineString>
				</Placemark>
				<Placemark id="0C351F9C1A3F3A1EDA6E">
					<name>Southern Iraq Crude Oil Pipeline Network</name>
					<description>Status: Operational
Route: Southern giant fields (Rumaila, West Qurna 1 &amp; 2, Zubair, Majnoon) → Zubair/Fao storage depots → subsea pipelines → Al-Basra Oil Terminal (ABOT) and SPM buoys; Khor al-Amaya largely idle alongside
Owner/Operator: Basra Oil Company; exports marketed by SOMO; IOC service contracts (BP at Rumaila, Lukoil at West Qurna 2, Eni at Zubair)
Capacity: ~3.4 million b/d nominal; normally ~3.3 million b/d — 93% of Iraq&apos;s exports, funding ~90% of the state budget; grades Basrah Medium and Heavy
Recent: Seaborne exports collapsed to 260,000 b/d in May 2026 — 8% of the 2025 average; production halved to 1.9 million b/d by June; storage filled within days of the March closure, forcing field shut-ins; tankers struck near Basra; workaround — 500–700 tanker trucks/day into Syria feeding ~130,000 b/d of exports from Baniyas
Strategic role: Sole outlet for OPEC&apos;s second-largest producer, 100% Hormuz-dependent — the market&apos;s clearest proof that routes, not reserves, set supply
Risks: Hormuz as single point of failure; tanker strikes at the loading zone; Fao storage saturation; fiscal exposure; bypasses (Basra–Haditha, Basra–Aqaba) years away</description>
					<LookAt>
						<longitude>47.94141138954485</longitude>
						<latitude>30.20497600386194</latitude>
						<altitude>-6.664729416107247</altitude>
						<heading>0</heading>
						<tilt>0</tilt>
						<gx:fovy>34.99999999999976</gx:fovy>
						<range>75320.69187439978</range>
						<altitudeMode>absolute</altitudeMode>
					</LookAt>
					<styleUrl>#op30</styleUrl>
					<LineString>
						<coordinates>
							44.32687766769802,35.52830776446496,0 43.49542794529953,35.00734139409213,0 42.36186393132665,34.0702185650199,0 44.08046924407459,32.37046985496429,0 44.48625366380889,30.88319538185899,0 47.66742819577102,30.449485045301,0 47.88766120465856,30.18069907419827,0 47.8935998513963,30.15922693330585,0 
						</coordinates>
					</LineString>
				</Placemark>
				<Placemark id="0F4DDE01573FA0A395D9">
					<name>Rotterdam - Rhine Pipeline (RRP)</name>
					<description>Status: Operational
Route: Two systems, 457 km. Crude: 36-inch, 177 km from Europoort to the Venlo tank terminal (~210,000 m³), splitting north to Gelsenkirchen (Ruhr) and south to Shell Rheinland (Godorf/Wesseling). Products: 155 km from Pernis to the German border near Venlo
Owner/Operator: Rotterdam-Rijn Pijpleiding (founded 1958) — Shell, Ruhr Oel, BP
Capacity: ~25 Mt/yr — roughly 16 Mt crude + 9 Mt products, entirely underground
Recent: Its customer base is shrinking as German refining converts (Wesseling crude ended 2025); the right-of-way is the backbone of the proposed Delta Corridor (hydrogen east, CO₂ back west); the products line runs hot in the record-crack European diesel market
Strategic role: The Atlantic gateway — Rhine-Ruhr refineries price off the well-supplied Atlantic pool while TAL and SPSE customers price off the disrupted Med; VAROPreem&apos;s Rotterdam SAF plant is being built at its mouth
Risks: Demand-side decline as captive refineries convert or close; concentration on two delivery points; transition timing on the Delta Corridor; Rotterdam port dependence</description>
					<LookAt>
						<longitude>6.974314404879616</longitude>
						<latitude>50.85543913705191</latitude>
						<altitude>58.21694439891632</altitude>
						<heading>0</heading>
						<tilt>0</tilt>
						<gx:fovy>35</gx:fovy>
						<range>16877.12535258383</range>
						<altitudeMode>absolute</altitudeMode>
					</LookAt>
					<styleUrl>#op30</styleUrl>
					<LineString>
						<coordinates>
							4.137409820052738,51.94509293269365,0 4.282228515040885,51.87508908739839,0 6.17508815568244,51.37277578836751,0 7.05321813066935,51.53416003942817,0 6.974812076765177,50.83930619871892,0 
						</coordinates>
					</LineString>
				</Placemark>
				<Placemark id="0732962C843FE62A3117">
					<name>SPSE (south european pipeline)</name>
					<description>Status: Operational
Route: Fos-sur-Mer / Lavéra → Rhône and Saône valleys → St-Quentin-Fallavier (feeding Feyzin) and Gennes/Besançon, where crude passes into VARO&apos;s Jura line over the mountains to Cressier; the original main line ran 769 km to Karlsruhe, the network peaked at ~1,850 km
Owner/Operator: Société du Pipeline Sud-Européen (founded 1958 by sixteen majors); also a storage operator — 40 floating-roof tanks / 2.26 million m³ at Fos holding ~20 grades, berths discharging tankers to 400,000 t
Capacity: ~8 Mt/yr today to its two remaining customers; the Strasbourg and Lyon lines are inactive, the 34-inch runs only Fos→Besançon
Recent: Plans to convert the Lyon–Fos line to CO₂ transport, ≥4 Mt/yr from 2030
Strategic role: Cressier&apos;s lifeline — the only crude path into Switzerland; set beside Bayernoil-on-TAL, both VAROPreem landlocked refineries hang off Mediterranean tankers at opposite ends of the same sea
Risks: Two-customer concentration in its purest form — if Feyzin stops refining, Cressier alone carries the fixed costs; Fos strike habit; Mediterranean supply-pool exposure; CO₂ transition timing</description>
					<LookAt>
						<longitude>6.959846501591789</longitude>
						<latitude>46.26850616385907</latitude>
						<altitude>667.2570345996475</altitude>
						<heading>16.91974255193995</heading>
						<tilt>0</tilt>
						<gx:fovy>34.99999999998985</gx:fovy>
						<range>840530.9162601829</range>
						<altitudeMode>absolute</altitudeMode>
					</LookAt>
					<styleUrl>#op30</styleUrl>
					<LineString>
						<coordinates>
							4.92557948620727,43.43825690609796,0 5.118449866937858,45.61475136882601,0 6.144605842394435,47.24561129173847,0 7.033156232720252,47.03991812889477,0 
						</coordinates>
					</LineString>
				</Placemark>
				<Placemark>
					<name>Trans Mountain Pipeline</name>
					<description>Status: Operational</description>
					<styleUrl>#op30</styleUrl>
					<LineString>
						<tessellate>1</tessellate>
						<coordinates>
							-110.5416859477534,55.06635461096306,0 -113.3514774249215,53.5593780992983,0 -116.4499655379685,53.59339523730857,0 -117.5694773336806,53.40477546928286,0 -117.8626129348042,53.23402560023478,0 -117.999993199745,53.13962029633964,0 -118.0809573862145,53.04315657697214,0 -118.0603651118155,52.96388160585424,0 -118.0876518257327,52.87302894356822,0 -118.4282068848048,52.89660949209791,0 -118.6158901621685,52.85688727951008,0 -118.8260224721155,52.91395920506967,0 -119.2212198190513,53.03524393117439,0 -119.3737927489527,52.95976604285293,0 -119.2642828074708,52.83987561066255,0 -119.1069149590079,52.59924612249157,0 -119.2609856401212,52.13541834173097,0 -119.7590162428685,50.94126755383497,0 -120.2906030407757,50.39379849427703,0 -120.9310585663045,49.99482890130557,0 -121.3903547933442,49.74407347029859,0 -121.4382641625663,49.38287480810306,0 -122.071909710015,49.14365092504088,0 -122.9266996679453,49.26521964994077,0 -122.9542014584941,49.28803580394179,0 
						</coordinates>
					</LineString>
				</Placemark>
				<Placemark id="006A208CDA406775DAEF">
					<name>Sumed pipeline</name>
					<description>Status: Operational
Route: Ain Sokhna terminal (Gulf of Suez) → twin 42-inch lines, ~320 km across Egypt → Sidi Kerir (Mediterranean, near Alexandria) — ~19.5 million bbl of storage in 28 tanks, SBMs serving tankers to 500,000 dwt
Owner/Operator: Arab Petroleum Pipelines Co — EGPC 50%, Saudi Aramco 15%, UAE 15%, Kuwait 15%, Qatar 5%; commissioned 1977
Capacity: ~2.5 million b/d; normal role — laden VLCCs too deep for the Canal lighten at Ain Sokhna, pump the difference overland, reload at Sidi Kerir
Recent: Flows surged after the March 2026 Hormuz closure and the July Houthi threat to Saudi ports — Yanbu crude bound for SUMED hit 1.8 million b/d in late July (+66% week-on-week, 46% of Yanbu exports); Bab el-Mandeb transits fell ~30% in a day; Asia-bound cargoes now load at Sidi Kerir and sail the Cape
Strategic role: The escape valve of 2026 — the one route that turns Saudi barrels into Mediterranean barrels without touching either chokepoint
Risks: Utilisation near the ceiling; the Yanbu→Ain Sokhna leg is itself within Houthi reach; single-country transit; Cape economics for Asian buyers; flows can collapse back as fast as they surged</description>
					<LookAt>
						<longitude>32.33991604469095</longitude>
						<latitude>29.66363795652754</latitude>
						<altitude>30.93555338953258</altitude>
						<heading>16.50276551516895</heading>
						<tilt>0</tilt>
						<gx:fovy>35</gx:fovy>
						<range>60827.07518829033</range>
						<altitudeMode>absolute</altitudeMode>
					</LookAt>
					<styleUrl>#op30</styleUrl>
					<LineString>
						<coordinates>
							29.67384348728239,31.03842348580901,0 32.34013685664577,29.6632277127853,0 
						</coordinates>
					</LineString>
				</Placemark>
				<Placemark>
					<name>TAL pipeline</name>
					<description>Status: Operational
Route: SIOT Trieste → over the Alps → Austria (AWP branch at Würmlach) → Bavaria, splitting at Ingolstadt/Vohburg: west to Karlsruhe (MiRO), east to Neustadt — the two ends of Bayernoil — with the IKL connection at Vohburg toward Czechia; 753 km, 13 pump stations
Owner/Operator: TAL Group (SIOT / TAL Österreich / Deutsche Transalpine) — OMV 32%, Shell 19%, Eni, ExxonMobil, Gunvor, Phillips 66, TotalEnergies, VAROPreem 9%, MERO 5%, Rosneft ~11% under German trusteeship
Capacity: ~43 Mt/yr design (~850,000 b/d), ~37 Mt actual; covers 100% of southern Germany&apos;s crude needs, 90% of Austria&apos;s, 100% of Czechia&apos;s
Recent: TAL-PLUS (completed April 2025, ~€44m of pump upgrades, no new pipe) raised Czech deliveries to 8 Mt/yr as Druzhba imports ended; in 2026, every barrel prices off the disrupted Mediterranean pool — freight and war-risk premiums set a thousand kilometres south
Strategic role: VAROPreem&apos;s umbilical — both Bayernoil sites sit at the eastern terminus; Europe&apos;s quiet single point of dependence
Risks: No substitute for three countries&apos; refining if Trieste stops; allocation tension as Czech volumes push utilisation toward the ceiling; Alpine transit; a trusteed Russian stake in the shareholder room</description>
					<styleUrl>#op30</styleUrl>
					<LineString>
						<tessellate>1</tessellate>
						<coordinates>
							13.76228349369942,45.64661359195608,0 13.85767312847591,45.61548374646001,0 13.26435795224233,46.07259942907043,0 12.96374937533919,46.67711969847841,0 12.11198020719152,47.60071153174676,0 11.46181430714684,48.80694359842674,0 8.336508657902893,49.0511784262862,0 
						</coordinates>
					</LineString>
				</Placemark>
				<Placemark>
					<name>Abu Dhabi Crude Oil Pipeline</name>
					<description>Status: Operational
Route: Habshan hub (Abu Dhabi, gathering the Murban system) → ~380 km east across the Hajar mountains → Fujairah terminal on the Gulf of Oman — seaward of Hormuz, inside one of the world&apos;s largest bunkering and storage hubs (incl. rock caverns)
Owner/Operator: ADNOC; commissioned 2012, explicitly as chokepoint insurance
Capacity: ~1.5 million b/d; loads Murban — the underlying of the IFAD futures contract, making Fujairah a pricing point beyond the strait
Recent: The reason the UAE outperformed every Gulf producer in 2026 — 82% of its 2025 export rate in May (Saudi 57%, Iraq 8%), plus a shuttle service to STS transfers off Oman; a second Fujairah line is planned to double capacity outside Hormuz
Strategic role: The cleanest chokepoint solution on the map — Saudi barrels need a three-link chain to escape both straits, Emirati barrels need one pipe; Fujairah&apos;s storage and futures infrastructure compounds the edge
Risks: 1.5 million b/d ceiling — everything above it still needs Hormuz; single corridor and terminal zone (Fujairah attacked 2019); congestion as the region&apos;s diverted volumes converge; the Gulf of Oman is beyond the strait but not beyond Iranian reach</description>
					<styleUrl>#op30</styleUrl>
					<LineString>
						<tessellate>1</tessellate>
						<coordinates>
							53.61652943762361,23.82677165684339,0 55.73844495787689,24.23826558587521,0 56.35414850314482,25.1987654300518,0 
						</coordinates>
					</LineString>
				</Placemark>
				<Placemark>
					<name>Trans-Sakhalin Oil Pipeline — Sakhalin-2</name>
					<description>Status: Operational
Route: Piltun-Astokhskoye and Lunskoye offshore fields → pipelines south across Sakhalin Island → Prigorodnoye complex, where gas is liquefied and crude loads by tanker
Owner/Operator: Sakhalin Energy — the Sakhalin-2 project, one of Russia&apos;s largest integrated offshore oil, gas and LNG developments
Handles: Sakhalin Blend — light, sweet, attractive to Asian refiners; produced alongside the LNG chain
Recent: Japan retains a specific US/G7 sanctions exemption for Sakhalin-related crude and LNG — Japanese utilities depend on the LNG, Mitsui and Mitsubishi hold minority stakes, and halting the crude would disrupt the whole chain
Strategic role: The sanctions carve-out of the Pacific — oil that keeps flowing because gas depends on it
Risks: Sanctions-policy change; single-complex concentration at Prigorodnoye; Far East winter operations</description>
					<styleUrl>#op30</styleUrl>
					<LineString>
						<tessellate>1</tessellate>
						<coordinates>
							144.1074789938756,51.89382377881079,0 143.0044430218798,52.13935974813346,0 142.3090114780793,47.48793494237542,0 142.9083036860729,46.63395468962762,0 
						</coordinates>
					</LineString>
				</Placemark>
				<Placemark>
					<name>OK1 pipeline</name>
					<description>Status: Operational
Route: Haoud El Hamra dispatch hub (near Hassi Messaoud) → ~645 km north across the desert and Atlas ranges → Skikda refinery and export terminal; 34-inch, in service since 1972 (sister lines: OZ1 to Arzew, OB1 to Bejaïa)
Owner/Operator: Sonatrach TRC; eight 51,200 m³ crude tanks at Haoud El Hamra; parallel NK1 condensate line to Skikda
Handles: Saharan Blend — light, sweet, ~0.1% sulphur, among the highest-quality export grades in the Mediterranean
Recent: Pump-station extension and renovation to raise capacity; in 2026, Algerian barrels are among the most logistics-advantaged in the basin — no strait, no canal, a two-day sail to Europe
Strategic role: The quiet winner of the map — field to Mediterranean water entirely within one country, in a year when the market prices routes over reserves
Risks: Ageing steel (sister OB1 needed 164 km rebuilt); single dispatch hub; mature Hassi Messaoud decline rates; desert transit security; domestic-refinery vs export allocation</description>
					<styleUrl>#op30</styleUrl>
					<LineString>
						<tessellate>1</tessellate>
						<coordinates>
							6.072725985520771,31.68076966457056,0 6.072464222170694,31.68182727170756,0 6.068266670113576,31.68531981330679,0 5.971641272361461,31.88943613148089,0 6.944895569667693,36.87937363293816,0 
						</coordinates>
					</LineString>
				</Placemark>
				<Placemark id="062176C7573EB75DB130">
					<name>Druzhba pipeline</name>
					<description>Status: Operational
Route: Almetyevsk (Tatarstan) → Samara → Bryansk → Mozyr (Belarus), splitting: north via Poland (Adamowo, Płock) to Schwedt and Leuna; south via Ukraine (Brody hub) to Slovakia (Slovnaft) and Hungary (Duna); ~5,500 km, in service since 1964 — &quot;Druzhba&quot; means &quot;friendship&quot;
Owner/Operator: Transneft on the Russian trunk; national operators per segment (Belarus, Ukrtransnafta, PERN) — every border a leverage point
Capacity: Northern branch designed for &gt;1 million b/d; southern branch low hundreds of thousands b/d
Handles: North — Kazakh-branded barrels to Germany (Poland and Germany quit Russian crude voluntarily in Jan 2023); south — Russian Urals under the EU&apos;s pipeline exemption
Recent: Its worst crisis in 2026 — the 27 January Brody strike cut southern flows for ~3 months; Slovakia declared an energy emergency, Hungary vetoed EU sanctions and a €90bn Ukraine loan until flows resumed 22 April; lasting consequence: permanent Adria expansion
Strategic role: The last Russian crude artery into the EU — simultaneously sanctions loophole, war target and veto generator
Risks: War damage with contested attribution; transit leverage at every border; the EU exemption is meant to be temporary; Urals-locked refineries; ageing Soviet steel; the 2019 contamination precedent — quality can be weaponised too</description>
					<LookAt>
						<longitude>29.25067063132974</longitude>
						<latitude>52.02993399437838</latitude>
						<altitude>198.1364416280397</altitude>
						<heading>0</heading>
						<tilt>0</tilt>
						<gx:fovy>35</gx:fovy>
						<range>11924.52108772472</range>
						<altitudeMode>absolute</altitudeMode>
					</LookAt>
					<styleUrl>#op30</styleUrl>
					<LineString>
						<coordinates>
							52.29990292501337,54.9052707640474,0 50.15033085955546,53.20489616269013,0 32.66743234438189,52.84439365501422,0 29.21733433700696,52.03704679591238,0 25.12070272207665,50.0683307387039,0 22.28998353156627,48.61991228708972,0 
						</coordinates>
					</LineString>
				</Placemark>
				<Placemark>
					<name>KMK pipeline</name>
					<styleUrl>#op30</styleUrl>
					<LineString>
						<tessellate>1</tessellate>
						<coordinates>
							66.98145714315959,24.815916462872,0 67.14734743286908,24.81963772205058,0 67.73295327411115,26.47880449382054,0 68.83708338390119,28.03609185838163,0 70.40505932917557,29.21893150688989,0 70.93583539950947,30.16690227205832,0 
						</coordinates>
					</LineString>
				</Placemark>
			</Folder>
			<Folder>
				<name>Submarine / export sea-lines</name>
				<Placemark>
					<name>Ras Markaz SPM Twin Subsea Lines</name>
					<description>Status: Operational
Route: The floating terminal ~7 km offshore → shore crossing → the Ras Markaz tank park; twin 42-inch pipelines, ~7 km at sea plus ~3.5 km on land
Owner/Operator: OTTCO (OQ group)
Handles: Crude in both directions by design — VLCC/ULCC discharges pumped ashore to the tanks today, with export loading capability built in; four main pumping stations drive the transfer
Strategic role: The umbilical of the whole Ras Markaz concept — the only physical link between the deep-draft mooring and the storage park
Risks: Twin-line concentration; open-coast subsea exposure; pumping-station dependence</description>
					<styleUrl>#op10</styleUrl>
					<LineString>
						<tessellate>1</tessellate>
						<coordinates>
							57.85,18.98,0 57.79999999999999,18.99,0 57.78,19,0 
						</coordinates>
					</LineString>
				</Placemark>
				<Placemark>
					<name>Es Sider submarine sea-line: tank farm -&gt; offshore SBM</name>
					<description>Status: Operational</description>
					<styleUrl>#op10</styleUrl>
					<LineString>
						<tessellate>1</tessellate>
						<coordinates>
							18.3503,30.6294,0 18.356,30.688,0 
						</coordinates>
					</LineString>
				</Placemark>
				<Placemark>
					<name>Samah/Dahra-Es Sider pipeline</name>
					<description>Status: Operational
Route: Samah and Dahra fields (Sirte Basin desert) → 32-inch line north → Es Sider terminal, Libya&apos;s largest oil port (~350,000 b/d export capacity); loads the flagship Es Sider grade
Owner/Operator: Waha Oil Company — Libyan NOC 59.2%, ConocoPhillips 16.3%, TotalEnergies 16.3%, Hess 8.2% — one of the last places US majors lift Libyan equity crude
Capacity: The Waha fields can pump ~300,000 b/d (recently ~285,000); the line, not the fields, sets the ceiling — shutdowns have cut national output by ~200,000 b/d at a stroke
Recent: NOC describes the line as dilapidated — leaks, no maintenance budget, blockades (2020, 2022), emergency repair shutdowns (2021, 2022); in 2026 every outage tightens the Med light sweet pool Europe leans on
Strategic role: An onshore chokepoint — one corroded 32-inch pipe in the desert moves a fifth of a country&apos;s production
Risks: Mechanical failure as the base case; militia and PFG action at both ends; force-majeure frequency; underinvestment locked in by fiscal chaos; the Gulf of Sirte cluster can be blockaded as a unit</description>
					<styleUrl>#op10</styleUrl>
					<LineString>
						<tessellate>1</tessellate>
						<coordinates>
							19.92222383965017,28.2988436855565,0 18.35009919981376,30.63009210825657,0 
						</coordinates>
					</LineString>
				</Placemark>
			</Folder>
		</Folder>
		<Folder>
			<name>Product Pipelines</name>
			<Placemark>
				<name>Muscat–Sohar Product Pipeline (MSPP)</name>
				<description>Status: Operational
Route: Mina al-Fahal refinery → the Al Jifnain terminal (the distribution hub serving Muscat and its airport) → along the Batinah coast → Sohar refinery and port; ~290 km
Owner/Operator: OQ (with the Al Jifnain terminal as the central distribution node)
Handles: Gasoline, diesel and jet fuel between the country&apos;s two northern refineries; jet supply toward Muscat International Airport
Strategic role: Connects Oman&apos;s two refining centres into one products system and cut thousands of tanker-truck movements off the coastal highway
Risks: Single products corridor for the capital region; coastal infrastructure exposure</description>
				<styleUrl>#failed4</styleUrl>
				<LineString>
					<tessellate>1</tessellate>
					<coordinates>
						58.5,23.63,0 58.1,23.55,0 57.89,23.68,0 57.44,23.85,0 57.25430385774065,23.89857247634136,0 57.10593266527156,23.96168935432249,0 56.85319846251176,24.1886756168036,0 56.62411109356334,24.46072202805168,0 
					</coordinates>
				</LineString>
			</Placemark>
			<Placemark>
				<name>MTT-WOP (Machike–Thallian–Taru Jabba White Oil Pipeline)</name>
				<description>Status: Planned</description>
				<styleUrl>#failed4</styleUrl>
				<LineString>
					<tessellate>1</tessellate>
					<coordinates>
						73.98999999999999,31.65,0 73.65000000000001,31.85,0 73.27,31.9,0 73,32.2,0 72.84999999999999,32.5,0 72.7,32.78,0 72.67,32.93,0 72.75,33.15,0 72.87,33.4,0 72.64,33.57,0 72.5,33.8,0 72.25,33.87,0 71.98,34.01,0 71.76000000000001,33.99,0 
					</coordinates>
				</LineString>
			</Placemark>
			<Placemark>
				<name>White Oil Pipeline (WOP)</name>
				<description>Status: Operational</description>
				<styleUrl>#failed4</styleUrl>
				<LineString>
					<tessellate>1</tessellate>
					<coordinates>
						67.348,24.78,0 67.65000000000001,24.92,0 68.28,25.43,0 68.05,25.9,0 67.87,26.35,0 67.78,26.73,0 67.95,27.15,0 68.20999999999999,27.56,0 68.64,27.96,0 69.09999999999999,28.3,0 69.58,28.65,0 70.09999999999999,28.95,0 70.33,29.1,0 70.44,29.29,0 70.63,30.05,0 70.937,30.169,0 
					</coordinates>
				</LineString>
			</Placemark>
			<Placemark>
				<name>KPLP (Korangi–Port Qasim Link Pipeline)</name>
				<description>Status: Operational</description>
				<styleUrl>#failed4</styleUrl>
				<LineString>
					<tessellate>1</tessellate>
					<coordinates>
						67.16,24.82,0 67.23999999999999,24.805,0 67.3,24.79,0 67.348,24.78,0 
					</coordinates>
				</LineString>
			</Placemark>
			<Placemark>
				<name>MFM (Mahmoodkot–Faisalabad–Machike Pipeline)</name>
				<description>Status: Operational</description>
				<styleUrl>#failed4</styleUrl>
				<LineString>
					<tessellate>1</tessellate>
					<coordinates>
						70.937,30.169,0 71.2,30.18,0 71.45,30.2,0 71.8,30.37,0 72.13,30.55,0 72.45,30.8,0 72.7,31.05,0 73.08,31.42,0 73.5,31.55,0 73.84999999999999,31.63,0 73.98999999999999,31.65,0 
					</coordinates>
				</LineString>
			</Placemark>
			<Placemark id="089231CDAD3ED2D9E710">
				<name>Mozambique–South Africa Petroleum Products Pipeline</name>
				<description>Status: Operational</description>
				<LookAt>
					<longitude>29.2292456491966</longitude>
					<latitude>-26.24425345884732</latitude>
					<altitude>1590.101526111981</altitude>
					<heading>0</heading>
					<tilt>0</tilt>
					<gx:fovy>35</gx:fovy>
					<range>135552.9490196519</range>
					<altitudeMode>absolute</altitudeMode>
				</LookAt>
				<styleUrl>#failed4</styleUrl>
				<LineString>
					<coordinates>
						32.49960800162238,-25.95937431606155,0 31.94044843041256,-25.45388269156171,0 30.9658917053511,-25.47056644272303,0 29.04486522022536,-26.05031795979596,0 29.15584442063949,-26.54838320055666,0 
					</coordinates>
				</LineString>
			</Placemark>
			<Placemark id="ADDRRB00000000000001">
				<name>Rostock–Böhlen product pipeline (RRB)</name>
				<description>Status: Operational
Route: Rostock oil port (GÖR terminal) → Leuna → Dow Böhlen cracker complex; ~430 km, up to 16-inch; in service since 1997
Owner/Operator: Dow Olefinverbund (Dow Chemical)
Handles: Naphtha, pyrolysis gasoline and condensate; also approved for pentane, benzene, crude (Rostock–Leuna) and C3+ LPG
Connectivity: Feeds the Böhlen naphtha cracker (ethylene and propylene for Schkopau and Leuna); part of Dow&apos;s ~1,300 km Central German network
Recent: Dow has applied to extend the approved cargo list to bio-based and recycled feedstocks (HVO-type and plastic-waste-derived)
Strategic role: The petrochemical twin of the Schwedt crude line — the second artery making Rostock the seaborne gateway for eastern Germany&apos;s refining and chemical industry
Risks: Single-line dependence for the Böhlen cracker&apos;s feedstock; cracker margin exposure</description>
				<styleUrl>#failed4</styleUrl>
				<LineString>
					<tessellate>1</tessellate>
					<coordinates>
						12.12,54.13650000000001,0 12.18,53.79,0 12.17,53.39999999999999,0 12.15,53.09999999999999,0 12.02,52.75,0 11.85,52.55,0 11.65,52.15,0 11.9,51.6,0 12,51.31999999999999,0 12.386,51.20200000000001,0 
					</coordinates>
				</LineString>
			</Placemark>
			<Placemark id="0D7B0B4A7E3F6266D6D6">
				<name>NATO pipeline</name>
				<description>Status: Operational
Route: The Central Europe Pipeline System (CEPS) — NATO&apos;s largest fuel network, linking ports, refineries, storage depots, military bases and major civil airports across France, Belgium, Luxembourg, Germany and the Netherlands
Owner/Operator: NATO (CEPS)
Handles: Refined products only — jet fuel, diesel, gasoline, naphtha; normally no crude
Strategic role: Built to secure military fuel supplies, used for civilian distribution in peacetime — a standing element of European fuel resilience and military logistics</description>
				<LookAt>
					<longitude>5.854738569503097</longitude>
					<latitude>49.50742331467529</latitude>
					<altitude>-7427.839759620156</altitude>
					<heading>3.279828452668359</heading>
					<tilt>0</tilt>
					<gx:fovy>35</gx:fovy>
					<range>1612162.811618149</range>
					<altitudeMode>absolute</altitudeMode>
				</LookAt>
				<styleUrl>#failed4</styleUrl>
				<LineString>
					<coordinates>
						4.921680785015545,43.43801509487142,0 5.114046333517912,45.61251176374816,0 4.848414688104381,45.67329867238519,0 6.066010544628362,47.23885261393072,0 8.336974643112791,49.05161535405065,0 4.326103875413474,51.257664035781,0 
					</coordinates>
				</LineString>
			</Placemark>
			<Placemark id="0218D2439F3FA009AC06">
				<name>TRAPIL pipeline</name>
				<description>Status: Operational
Refined productes pipeline (jet, diesel...)</description>
				<LookAt>
					<longitude>2.116542810498343</longitude>
					<latitude>49.45978821098234</latitude>
					<altitude>105.5190170022646</altitude>
					<heading>0</heading>
					<tilt>0</tilt>
					<gx:fovy>35</gx:fovy>
					<range>6313.104130049469</range>
					<altitudeMode>absolute</altitudeMode>
				</LookAt>
				<styleUrl>#failed4</styleUrl>
				<LineString>
					<coordinates>
						0.161741819663912,49.46591572736156,0 0.2355659154056977,49.48538082349847,0 0.551879070832999,49.47601521049219,0 1.021912843999624,49.40774866164431,0 1.485673673829357,49.0926376897902,0 1.716009287104956,48.99004917845182,0 2.184800725864973,48.90114397102835,0 2.077315151283288,49.03583418104252,0 2.133626700165048,49.23454375113567,0 2.112985984074953,49.45884771404089,0 
					</coordinates>
				</LineString>
			</Placemark>
			<Placemark>
				<name>RMR</name>
				<description>Status: Operational
Route: Venlo (Dutch border) → Dinslaken → Cologne-Godorf/Wesseling → through the Eifel and Hunsrück → fork at the Udenheim pump station: (a) Gustavsburg/Flörsheim/Raunheim for Frankfurt and its airport, (b) Ludwigshafen/BASF Oppau; 525 km, fully underground, nine pump stations
Owner/Operator: RMR GmbH, Cologne-Godorf (founded 1965); shareholders Shell, BP, Esso/ExxonMobil
Capacity: ~15 million m³ (~12 Mt) of products a year — some 400,000 road tankers
Handles: Diesel, gasoline, heating oil, jet and petrochemical feedstocks in sequenced batches; fed at Venlo by the RRP products line, topped up at Cologne by Godorf/Wesseling
Recent: €100m+ modernisation with a new Godorf control centre (2025); its supply-security role grows as German crude runs decline (Wesseling shutdown); the line ends at Frankfurt/Ludwigshafen — it does NOT reach Karlsruhe, Strasbourg or Basel
Strategic role: The counter-example to the Rhine chokepoint — pipeline-fed Frankfurt Airport and BASF held up through 2018, 2022 and 2026 while barge-only Strasbourg and Basel paid record freight; the boundary runs at Ludwigshafen
Risks: Single-system dependence for Rhine-Main jet fuel; 1991 Dinslaken rupture precedent; no physical extension south despite rising strategic weight</description>
				<styleUrl>#failed4</styleUrl>
				<LineString>
					<tessellate>1</tessellate>
					<coordinates>
						6.174867818002179,51.37953542437193,0 6.749927591934433,51.56118632689375,0 7.075220028374627,51.5359084628164,0 6.976116534255103,50.84150826881452,0 6.666817637192677,50.24101427919268,0 7.500632924231539,49.99425609593326,0 8.469313470358816,50.02423386065284,0 8.422760592683854,49.53538951499789,0 
					</coordinates>
				</LineString>
			</Placemark>
		</Folder>
		<Folder>
			<name>Maritime Routes</name>
			<Folder>
				<name>Crude-grade delivery routes</name>
				<Placemark>
					<name>Cold Lake Blend route</name>
					<description>Status: Operational
Crude: Cold Lake Blend
API: ~19.5–20°
Sulfur: ~3.5–3.9%
Type: Heavy, sour diluted bitumen
Origin: Cold Lake oil sands, Alberta — in-situ steam recovery, blended with diluent and moved toward Edmonton and the Trans Mountain system
Markets: Canada and the US; growing exports to the US West Coast and Asia via Westridge; Rotterdam is a representative route rather than the grade&apos;s primary destination
Used for: Heavy fuel components, asphalt feedstock and diesel in coker-equipped refineries
Pricing: Discount to WTI and Brent — density, sulphur and conversion costs; varies with pipeline space, freight and heavy-crude demand
Vessels: Aframax from Westridge; larger onward cargoes may need transshipment
Transit: ~30–40 days to Rotterdam via the Pacific, Panama, the Atlantic and the Channel
Risks: Pipeline congestion; diluent costs; Alberta wildfires; Vancouver loading limits; Panama delays; dense Channel traffic</description>
					<styleUrl>#msn_icon?color=1976d2&amp;id=2000&amp;scale=4010</styleUrl>
					<LineString>
						<tessellate>1</tessellate>
						<coordinates>
							-122.9503306837298,49.29256052822069,0 -122.9886787385938,49.297363373236,0 -123.03867969983,49.2945775599874,0 -123.1187771943973,49.30589433897714,0 -123.1461637179374,49.31678433038616,0 -123.3157237715666,49.29462827299921,0 -123.2464980090907,48.9980098556422,0 -122.7697388353561,48.77715346944888,0 -122.7262533890443,48.69318431566241,0 -122.7134233520914,48.64643781797013,0 -122.766813022603,48.60091286685455,0 -122.7448458719561,48.53580390159445,0 -122.7373946143586,48.46699870806302,0 -122.788949949047,48.37171004490007,0 -123.0738597137385,48.33852394621379,0 -123.6104329313314,48.21781843142938,0 -124.0226665501809,48.35882185193474,0 -124.8090046430334,48.49600452868943,0 -125.2559730440532,48.26864082113483,0 -124.9326941105553,43.25181559241435,0 -124.7298321360843,40.163632354479,0 -122.9891383352414,37.00777096312046,0 -121.1287351728574,34.0633036882848,0 -117.4796883128919,29.44701438068472,0 -113.5211494032913,24.44472706662589,0 -107.0012034434513,19.59265022955412,0 -99.55112964775307,16.21758790174492,0 -87.10416373764498,10.32904596717877,0 -81.84052082323973,6.910295955756708,0 -79.59441931371289,7.359359932307432,0 -79.39524412936809,8.49029399803949,0 -79.4695248540765,8.826030363233176,0 -79.51415873696435,8.880494748965363,0 -79.55894336755554,8.93668172027769,0 -79.56938900059953,8.949286554964212,0 -79.57131316453609,8.959602902474249,0 -79.57831828088172,8.971542480614055,0 -79.579988999511,8.980367983594668,0 -79.58344163249321,8.987693764917999,0 -79.58739403370637,8.993059078282316,0 -79.59182247435021,8.997079887036765,0 -79.59506934176406,9.000536286687664,0 -79.59734424778377,9.003243009184835,0 -79.60909088608125,9.014619458158132,0 -79.61054184414083,9.015402436572746,0 -79.61532422751816,9.019631849710239,0 -79.61765986322773,9.02178552777554,0 -79.62443328994713,9.025415008336486,0 -79.63293310583747,9.030791961886621,0 -79.6460599472026,9.041791602843256,0 -79.65862361248809,9.057312624870752,0 -79.67120068072187,9.068384158906449,0 -79.67781727868753,9.084156803372364,0 -79.68521064903999,9.097238479051525,0 -79.69160699741002,9.10686183948004,0 -79.70690233273524,9.114544448471269,0 -79.72880815802462,9.118780993741067,0 -79.74096714017257,9.120136587097305,0 -79.75094291740935,9.120895631887679,0 -79.76759732081263,9.115254755267697,0 -79.78161023468159,9.115739766057384,0 -79.80074069662993,9.120883678854696,0 -79.81329537941834,9.158103017485466,0 -79.82924064031904,9.175834266943784,0 -79.84104988967144,9.180545168661736,0 -79.84842589321721,9.18384084584538,0 -79.86232209927955,9.180804418826627,0 -79.88150987018969,9.189138949607367,0 -79.92315739342499,9.208923759716733,0 -79.92717351133284,9.233883456898416,0 -79.91050165982203,9.258714994413181,0 -79.91145478572123,9.265342129012668,0 -79.9130138124865,9.275865701709527,0 -79.91416143674375,9.283239129480517,0 -79.91548973236067,9.294067108574552,0 -79.91818445091312,9.323335490004402,0 -79.92052325692561,9.356054579522455,0 -79.91950705847452,9.387813465055899,0 -79.92371560742274,9.41122932776959,0 -75.43236281736988,17.8767968824456,0 -74.9145212339552,19.24660738961969,0 -73.20034219854234,20.47780946294285,0 -72.48892828571009,21.25510505572491,0 -72.70170199067319,21.99337795317785,0 -71.46748249382223,22.88127491368434,0 -42.29183723660715,46.95777899961297,0 -5.164429356850181,49.53607404515451,0 0.9447864265318651,50.74476889792429,0 4.132942043834631,51.94370740681838,0 
						</coordinates>
					</LineString>
				</Placemark>
				<Placemark id="0DBB3F106040213031C4">
					<name>Ekofisk crude route</name>
					<description>Status: Operational
Crude: Ekofisk Blend
API: ~38.8°
Sulfur: ~0.20–0.21%
Type: Light, sweet North Sea crude
Origin: Greater Ekofisk Area, Norwegian North Sea; transported through the 354 km Norpipe system to the Teesside Oil Terminal, United Kingdom
Markets: Mainly Northwest European refiners, including the United Kingdom, the Netherlands, Germany and France
Used for: Gasoline, naphtha, jet fuel, diesel, gasoil and petrochemical feedstocks
Pricing: One of the BFOET grades used in the Dated Brent benchmark; traded at a variable differential according to supply, refinery demand and freight
Vessels: Typically Aframax or Suezmax tankers loaded at the Teesside terminal
Transit: Around 1–3 days from Teesside to Rotterdam
Risks: North Sea weather, Norpipe or terminal outages, loading delays and congestion in the English Channel and Rotterdam approaches</description>
					<LookAt>
						<longitude>4.149534459514368</longitude>
						<latitude>51.94669074336426</latitude>
						<altitude>-1.519473491791824</altitude>
						<heading>0</heading>
						<tilt>0</tilt>
						<gx:fovy>35</gx:fovy>
						<range>28671.90825181548</range>
						<altitudeMode>absolute</altitudeMode>
					</LookAt>
					<styleUrl>#msn_icon?color=1976d2&amp;id=2000&amp;scale=4010</styleUrl>
					<LineString>
						<coordinates>
							2.911076805092712,56.76963028741567,0 -1.168152721554321,54.63734695072589,0 -0.3279124691368429,54.55358581764124,0 4.130196276137921,51.9493576412693,0 
						</coordinates>
					</LineString>
				</Placemark>
				<Placemark id="0CE1A26CAC402138B5D4">
					<name>Forties route</name>
					<description>Status: Operational
Crude: Forties Blend
API: ~42.1°
Sulfur: ~0.56%
Type: Light, medium-sulfur North Sea crude
Origin: UK North Sea fields; transported through the Forties Pipeline System to Dalmeny and exported from Hound Point, Scotland
Markets: Mainly Northwest European refiners, including the United Kingdom, the Netherlands, Germany and France
Used for: Gasoline, naphtha, jet fuel, diesel, gasoil and petrochemical feedstocks
Pricing: One of the BFOET grades supporting Dated Brent; value is adjusted for sulfur quality through the North Sea sulfur de-escalator
Vessels: Typically Aframax or Suezmax; Hound Point can also accommodate VLCC cargoes above 2 million barrels
Transit: Around 2–4 days from Hound Point to Rotterdam through the North Sea
Risks: North Sea storms, Forties Pipeline System outages, Hound Point loading delays, variable sulfur quality and congestion near Rotterdam</description>
					<LookAt>
						<longitude>4.272428319770761</longitude>
						<latitude>52.00483012429128</latitude>
						<altitude>-1.965189424344054</altitude>
						<heading>326.1306410518863</heading>
						<tilt>0</tilt>
						<gx:fovy>35</gx:fovy>
						<range>40011.55875130557</range>
						<altitudeMode>absolute</altitudeMode>
					</LookAt>
					<styleUrl>#msn_icon?color=1976d2&amp;id=2000&amp;scale=410</styleUrl>
					<LineString>
						<coordinates>
							-3.356181009372454,56.0072756934243,0 -3.143069616519386,56.01630370323091,0 -2.501747590983237,56.15451260494337,0 4.130799410605411,51.94944354803467,0 
						</coordinates>
					</LineString>
				</Placemark>
				<Placemark id="0D1381C8C640213F3148">
					<name>Johan Sverdrup route</name>
					<description>Status: Operational
Crude: Johan Sverdrup
API: ~28.0–28.7°
Sulfur: ~0.80–0.85%
Type: Medium, medium-sulfur North Sea crude
Origin: Johan Sverdrup Field, Norwegian North Sea; transported by a 274 km pipeline to Mongstad Terminal
Markets: Northwest Europe and Asia, including major demand from Chinese and other Asian refiners
Used for: Diesel, jet fuel, gasoil, fuel oil and other middle/heavy refinery products
Pricing: Assessed against Dated Brent; the differential varies with refining margins, freight and demand for medium-sour crude
Vessels: Typically Aframax or Suezmax tankers loaded at Mongstad Terminal
Transit: Around 3–5 days from Mongstad to Rotterdam
Risks: North Sea weather, pipeline or terminal outages, loading delays and congestion in the English Channel and Rotterdam approaches</description>
					<LookAt>
						<longitude>4.23385883573792</longitude>
						<latitude>51.9896468425425</latitude>
						<altitude>-1.342437630608421</altitude>
						<heading>0</heading>
						<tilt>0</tilt>
						<gx:fovy>35</gx:fovy>
						<range>43446.99073781725</range>
						<altitudeMode>absolute</altitudeMode>
					</LookAt>
					<styleUrl>#msn_icon?color=1976d2&amp;id=2000&amp;scale=4010</styleUrl>
					<LineString>
						<coordinates>
							2.099170268198662,59.00078377370205,0 4.844711446108905,60.84283480123754,0 5.027039607707393,60.81667100163991,0 4.836817720843445,60.84157951314158,0 4.635550344100561,60.71376640080043,0 4.135001774504474,51.94943400494363,0 
						</coordinates>
					</LineString>
				</Placemark>
				<Placemark id="0256BA5DAA40214A3860">
					<name>WTI Midland route</name>
					<description>Status: Operational
Crude: WTI Midland
API: 40–44°
Sulfur: Below 0.20%, typically around 0.08–0.13%
Type: Light, sweet U.S. crude
Origin: Permian Basin, mainly the Midland Basin in West Texas; transported by pipeline to Gulf Coast export terminals
Markets: Mainly Northwest Europe, the Mediterranean and Asia; Rotterdam is a major pricing and delivery hub
Used for: Gasoline, naphtha, jet fuel, diesel and petrochemical feedstocks
Pricing: Traded against WTI Houston and Dated Brent. Since 2023, qualifying WTI Midland cargoes have been included directly in the Dated Brent benchmark basket
Vessels: Usually Aframax or Suezmax from Texas Gulf Coast terminals; VLCCs may be used for larger export cargoes, sometimes after lightering
Transit: Around 14–18 days from the U.S. Gulf Coast to Rotterdam
Risks: Permian pipeline constraints, Gulf Coast hurricanes, terminal congestion, export-quality variation and dense traffic in the English Channel</description>
					<LookAt>
						<longitude>3.853531120987412</longitude>
						<latitude>51.89629626623521</latitude>
						<altitude>-19.72084454518799</altitude>
						<heading>0</heading>
						<tilt>0</tilt>
						<gx:fovy>35</gx:fovy>
						<range>105387.8634237126</range>
						<altitudeMode>absolute</altitudeMode>
					</LookAt>
					<styleUrl>#msn_icon?color=1976d2&amp;id=2000&amp;scale=401</styleUrl>
					<LineString>
						<coordinates>
							-94.79619732647615,29.35565974678772,0 -94.70674939873602,29.34160401425848,0 -80.01848112766386,24.77716459815412,0 -51.29572388033871,45.01403269393709,0 -5.283560155080528,49.6212484646782,0 0.9590478230107591,50.76923381833073,0 4.134642877007093,51.94239082545266,0 
						</coordinates>
					</LineString>
				</Placemark>
				<Placemark>
					<name>Azeri light route</name>
					<description>Status: Operational
Crude: Azeri Light
API: ~35.3–35.6°
Sulfur: ~0.18–0.20%
Type: Light, sweet
Origin: Azeri–Chirag–Gunashli fields, offshore Azerbaijan — BTC pipeline to Ceyhan, Türkiye
Markets: Mediterranean and European refiners (France, Italy, Croatia, Netherlands)
Used for: Gasoline, naphtha, jet, diesel and petrochemical feedstocks
Pricing: Variable premium or discount to Dated Brent on Mediterranean demand, freight and availability
Vessels: Typically Aframax or Suezmax loaded at Ceyhan
Connectivity: Route to Cressier — Ceyhan → Fos-sur-Mer → SPSE → Jura line → Cressier (VAROPreem); alternatively by sea via Gibraltar and the Channel to Rotterdam
Transit: ~5–7 days to Fos-sur-Mer; ~12–16 days to Rotterdam
Risks: BTC outages; Ceyhan loading disruption; Turkish and Mediterranean geopolitics; Gibraltar and Channel congestion; crude-quality contamination</description>
					<styleUrl>#msn_ylw-pushpin1</styleUrl>
					<LineString>
						<tessellate>1</tessellate>
						<coordinates>
							35.98573986277994,36.91702865915111,0 35.98798170504674,36.89021848134669,0 35.38945645570686,36.40383227883269,0 32.26778384422678,35.53730982776592,0 27.03265869534856,33.97909360704336,0 14.8267613294643,36.44194146480715,0 7.909933079273721,38.00634017522465,0 4.929033890896786,43.42592324667132,0 
						</coordinates>
					</LineString>
				</Placemark>
				<Placemark>
					<name>CPC blend route</name>
					<description>Status: Operational
Crude: CPC Blend
API: ~45.3°
Sulfur: ~0.56%
Type: Very light, sweet crude
Origin: Mainly Kazakhstan; transported by the CPC pipeline and exported from the CPC Marine Terminal near Novorossiysk, Russia
Markets: Mainly Mediterranean and Northwest European refiners; also Turkey and selected Asian buyers
Used for: Gasoline, naphtha, jet fuel, diesel and petrochemical feedstocks
Pricing: Usually trades at a variable differential to Dated Brent, depending on Mediterranean demand, freight and Black Sea supply conditions
Vessels: Typically Aframax or Suezmax tankers loaded through offshore single-point moorings
Transit: Around 10–14 days to Rotterdam via the Bosporus, Dardanelles, Mediterranean, Gibraltar and English Channel
Risks: Black Sea security, sanctions exposure, CPC pipeline or terminal outages, weather-related loading delays and congestion in the Turkish Straits</description>
					<styleUrl>#msn_ylw-pushpin1</styleUrl>
					<LineString>
						<tessellate>1</tessellate>
						<coordinates>
							37.83866262542833,44.70172183363285,0 37.78233206841498,44.62130735726012,0 29.16342885802764,41.26035180641154,0 29.09344075427948,41.18601197034901,0 29.05598115851148,41.15618596463646,0 29.08097648963082,41.12382241387383,0 29.06179810080314,41.10211276718537,0 29.06084926141548,41.08193506502225,0 29.0511086413556,41.07422035782206,0 29.0474337731847,41.05947319055024,0 29.02326277409781,41.03908594398175,0 28.99822475370595,41.02061494435501,0 28.97805425703837,40.98067354185026,0 27.45316023524605,40.71773285671058,0 26.76220272304491,40.43183618333448,0 26.68122661061559,40.387410381305,0 26.60481524815661,40.30827823231867,0 26.54197509455605,40.2807856651187,0 26.42831540067805,40.21246964918598,0 26.38376083024646,40.19799563117036,0 26.38874226979294,40.15525530186876,0 26.38285513368857,40.12142273290456,0 26.34803359634338,40.10227127483115,0 26.24591903070059,40.03196636562739,0 26.13234267820692,40.02329856409648,0 25.80818711183345,39.94311138978203,0 24.57044421667583,37.88268901932735,0 24.16102201452669,37.59292177151861,0 23.25186021693145,36.05883499954927,0 21.97655649699625,35.74861942367946,0 14.66385890180048,36.18289084899617,0 7.715136497917452,37.95882191503702,0 -5.603384900478875,35.96805290473436,0 -9.532116124433026,37.07871577959747,0 -10.19872497839157,40.53489472586042,0 -9.424093093846599,43.88303426596605,0 -4.594376652480006,49.38497170888705,0 0.9338252200021091,50.69135324681216,0 4.126426013151128,51.94546062464889,0 
						</coordinates>
					</LineString>
				</Placemark>
				<Placemark>
					<name>Sakhalin Blend route</name>
					<description>Status: Operational
Crude: Sakhalin Blend
API: ~45.5°
Sulfur: ~0.16%
Type: Ultra-light, sweet crude
Origin: Sakhalin-2 fields, Russian Far East; exported from Prigorodnoye Terminal
Main market: Japan, with additional sales to China and other Asia-Pacific refiners
Used for: Naphtha, gasoline, jet fuel, diesel and petrochemical feedstocks
Pricing: Usually assessed against Dubai/Oman or regional Asia-Pacific light-crude benchmarks
Vessels: Typically loaded on Aframax tankers at Prigorodnoye
Transit: Around 4–7 days to northern Japan, depending on destination and weather
Risks: Ice, severe winter weather, sanctions, payment restrictions and navigation constraints around Sakhalin and northern Japan</description>
					<styleUrl>#msn_icon?color=1976d2&amp;id=2000&amp;scale=42</styleUrl>
					<LineString>
						<tessellate>1</tessellate>
						<coordinates>
							142.9006456742749,46.61873747316218,0 141.5623691943156,45.49276719485507,0 141.3827071167546,45.03869695117476,0 139.4721651446526,42.60092986480934,0 140.0151955553191,41.32495482742858,0 140.6021420849281,41.44741676103369,0 140.8071754312673,41.61090640265814,0 141.6654629314855,41.56036331282692,0 142.2561649694888,39.7629968487598,0 142.0127049640764,38.39255839523572,0 141.1780298573978,35.63681179304683,0 139.9655120818732,34.78751613795448,0 139.6450273583489,34.95764014411917,0 139.7472986431494,35.21080849318149,0 139.77140697677,35.27834299979333,0 139.7433003865024,35.34031154840779,0 139.9907621055193,35.49544581553457,0 
						</coordinates>
					</LineString>
				</Placemark>
				<Placemark>
					<name>Arab Light &amp; Arab Super Light route</name>
					<description><![CDATA[Status: Operational
Crude: Arab Light & Arab Super Light
API: 32–36° / >40°
Sulfur: 1.3–2.2% / <0.5%
Type: Medium sour / very light sweet
Origin: Saudi Arabia — exported through the Ras Tanura and Juaymah terminals
Markets: Mainly Asia; additional sales to NW Europe, the Mediterranean and the US
Used for: Arab Light covers the full product slate; Super Light is prized for naphtha, gasoline, LPG and petrochemical feedstocks
Pricing: Monthly Aramco OSPs — European cargoes vs ICE Brent, Asian cargoes vs Dubai/Oman
Vessels: Usually VLCC; Suezmax depending on cargo size and routing
Transit: ~25–35 days to Rotterdam via the Red Sea and Suez; longer around the Cape
Risks: Hormuz disruption; Red Sea and Bab el-Mandeb security; Suez congestion; war-risk premiums; Cape rerouting]]></description>
					<styleUrl>#msn_icon?color=1976d2&amp;id=2000&amp;scale=42</styleUrl>
					<LineString>
						<tessellate>1</tessellate>
						<coordinates>
							38.2235246193138,23.94231259372149,0 38.0282302329905,23.96414629859088,0 37.70020921157674,24.02911398881566,0 36.96351596393912,24.51364829880196,0 34.39291538839353,27.37673517590693,0 33.68527327828495,27.89042446782199,0 32.98807075164327,28.66488331178985,0 32.57385019151319,29.55435598492914,0 32.54961454674182,29.90838019698255,0 32.55652033041477,29.92884351738388,0 32.56584196900741,29.93470552343399,0 32.57902170517404,29.94884125655324,0 32.58599504496573,29.96424752684204,0 32.58616466865184,29.98746984122631,0 32.57406048027882,30.04842688921985,0 32.57198505331025,30.06710063469729,0 32.57115613331147,30.09209022877146,0 32.56953763624596,30.1759302807739,0 32.56434065377973,30.19959356925848,0 32.54425751965725,30.23556382619178,0 32.5247451798833,30.25127289825281,0 32.50672302960047,30.26108824672934,0 32.45904581129373,30.27356647217642,0 32.4364416272234,30.28611431496632,0 32.40269221265987,30.32555797484324,0 32.36908552317167,30.376720154,0 32.36300242177953,30.40956406698428,0 32.35683009879892,30.44560341626349,0 32.35552254437275,30.46568674816457,0 32.34989877664137,30.49666421537222,0 32.33934941392614,30.54643269935801,0 32.33169342935201,30.58845315914269,0 32.33178310534191,30.60182751419818,0 32.33584007223112,30.61699489825859,0 32.34052323996645,30.63887205568179,0 32.3504072637022,30.67877358310123,0 32.35237838176911,30.69407698083245,0 32.35087877422725,30.71227207871713,0 32.34393965412421,30.72684466631457,0 32.33718131883878,30.7405801060872,0 32.33234619143612,30.75539528459786,0 32.32185744850749,30.79411385047086,0 32.31836767252459,30.80906177620657,0 32.31738110269568,30.8419568144092,0 32.31544666116933,30.88470390252139,0 32.31358069222352,30.96319539723703,0 32.30976216825098,31.05778108935652,0 32.30835674142792,31.0989617230401,0 32.31541473846298,31.12111679275451,0 32.32546261469425,31.15859002574101,0 32.33880898995957,31.20271363807505,0 32.35322311878177,31.2482524406039,0 32.36134317710033,31.31045371153951,0 32.22500594647733,31.83301431996582,0 30.25205430821753,32.39768727979695,0 26.97181683124436,33.6499877474124,0 19.24805081462737,35.33979757019226,0 14.53697826053478,36.12224000708837,0 7.802078828229357,38.07150048421929,0 -5.587689310341307,35.95388149618802,0 -9.491973442391972,37.08750625792904,0 -10.2460260660674,40.53549584470543,0 -9.559125372789772,43.94694001732616,0 -4.687187371061457,49.40157258736202,0 0.926249220056703,50.72609885444391,0 4.131288700889099,51.94646432414754,0 
						</coordinates>
					</LineString>
				</Placemark>
				<Placemark>
					<name>Hebron crude route</name>
					<description>Status: Operational
Crude: Hebron
API: 20.4–21.2°
Sulfur: 0.79–0.80%
Type: Heavy, medium-sulfur crude
Markets: UK, Netherlands, Italy, China
Used for: Heavy products, fuel oil and middle distillates
Pricing: Variable discount to Dated Brent
Vessels: Ice-strengthened Aframax shuttle tanker, then Aframax/Suezmax to Rotterdam
Transit: 9–12 days
Risks: Icebergs, Atlantic storms, loading delays and Dover Strait congestion</description>
					<styleUrl>#msn_ylw-pushpin00</styleUrl>
					<LineString>
						<tessellate>1</tessellate>
						<coordinates>
							-48.5016322771715,46.52187765556718,0 -53.21742554607993,46.51733064138211,0 -54.40093562430723,46.80433046032506,0 -54.17683041284073,47.2880566476038,0 -53.99735042767081,47.53314089619842,0 -54.02721072415163,47.67417863506727,0 -54.06046506217871,47.75781478461108,0 -54.04121842191557,47.77573115661169,0 -54.27766816713239,47.60664716285682,0 -54.32621462232103,47.53837754748707,0 -54.3401995698409,47.4756253940722,0 -54.39726704063496,47.41155261986535,0 -54.38417782745593,47.32004221483278,0 -54.41324554702255,47.1039360690365,0 -54.41269550194635,46.8999986551549,0 -54.45915197427255,46.76762196275514,0 -53.16453581714178,46.44583453334544,0 -52.12473739415892,47.53097366193131,0 -44.86546803687045,49.22719316371705,0 -5.397263130075883,49.63650384023535,0 0.9827366896922274,50.77585350845393,0 4.130505119722607,51.94587472523582,0 
						</coordinates>
					</LineString>
				</Placemark>
				<Placemark>
					<name>Saharan Blend route</name>
					<description>Status: Operational
Crude: Saharan Blend — a commingled export blend, not a single field
API: ~45°
Sulfur: ~0.1%
Type: Light, sweet
Origin: Algeria — blended from Saharan fields (dominated by Hassi Messaoud, gathered at Haoud El Hamra), exported through Skikda, Arzew or Bejaïa
Markets: Mainly the Mediterranean and NW Europe; additional sales to the Americas
Used for: High light-distillate yield — naphtha, gasoline, jet, diesel — plus petrochemical feed; minimal desulphurisation cost, ideal for simpler and mid-complexity refineries
Pricing: Monthly Sonatrach OSP as a differential to Dated Brent, frequently at a premium
Vessels: Usually Aframax; Suezmax for larger cargoes
Transit: ~2 days / ~450 nm from Skikda to Fos-sur-Mer; ~5–6 days to Rotterdam via Gibraltar
Risks: Low — no major chokepoints; Gulf of Lion mistral weather, port congestion, occasional Algerian loading or pipeline disruptions</description>
					<styleUrl>#stylemap_id020</styleUrl>
					<LineString>
						<tessellate>1</tessellate>
						<coordinates>
							6.939508765107738,36.88880302234791,0 6.597759024239593,37.60688030029786,0 5.79435056388273,38.80280264287649,0 5.192549632927312,40.50242277568254,0 4.938327436476548,43.38064883167617,0 4.901126363949658,43.41450603818715,0 
						</coordinates>
					</LineString>
				</Placemark>
				<Placemark>
					<name>Es Sider route</name>
					<description>Status: Operational
Crude: Es Sider — a commercial export blend named after its terminal, fed by several Sirte Basin fields
API: ~37°
Sulfur: ~0.4%
Type: Light, sweet
Origin: Libya — gathered from Waha, Gialo and other Sirte Basin fields, exported at Es Sider via offshore SBMs
Markets: Mainly the Mediterranean and NW Europe (Italy, Spain, France, Germany, Netherlands); occasional Asia sales
Used for: High gasoline and middle-distillate yield with low sulphur — suits Mediterranean and mid-complexity refineries
Pricing: Monthly NOC/Waha OSP as a differential to Dated Brent, with a Libyan political-risk element
Vessels: Usually Suezmax or Aframax, loaded offshore at the SBMs
Transit: ~5–6 days / ~1,300–1,450 nm to Fos-sur-Mer via the Strait of Sicily; ~7–9 days to Rotterdam via Gibraltar
Risks: Libyan political instability — field shutdowns, port blockades and force majeure at the terminal; militia risk; Strait of Sicily traffic</description>
					<styleUrl>#stylemap_id25</styleUrl>
					<LineString>
						<tessellate>1</tessellate>
						<coordinates>
							18.35596912396328,30.68834646924192,0 13.54114224798351,35.22509704572018,0 13.3339340684015,36.43726026793413,0 8.117250326889776,38.11726405364553,0 4.935933745798977,43.42443173647109,0 
						</coordinates>
					</LineString>
				</Placemark>
				<Placemark>
					<name>Girassol route</name>
					<description>Status: Operational
Crude: Girassol Blend — the commingled Girassol + Jasmim + Rosa stream processed on the Girassol FPSO
API: ~30°
Sulfur: ~0.34%
Type: Medium, sweet
Origin: Angola, deepwater Block 17 — exported directly offshore via a CALM buoy; no onshore terminal or pipeline
Markets: Mainly China (over half of Angolan exports) and India; material share to Europe (Spain, Netherlands)
Used for: Good gasoil and middle-distillate yield with low sulphur — suits complex NW European and Asian cracking refineries
Pricing: Variable differential to Dated Brent, in line with West African OSPs
Vessels: Suezmax to Europe; VLCC for Asia — vessel size drives the discharge port via draft limits
Transit: ~20–24 days / ~6,400–6,900 nm up the Atlantic to Lysekil; longer to Asia via the Cape
Risks: Gulf of Guinea piracy at loading; Atlantic and North Sea weather; VLCC draft limits. No Suez, Hormuz or Gibraltar transit</description>
					<styleUrl>#stylemap_id240</styleUrl>
					<LineString>
						<tessellate>1</tessellate>
						<coordinates>
							11.68003301331978,-7.649577622331934,0 -1.873013776979757,0.04630934251578204,0 -12.06806614713823,2.294516650441873,0 -17.9530775774571,6.433334333849768,0 -19.41022956915689,9.028844896546691,0 -20.10758865907178,9.701624060040059,0 -20.95851789014388,15.18023622844132,0 -21.910099231122,23.14525290950652,0 -19.37403363905658,32.64498855561517,0 -17.68375646879597,38.1182129512826,0 -14.5561826832905,41.62259646124227,0 -6.93492744323768,48.00313721776582,0 -4.864273874044693,49.49321026658558,0 0.9815128998333167,50.72562941224943,0 4.124782963109086,51.9479733615237,0 
						</coordinates>
					</LineString>
				</Placemark>
				<Placemark>
					<name>Dalia crude route</name>
					<description>Status: Operational
Crude: Dalia
API: 23.3–23.7°
Sulfur: 0.49–0.51%
Type: Heavy, sweet offshore crude
Origin: Dalia Field, Block 17, offshore Angola
Markets: Mainly China; also Spain, France and the Netherlands
Used for: Low-sulfur fuel oil, middle distillates and heavy refinery products
Pricing: Traded at a variable differential to Dated Brent; premium or discount depends on Asian demand, freight and refinery margins
Vessels: Loaded offshore from the Dalia FPSO, typically on Suezmax or VLCC tankers; Suezmax is suitable for Rotterdam
Transit: Approximately 17–21 days to Rotterdam
Risks: Offshore-loading delays, Atlantic weather, piracy risk in the Gulf of Guinea, and congestion in the English Channel and Dover Strait</description>
					<styleUrl>#stylemap_id220</styleUrl>
					<LineString>
						<tessellate>1</tessellate>
						<coordinates>
							11.76544131761719,-7.681535226026257,0 4.536441809271747,-2.835720222568552,0 -1.614842598021807,0.2763960812980644,0 -12.00129151352508,2.551203955325124,0 -17.70786186250704,6.581071791601223,0 -19.82995782259071,9.839589195019903,0 -21.61931288423892,23.43855453158856,0 -19.53481159370532,30.67855054242659,0 -17.52297741361756,38.04926625872795,0 -4.761200990858232,49.43662018052165,0 0.9701809793403537,50.74199319155846,0 4.131082550290229,51.9482318168594,0 
						</coordinates>
					</LineString>
				</Placemark>
				<Placemark>
					<name>Liza route</name>
					<description>Status: Operational
Crude: Liza — a single-development stream from the Liza Destiny FPSO (distinct from Unity Gold and Payara Gold)
API: ~32°
Sulfur: ~0.59%
Type: Medium, sweet
Origin: Guyana, Stabroek Block — loaded directly from the FPSO by ship-to-ship transfer; no onshore terminal
Markets: Predominantly Europe (~two-thirds of Guyanese exports in 2024); also the US and Asia
Used for: Strong middle-distillate, diesel and jet yield; low sulphur makes it a favoured IMO-compliant feed for complex European refineries
Pricing: Differential to Dated Brent (the &quot;Latin Dated Brent&quot; strip), recently around +$1.30/bbl
Vessels: Usually Suezmax; some Aframax, loaded offshore via tandem transfer
Transit: ~13–16 days / ~4,400–4,800 nm transatlantic to Lysekil via the Channel or north-about Scotland
Risks: North Atlantic and North Sea weather; Channel traffic density; the Skagerrak approach; offshore-loading weather windows. No piracy or chokepoint exposure</description>
					<styleUrl>#stylemap_id200</styleUrl>
					<LineString>
						<tessellate>1</tessellate>
						<coordinates>
							-56.9169407616409,8.017149440466609,0 -53.98962135433751,16.20685518031413,0 -35.64261635163013,39.94978219636562,0 -4.948882600512566,49.5367256147621,0 0.9926929166654497,50.74272144205962,0 4.131152803618104,51.94452678257312,0 
						</coordinates>
					</LineString>
				</Placemark>
				<Placemark>
					<name>Bonny light route</name>
					<description>Status: Operational
Crude: Bonny Light
API: ~32.9°
Sulfur: ~0.16%
Type: Light, very sweet Nigerian crude
Origin: Niger Delta; exported FOB from the Bonny Terminal, Nigeria
Markets: Mainly Europe and Asia, including the Netherlands, France, India and China
Used for: Gasoline, diesel, gasoil, jet fuel and vacuum gasoil
Pricing: Usually priced at a premium or discount to Dated Brent; during the March–April 2026 supply crisis, Bonny Light reached premiums of roughly +$7.50 to above +$10/bbl
Vessels: Typically loaded in standard cargoes of about 950,000 barrels, generally on Suezmax tankers
Transit: Around 14–18 days from Bonny Terminal to Rotterdam
Risks: Pipeline theft and sabotage, loading disruptions, Niger Delta security, Gulf of Guinea piracy, Atlantic weather and congestion in the English Channel</description>
					<styleUrl>#stylemap_id210</styleUrl>
					<LineString>
						<tessellate>1</tessellate>
						<coordinates>
							7.23601612836013,4.186051310318629,0 -2.029843047285954,2.486752225410701,0 -13.7248869146074,5.009875575122981,0 -17.12158071933448,8.2025552059473,0 -19.52891200513968,13.01695271688328,0 -19.9207342979282,20.26835459409283,0 -17.76730771128898,34.63708845652644,0 -16.97752476503559,38.14051706520546,0 -4.88973458264132,49.31169483701833,0 1.013132019619878,50.74425844742829,0 4.129293757455152,51.94558585600767,0 
						</coordinates>
					</LineString>
				</Placemark>
			</Folder>
		</Folder>
		<Folder>
			<name>Inland Waterways</name>
			<Folder>
				<name>Rivers &amp; canals</name>
				<Placemark>
					<name>Rhin River</name>
					<description>Status: Reduced
Route: Rotterdam (Europoort) → Duisburg → Cologne → Koblenz → Kaub → Mainz → Ludwigshafen/Mannheim → Karlsruhe → Strasbourg → Basel; ~800 km of navigable Rhine
Handles: Diesel, gasoline, heating oil, jet and chemical feedstocks moving inland from ARA refineries and storage; coal, grains, ores, containers
Connectivity: Feeds inland depots and refineries — Strasbourg&apos;s Rhine port and the Basel gateway supplying Switzerland and Cressier
Recent: Record low water in August 2026 — Kaub at ~21 cm on 3–4 Aug (lowest since records began in 1880), under 10 cm on 14 Aug; barges cut to about a third of normal cargo (~460 t vs ~1,200 t through Kaub); ARA→south Germany product freight up ~400% in two months; ~60 trucks to replace one 1,500 t barge; no return to normal expected before October
Strategic role: The physical link between the ARA pricing hub and inland demand — when the river drops, inland prices decouple from Rotterdam (2018: Rotterdam–Basel transport cost went from ~$5/bbl to over $35/bbl)
Risks: Recurring summer droughts (2018, 2022, 2026); Kaub as a single shallow chokepoint; limited pipeline and rail substitution for Switzerland and Alsace</description>
					<styleUrl>#msn_ylw-pushpin01</styleUrl>
					<LineString>
						<tessellate>1</tessellate>
						<coordinates>
							4.174254364833942,51.94933629072808,0 4.224463498358489,51.92839265940516,0 4.23970011763444,51.91658141455372,0 4.276754260663402,51.90106693133533,0 4.330533940305738,51.89465623333663,0 4.364791893576765,51.89932930036355,0 4.396398798430681,51.89630279011394,0 4.424438562556996,51.90158213800495,0 4.456309210142266,51.89955688560906,0 4.480243476884307,51.90464552994541,0 4.487416766246273,51.91167793086593,0 4.497478952685117,51.91750166240182,0 4.506007361009205,51.91692567815124,0 4.511160972355402,51.91523122515759,0 4.516486300808751,51.90860955510977,0 4.519666125654704,51.90168760806312,0 4.531847117656989,51.90088780900863,0 4.550936278890109,51.90544986092881,0 4.570970500326005,51.90370689784196,0 4.584225865935889,51.90132612167083,0 4.591529216611933,51.89558709359273,0 4.602662368396464,51.89207953241966,0 4.613510614262277,51.89047345429076,0 4.623377750771594,51.88485412253148,0 4.626111009345526,51.88101999379031,0 4.632431900508227,51.87274138741515,0 4.645118596386187,51.8641407703247,0 4.655237027981263,51.8559835627783,0 4.663465588847028,51.84720488701964,0 4.669750723551895,51.84242709335565,0 4.672967963171888,51.83838714168331,0 4.66897620041443,51.82937286266635,0 4.671720735510599,51.82176540145275,0 4.697252121573435,51.82282231361628,0 4.729936044997219,51.8229046124166,0 4.748572134621769,51.82190240289513,0 4.75692307267386,51.81921477173653,0 4.767771015100739,51.81535108980709,0 4.783200328371051,51.81476011686981,0 4.795330821976391,51.81671361915523,0 4.811225809222384,51.81942131655394,0 4.832909032429771,51.81877760288107,0 4.846013798234847,51.81887570559207,0 4.86797130792604,51.81734912657178,0 4.891141188675658,51.81999426036731,0 4.891914396286436,51.81979336053516,0 4.906971755360486,51.82504752384818,0 4.931709089764156,51.82808579032678,0 4.967865943731486,51.82363925540783,0 5.015966253673274,51.82095346291408,0 5.044684231966256,51.81804485242062,0 5.081487472846602,51.82713835538042,0 5.09875456742235,51.82559203051528,0 5.132655971225246,51.81329778794508,0 5.163111512324605,51.81719686532962,0 5.189205547363811,51.81350996962188,0 5.202093096209368,51.80947924074722,0 5.216004478451389,51.80991824301827,0 5.234949092528785,51.81498681814679,0 5.253842350896556,51.8183110787793,0 5.301187145571915,51.8238820806917,0 5.314889817383857,51.82275539205224,0 5.32400031437859,51.81790524763632,0 5.324927838256952,51.81760468834866,0 5.333174804845164,51.81066999452766,0 5.34140285392122,51.80511357567708,0 5.35295821092136,51.80392840217245,0 5.364167435748096,51.80637832164405,0 5.383248337544901,51.82526199682086,0 5.39719485805076,51.83575319234497,0 5.408399772443426,51.84271318512749,0 5.418971852720662,51.86133770008123,0 5.435093083079778,51.87743999471355,0 5.446740413742804,51.88493994666297,0 5.463742016510514,51.88858185527286,0 5.481845420455698,51.88940725016564,0 5.513204858667875,51.89021753142127,0 5.542020068238108,51.89773441524222,0 5.562936337531497,51.901804151764,0 5.582144969634914,51.90080529081111,0 5.601056338478485,51.89932442065258,0 5.619340022390724,51.8989015748466,0 5.637515297776807,51.89888187252767,0 5.66495791940959,51.89566192690314,0 5.685618363377635,51.89543809260955,0 5.702344675963835,51.89518969246139,0 5.708408603115607,51.89293250372324,0 5.709273745602117,51.89275939282538,0 5.727973197810867,51.88705849477812,0 5.744679603697178,51.88498337775986,0 5.772906476042392,51.87843319415345,0 5.802175518177592,51.87508290375388,0 5.832618174271569,51.86230418418863,0 5.853196920521484,51.85317793086503,0 5.874250137780662,51.85331036375001,0 5.888988294693966,51.86729450460336,0 5.902290690336138,51.87214102910461,0 5.926749150103685,51.8734600611831,0 5.926684372685836,51.87304970932126,0 5.937695789638251,51.8703124858457,0 5.947512775088441,51.86317211152931,0 5.959381267259614,51.85600402563083,0 5.973737522040102,51.8557571835839,0 5.984498186576285,51.86607074681051,0 5.992776526920631,51.87592557482532,0 6.001914774690302,51.88018844135563,0 6.010537818018244,51.88141042657535,0 6.017927104210772,51.88082182861509,0 6.025234228739766,51.87782144865712,0 6.033912826287073,51.873326299615,0 6.046400198280574,51.87001642919738,0 6.069884326340526,51.86309587409184,0 6.083355794039893,51.85531109432119,0 6.097319949688577,51.85027679725679,0 6.108079193427742,51.84792202869342,0 6.132808860452901,51.84719652891189,0 6.151356207728222,51.84436291247661,0 6.170045880499933,51.83938087384318,0 6.192815201008635,51.83223434856927,0 6.219885799802123,51.82809038591818,0 6.242374121771348,51.82759390613413,0 6.279787834147088,51.81459750034861,0 6.299237218180817,51.80629812106142,0 6.313837110340357,51.79831269907816,0 6.324603528407373,51.78178137444714,0 6.332785891089161,51.75999608077408,0 6.353753985889536,51.75531915255597,0 6.379330977629167,51.75385007222475,0 6.401957220969696,51.75436460776869,0 6.418065426579174,51.74927754818481,0 6.422584691353799,51.74221552337715,0 6.418420056121885,51.73434123843722,0 6.411354945607759,51.72845973311614,0 6.407730813145327,51.71993062124571,0 6.414983645622447,51.71271816260198,0 6.42962178574928,51.70877260577844,0 6.444442384512532,51.70756338215417,0 6.458214411991663,51.70364182737902,0 6.465044521532088,51.69596959155541,0 6.470791616672214,51.68546083160585,0 6.475158024312668,51.6751984799286,0 6.480032848275885,51.66799607907203,0 6.490019202668287,51.66321050646962,0 6.50949784951393,51.66088694408988,0 6.521143152106463,51.66261809325786,0 6.535716804951221,51.66057820480118,0 6.553262945264127,51.65829570877088,0 6.568112703573156,51.65910098502005,0 6.582662511622517,51.65957633368126,0 6.594044010574578,51.65609884805726,0 6.602655442233214,51.65001408617063,0 6.604996217842938,51.64176461818187,0 6.600479622143334,51.63554669588452,0 6.593087016313661,51.6302481234429,0 6.589124129647481,51.62388114055684,0 6.587785806805533,51.61663927747482,0 6.592959992928531,51.60711511149,0 6.596467352603943,51.59979982367633,0 6.599113837610824,51.5930216111031,0 6.599105635260925,51.58513760436499,0 6.596964235547793,51.57635609336772,0 6.600599085352719,51.57267327725533,0 6.603811444769969,51.57047252907692,0 6.615439933219365,51.56675642871949,0 6.625591828132078,51.56779679209113,0 6.635727181302016,51.57193333989307,0 6.653756515569469,51.57734397203753,0 6.671104204026966,51.57739959264261,0 6.681311663142937,51.57359130810812,0 6.686012364067766,51.56729037984478,0 6.684271127727113,51.55756911979007,0 6.678772592004176,51.54855213567736,0 6.675749874520962,51.53974152912067,0 6.677674001892216,51.53397331484177,0 6.691651280407673,51.52791133193855,0 6.70701596151976,51.52076421880201,0 6.708661391165755,51.51997344956954,0 6.709489037805598,51.51963142773005,0 6.710274332156705,51.51886382918095,0 6.719842408619813,51.51307429370319,0 6.720705531663411,51.49813899411287,0 6.708042852800668,51.49458434987736,0 6.695545600128172,51.49061507721213,0 6.682558036426578,51.48646051766949,0 6.682520548124575,51.48604408960687,0 6.681390052907736,51.48482206167987,0 6.682131862012159,51.47607079264162,0 6.695272655181208,51.47158663775021,0 6.714614567612641,51.46859873405851,0 6.722088124344694,51.46292487485581,0 6.723740022124998,51.45650063357085,0 6.716628942780649,51.44748492735691,0 6.712717230829155,51.44249530181985,0 6.712857179114815,51.43819175871288,0 6.716741087654396,51.43021687184115,0 6.725303551213118,51.42505318850694,0 6.73356872402306,51.41822656151877,0 6.743332034976244,51.41030397454249,0 6.745617389452246,51.40304621264944,0 6.743402033156816,51.39553659460377,0 6.74035608373341,51.39093733335166,0 6.733596661449813,51.38609983581689,0 6.71980481278357,51.37801017005945,0 6.706545244477276,51.37364954356474,0 6.68920037402289,51.37195834713087,0 6.679442872857997,51.37089146034112,0 6.670124926756491,51.36895704652585,0 6.662402248618373,51.36654286864329,0 6.65937288739628,51.36457338753912,0 6.654092016965453,51.35971952481448,0 6.654130819668104,51.3564494088459,0 6.658146082038458,51.34962123677604,0 6.685981101843856,51.34212258301594,0 6.710518032072432,51.33480688880634,0 6.725120981565138,51.32798430206945,0 6.73165592698316,51.32317156408704,0 6.734843686472476,51.31200581542835,0 6.732371969501258,51.3041082786061,0 6.722870641504404,51.29472423930715,0 6.706884931715054,51.27970965361872,0 6.702804191065401,51.27300945663126,0 6.703475558994471,51.26763753902429,0 6.712366749981191,51.26213569743715,0 6.752720270024892,51.25045868787068,0 6.763447013915624,51.24312333450013,0 6.768640328612527,51.23480940404613,0 6.766834337156745,51.2235631331141,0 6.760050317173009,51.2196652912437,0 6.744755292485252,51.2250027904123,0 6.736624892750529,51.22896697991364,0 6.726948236997801,51.22746959169077,0 6.7229229240712,51.22226012840654,0 6.725892827922626,51.2165460792294,0 6.731079059556093,51.20584639924911,0 6.730539898435783,51.1950340128746,0 6.732358727656738,51.18692130005687,0 6.741365801904844,51.18193390312963,0 6.753332067247975,51.18043088904214,0 6.774861463641435,51.18541456880504,0 6.788453764478897,51.18413176760195,0 6.793824892759996,51.18015435399258,0 6.79752422385447,51.17371698741347,0 6.797258445725824,51.16231050776276,0 6.793093341312098,51.15751641725437,0 6.792084737019513,51.15105962524511,0 6.795467686647321,51.14637227494568,0 6.804072612977501,51.14328339049293,0 6.811251772310635,51.14308268159802,0 6.818203904968312,51.14496489862189,0 6.826227914554643,51.15337297184151,0 6.83572786238182,51.1604587099615,0 6.843467376351207,51.16239585471391,0 6.850444316164772,51.16227852769515,0 6.856054578485821,51.15932673359656,0 6.857354851829958,51.15556443012147,0 6.85460866607432,51.1495997560319,0 6.848495912027561,51.14019774069878,0 6.850401389203366,51.13188240327452,0 6.857057771491828,51.12520189742885,0 6.870144494539736,51.11923234983228,0 6.879087371497219,51.11351763782331,0 6.884063419511078,51.10712008695296,0 6.880882419296981,51.09948860334149,0 6.878798935523514,51.09737482482635,0 6.868724640514263,51.09410710591912,0 6.857696262600093,51.08958585515037,0 6.853793348983159,51.08321819283773,0 6.854838390673484,51.07747040294399,0 6.864126626747171,51.07321594608737,0 6.880691821731311,51.06938185220618,0 6.896054760779964,51.06495218025069,0 6.92445984364316,51.05093785081961,0 6.956186075790902,51.03622803600216,0 6.970435657781269,51.02792407255333,0 6.974616435435122,51.02011786616703,0 6.96829540720832,51.00900581693175,0 6.962908811518506,51.00487797055155,0 6.96269689306612,50.99685589367913,0 6.969204926431695,50.98758805391475,0 6.98678679688083,50.98242885689483,0 6.997937105799375,50.9761393385998,0 6.998733290615071,50.97016327756128,0 6.992471765585879,50.96202343801077,0 6.977169128175628,50.95555942468812,0 6.96988322357361,50.94988004077289,0 6.966998078992006,50.94226612255007,0 6.967095271591974,50.93491485658865,0 6.972352317742532,50.92016943512576,0 6.980618345434799,50.90779887278219,0 6.993430591663454,50.89794081776432,0 7.014423152531442,50.89399096424535,0 7.033717920942745,50.89440680116861,0 7.045207801039886,50.89251055605425,0 7.051095191827789,50.88672947844047,0 7.050603527242345,50.87784738357816,0 7.041135154854552,50.87371173520805,0 7.026254364314058,50.86937632539401,0 7.016944982381965,50.86129481100542,0 7.003430068479384,50.85273716094247,0 6.983576522755879,50.84590653941066,0 6.979602171302379,50.83759421531349,0 6.982196002436978,50.82946410694979,0 6.993261810454106,50.8257795366932,0 7.010194753218473,50.8233343159586,0 7.022119315047942,50.82081424861197,0 7.028275798524836,50.81435037327482,0 7.030258836771807,50.80345966592414,0 7.034157660463343,50.78682858874257,0 7.053323091195701,50.77602832975698,0 7.091083643106133,50.76016739965114,0 7.103039434281191,50.75459689324878,0 7.109505423375621,50.74186642757176,0 7.116461671372267,50.72674143797884,0 7.137924322950033,50.71925723066866,0 7.162806981483794,50.70887196116772,0 7.175500964307959,50.689274771521,0 7.191255266495169,50.67046770136177,0 7.210990692017294,50.6486717108766,0 7.213343828574004,50.62023840590301,0 7.214029577264077,50.60340423717563,0 7.211281742154285,50.59370756700943,0 7.218849848851676,50.58474235353383,0 7.245124670710197,50.57997701933424,0 7.267751613881059,50.57319732820589,0 7.276013510938133,50.56493037621134,0 7.287305337055756,50.53613155759852,0 7.301787611215116,50.5150266584715,0 7.321401008988335,50.49597179267317,0 7.344632243835736,50.47541470184044,0 7.37633527195462,50.45172511247522,0 7.402611231999825,50.44362645181706,0 7.429936085096744,50.44365878903079,0 7.442710093938222,50.43936352222556,0 7.449855931636627,50.42968801479007,0 7.460169674173962,50.41638824033569,0 7.4770543387537,50.41140400928376,0 7.50593146795929,50.41400845059468,0 7.519317844849378,50.41890794877676,0 7.537449384792874,50.42151204519402,0 7.566848244262136,50.41362697586749,0 7.578441470048163,50.40429581556735,0 7.614648322149106,50.38079850882571,0 7.604324025313456,50.35172554839755,0 7.589497724860104,50.32460769689522,0 7.588993190551252,50.31526047529207,0 7.600680005780993,50.29957164427339,0 7.644203925768689,50.27032586775046,0 7.651720159234429,50.25673591046342,0 7.64381728623542,50.24733960795313,0 7.621118542285055,50.24782367639257,0 7.594618315627448,50.2494379996083,0 7.583328892735723,50.24618963287718,0 7.57950261312523,50.24120051540123,0 7.586435280349861,50.23371771016152,0 7.599504697538963,50.23226750432056,0 7.615142296170894,50.22647866320892,0 7.620503739322755,50.21606285731218,0 7.642112206729392,50.20435382705807,0 7.645461049348583,50.19166563399991,0 7.645579413204439,50.18017282529396,0 7.661517489272402,50.1732949183479,0 7.6908785412606,50.16952899439378,0 7.702499941941642,50.16460325954655,0 7.7117494766734,50.15406452647305,0 7.724603860733279,50.14808831704847,0 7.724818749565907,50.14078336329138,0 7.729040839487746,50.13778254593643,0 7.736910060107234,50.13589408704863,0 7.737425196785209,50.1337697139717,0 7.738494027479319,50.12957493438086,0 7.735595697761113,50.12460416514146,0 7.729119354573259,50.12064947766787,0 7.723988747969075,50.11691320489469,0 7.722899606485274,50.11377825190815,0 7.726183876356776,50.11049510032388,0 7.742449792147368,50.10195968923964,0 7.761335248553022,50.08543641511333,0 7.772545688617489,50.07493928901632,0 7.773722878733276,50.06005863603062,0 7.776489599130181,50.05462400853441,0 7.79756583514356,50.04272836789297,0 7.820454512324108,50.02750543220213,0 7.837991871616623,50.0187571553245,0 7.852324836022582,50.01277649388261,0 7.858839690629629,50.00458649748121,0 7.865005546072568,49.98275880162133,0 7.872254581018039,49.97662266229584,0 7.879360337417762,49.97378393742049,0 7.894725426363197,49.97242045000053,0 7.91501174979749,49.9725719300629,0 7.935706785569057,49.97192956136158,0 7.966204959956775,49.97793978281031,0 7.992070045142505,49.98574503585338,0 8.018293224040278,49.99557818187967,0 8.040985227364006,50.0054003218047,0 8.065616977836038,50.00618700101475,0 8.092285694033166,50.01168456617273,0 8.112939127236402,50.01853215128327,0 8.136450301328848,50.0256752628454,0 8.176241508890712,50.0343972617589,0 8.213036308703352,50.03806117573926,0 8.228288223003551,50.03668826907724,0 8.239550263327782,50.03348665735587,0 8.24466023920418,50.02882275159931,0 8.265495397451211,50.01493063122495,0 8.274904986661976,50.00819641388793,0 8.285689389660398,49.9964616238446,0 8.305431054704762,49.98515141461024,0 8.327125590644339,49.97002762711462,0 8.342451667532849,49.95011214852493,0 8.343268542601056,49.94031055420484,0 8.349103000552807,49.92827638628421,0 8.355324077297956,49.9181400132233,0 8.354050652747709,49.90844119395006,0 8.344789761785956,49.89532865286216,0 8.340686796642199,49.88523559088406,0 8.344710302598287,49.87458990225986,0 8.351022506414644,49.86869291886071,0 8.357880823421514,49.86324774942169,0 8.365092662327495,49.86293787506187,0 8.374467168309561,49.86122446946796,0 8.382638698831739,49.85782383955228,0 8.384874268316091,49.85242038163462,0 8.380342531726006,49.83690195392523,0 8.377234314446909,49.82599751798183,0 8.383369226423579,49.8177788258493,0 8.400812326127738,49.80409946312844,0 8.407487124463726,49.79470184433925,0 8.413465764933061,49.78447768801031,0 8.41499221015896,49.77539192665128,0 8.423456600715642,49.76843789636473,0 8.436334723063297,49.76541796326391,0 8.461262817768983,49.76841740484197,0 8.472593051257988,49.76864133995645,0 8.47861792875589,49.76542308293195,0 8.480118955514177,49.76175232314215,0 8.47796301596545,49.75644054941272,0 8.467154891204675,49.7503624361322,0 8.453070125356383,49.73957730951198,0 8.441485636017402,49.72453095260639,0 8.423316687516117,49.71649900084267,0 8.386356477278458,49.7084660498516,0 8.369388954112429,49.70221312984423,0 8.359819323220513,49.69673378074557,0 8.356562279640594,49.68827297940929,0 8.355331121499837,49.67977088165725,0 8.36187717262975,49.66673386517985,0 8.371064578054488,49.65658977532079,0 8.38028770033298,49.63060625012393,0 8.391525811483449,49.61705694604714,0 8.401163490849179,49.61124437588584,0 8.410158493855779,49.60506080362201,0 8.413350521148786,49.59541072428388,0 8.419057951212448,49.58832608664125,0 8.424051211372355,49.58146662538805,0 8.422511208139978,49.57519087956556,0 8.417764424494269,49.56915642855017,0 8.413943738230383,49.56199413148631,0 8.414030304417302,49.55562756072898,0 8.422322444588348,49.54382892706149,0 8.42222412508371,49.54377586568775,0 8.427045332237235,49.5310943699632,0 8.437753267173454,49.5070376663425,0 8.442870142154719,49.49166705274001,0 8.450633438232648,49.48502391335716,0 8.461290934272586,49.4752477896144,0 8.464151207283827,49.4701113239763,0 8.462702481485163,49.4656359531864,0 8.454288767218225,49.46345657234754,0 8.445815274574919,49.46024404443273,0 8.441713957555919,49.45675971596118,0 8.443413824070348,49.44915380554793,0 8.44856149339317,49.44601676413966,0 8.458168641795403,49.44339780278046,0 8.484809785824861,49.44378325770115,0 8.493164302798551,49.44353109154248,0 8.498515286575605,49.44268774662287,0 8.503903697349962,49.44074920551332,0 8.506926386528797,49.43790519317027,0 8.508146732420576,49.43230885128518,0 8.497007698729544,49.40996505445892,0 8.496669961644685,49.40017717762361,0 8.50029055076128,49.39047792519412,0 8.501542516492806,49.38040577497074,0 8.499676612572934,49.37140721816893,0 8.496552714416099,49.36400409747445,0 8.485237271564468,49.34983827983068,0 8.477092999284432,49.3442264870698,0 8.459248033982414,49.33470643209805,0 8.452749494237967,49.32907089340354,0 8.450404339689573,49.32144623164804,0 8.453684812158981,49.31539130168971,0 8.461567030804105,49.31232848126237,0 8.474131067709624,49.30940709784012,0 8.483125714065016,49.30584115042551,0 8.489153057467238,49.29784308242879,0 8.488029048655331,49.29035616406072,0 8.483737682763731,49.28705906921128,0 8.479831059332623,49.28574223294936,0 8.469067763619842,49.28426129378461,0 8.454225265046604,49.27544649332197,0 8.445038279771781,49.26618540649665,0 8.432130944506262,49.25881591892935,0 8.416607621544019,49.25134513627093,0 8.39814405383698,49.24289839799513,0 8.388199361010075,49.23269678494751,0 8.387132111540456,49.22976148324503,0 8.385451846493876,49.21743787279987,0 8.386782405846812,49.21003326069651,0 8.383877920610932,49.19554272984528,0 8.381442463941616,49.18657320187112,0 8.374857117479095,49.17801474424044,0 8.368058918839791,49.16860737452431,0 8.36802670439342,49.16125137489492,0 8.372021354970942,49.15475281101605,0 8.371330881735815,49.14639396868013,0 8.36923509271095,49.13686870697374,0 8.363229051530055,49.1149747415807,0 8.357955708357725,49.09790280859131,0 8.346754490735428,49.08573207420861,0 8.323399612808572,49.06753071473331,0 8.308816234954277,49.04950713597795,0 8.302731033411117,49.03466426379623,0 8.2979817045878,49.01457042506963,0 8.28822377372383,48.99943378369335,0 8.277047134961162,48.98902901526473,0 8.252645513108391,48.97637733737614,0 8.243026410583385,48.97110268797746,0 8.230189663494309,48.9661231334391,0 8.210724798286098,48.96168132605435,0 8.20095237289523,48.95965317614738,0 8.197370211069185,48.95756143620145,0 8.193439860222123,48.95431279926913,0 8.189330006092025,48.94897388320119,0 8.181678589980885,48.93761313697803,0 8.17202097700685,48.92868290742909,0 8.161194736838961,48.9182681636962,0 8.153104158503597,48.90876858099717,0 8.148598183448977,48.90472275223155,0 8.140420954387457,48.89602263525319,0 8.134550047156932,48.88796777886034,0 8.123734255102377,48.8694577666253,0 8.116315868214416,48.85457986288979,0 8.112733793113398,48.84700585414801,0 8.110547226273848,48.84315634589269,0 8.106377916002558,48.83846796538101,0 8.102827145444797,48.83210079722886,0 8.104096302548848,48.82761072792115,0 8.104774859388947,48.8193339964514,0 8.079916822429764,48.79648235914483,0 8.066931133306184,48.79022778891412,0 8.051824050695526,48.78970371481405,0 8.041811998240068,48.79048502241826,0 8.029810842921547,48.78770427660893,0 8.025511520621155,48.78160149666369,0 8.02169027787423,48.76723259678714,0 8.016553460610499,48.76217562730582,0 8.007007781940029,48.75890011642732,0 8.000283097684687,48.75839649881,0 7.989924519102873,48.76057454043717,0 7.981888752853738,48.76127543033906,0 7.975188486821658,48.75996287645147,0 7.969786022593601,48.75533114066877,0 7.967202411748957,48.74676663688597,0 7.967797884616951,48.73705128085995,0 7.967494674358031,48.7279933827887,0 7.962386709602683,48.72180514337092,0 7.943761302279775,48.70582100392635,0 7.933128116927279,48.70078181382333,0 7.923050329196877,48.69521355442612,0 7.914517321678782,48.68813634257185,0 7.902084183499081,48.67769970034423,0 7.901219554964491,48.67220212242977,0 7.89014481225178,48.66298875262463,0 7.86793534910271,48.65349508343949,0 7.848538177262069,48.64770397922749,0 7.841990914314232,48.64364903966395,0 7.835189385909064,48.63201354343632,0 7.831088779223316,48.62157466257617,0 7.821962298706158,48.61087298603447,0 7.810308474876068,48.5981619023564,0 7.801994662909964,48.58850894847503,0 7.800785631361546,48.58324373616908,0 7.800636214571246,48.57770888189468,0 7.803173247892811,48.56859923963544,0 7.804380647751166,48.55821140232632,0 7.803748554338215,48.55485578865169,0 7.802103337861621,48.55370701953304,0 7.799166020224401,48.54537982324004,0 7.797989676456208,48.535961586121,0 7.796957872207866,48.52781867717122,0 7.795358700894535,48.52209135260279,0 7.789805559075513,48.51251654530197,0 7.777958747398001,48.50027580756448,0 7.774511507787736,48.4952555365728,0 7.767696620146092,48.48894065595017,0 7.767242998874167,48.47755813496267,0 7.766225210218072,48.46204725562169,0 7.760171412469637,48.44518591157593,0 7.754557914376477,48.43485187175385,0 7.744098463261078,48.4180650410353,0 7.736890781564252,48.41307461259458,0 7.728431981507073,48.40369396358557,0 7.723803007408003,48.39298740938263,0 7.720257435706348,48.38414170687742,0 7.722212786231923,48.37637175974273,0 7.724062132604443,48.36883632004524,0 7.731329710251929,48.3630487290026,0 7.738169887116609,48.35569549714536,0 7.743362351442857,48.34310688052401,0 7.745434845496051,48.33124849835739,0 7.74461439443674,48.32653242343095,0 7.739617475418057,48.3210422813864,0 7.732908415066364,48.3174829918891,0 7.719984030901892,48.31402834270363,0 7.703868900626134,48.30984668373403,0 7.698294049191247,48.30887083816068,0 7.689155160299261,48.30532483638037,0 7.683544629421355,48.30118141794917,0 7.680928022398142,48.29527119664783,0 7.680198635112112,48.28789710725819,0 7.675559746592677,48.27044159749708,0 7.671657742902198,48.25714814047785,0 7.669439977740023,48.24794459858362,0 7.665667016457862,48.23478711447748,0 7.659683443200709,48.22507792636008,0 7.651817587184897,48.21631436541514,0 7.64458152182603,48.20836785173596,0 7.639057287092754,48.19979248019154,0 7.631257549087689,48.18601640189603,0 7.624455998665354,48.17833242135486,0 7.616953735503866,48.17261955239779,0 7.607750286733337,48.16709740565707,0 7.597573845822989,48.16265168879016,0 7.584139110800423,48.14458985458748,0 7.577694608425296,48.13307133831493,0 7.571191188641977,48.12215037271947,0 7.569535609177835,48.1158743748687,0 7.571790331329979,48.10847323653401,0 7.577950555002069,48.10213460854155,0 7.5742357102465,48.09123330768993,0 7.569840317258382,48.0858076361969,0 7.56993662055576,48.07800398333636,0 7.572622537006071,48.06270338075817,0 7.573144270512728,48.05296872263554,0 7.570045986194545,48.04112487388422,0 7.567787302781641,48.03468217422904,0 7.566497874172016,48.02873186300625,0 7.572847093367596,48.02321614266885,0 7.591835393205182,48.00793469408765,0 7.603913970351011,47.99718946570806,0 7.608464875350256,47.9912172349139,0 7.611727742230898,47.98429749522329,0 7.612570694057858,47.97856660197303,0 7.612097743913071,47.97191110477209,0 7.611040053663947,47.96772662621692,0 7.610572898333787,47.96575021499962,0 7.603965722855513,47.95703959676936,0 7.588057810185629,47.94357557464137,0 7.582080318407995,47.93810519789507,0 7.57734575504851,47.93207191575909,0 7.575094364252378,47.92635226719192,0 7.574289977919655,47.9212121287661,0 7.566027042509238,47.90023474414494,0 7.562020172880946,47.89247706254087,0 7.557043650382356,47.88623249028701,0 7.554344163549567,47.88198007912114,0 7.55143025330729,47.87624431985681,0 7.552312121401899,47.8650241067269,0 7.554379499142798,47.85427873583988,0 7.555923460042808,47.84497403391345,0 7.55425414190265,47.83866267942862,0 7.549834155382023,47.83085570519803,0 7.544433346170889,47.82024280285952,0 7.541965681978424,47.81277373381797,0 7.537580418605174,47.80620272509088,0 7.529655380439801,47.79433661838335,0 7.525148683757124,47.78492111652984,0 7.525267340527513,47.7778366918622,0 7.528919464759626,47.75777535322955,0 7.53119902558401,47.75438720159377,0 7.534914908432031,47.74695408131809,0 7.539498201221326,47.73896485597307,0 7.540707899674555,47.73167522411119,0 7.53768564785169,47.72574206277734,0 7.53156559105113,47.72072328581619,0 7.523576897249975,47.71472985796638,0 7.516194462198382,47.70935679486643,0 7.512005313582605,47.70654672512887,0 7.509260532197029,47.7026442357072,0 7.507985944791928,47.6981780077987,0 7.510396058746577,47.69071821848424,0 7.514046780013048,47.68269534115185,0 7.512857333700524,47.67693033341694,0 7.513274623156454,47.66933562547534,0 7.515203605231586,47.66372581025612,0 7.518502346446912,47.6581140265716,0 7.538839337434937,47.64114329561818,0 7.566122431838213,47.61947037428829,0 7.579384569605652,47.61293559024033,0 7.590467715391281,47.60616213817609,0 7.593292158043461,47.59865361024217,0 7.590621992568174,47.59259392498327,0 7.586336333390675,47.58602088095595,0 7.584281141185856,47.57959715660045,0 7.585315040931793,47.57272239065929,0 7.584576905828293,47.5668296640077,0 7.589841671393039,47.55964651231996,0 7.596731744797958,47.556338685863,0 7.60655554217597,47.55646208373176,0 7.616853601593522,47.55822416458705,0 7.632360751340519,47.56189008123404,0 7.63766980913319,47.55853654310368,0 7.642614123749338,47.55547645825003,0 7.647390651748466,47.54979491402047,0 7.653469163299008,47.54660212618737,0 7.658153527829259,47.54595687050476,0 7.66224650951038,47.54397916185618,0 7.665253806924253,47.53809236002981,0 7.671868115058913,47.53475130154916,0 7.685942789582249,47.53225064969505,0 7.69392497090389,47.53292133420248,0 7.700713326053849,47.53457835428742,0 7.703229695528082,47.53662415971963,0 7.713094179057263,47.53967462423235,0 7.71759814702153,47.54187099836096,0 7.73054511602608,47.543064409759,0 7.74663240886732,47.5443011591997,0 7.753524068044593,47.54518510555878,0 7.757394231446487,47.54896557662699,0 7.770056722509113,47.55174572683019,0 7.776985775565399,47.55263500601785,0 7.781605433751388,47.55360692297388,0 7.792347010872584,47.55614296748993,0 7.798809532746944,47.56125835822549,0 7.801140893224455,47.56427352322967,0 7.806641050323584,47.56664913703897,0 7.811667140077554,47.57052649550477,0 7.814082554507822,47.57904130011644,0 7.816654906678353,47.58445985309774,0 7.819041177609128,47.58719529875052,0 7.822585187582916,47.58783151182287,0 7.829149919792052,47.58768376020249,0 7.833827989597062,47.58586392679264,0 7.836976390960899,47.58367545335368,0 7.840472436671606,47.58231589166402,0 7.847871546396821,47.5827652093516,0 7.855516445610037,47.58556389955398,0 7.860299747011805,47.58774356306735,0 7.865725041720529,47.58875716168882,0 7.873641841448649,47.58874315098713,0 7.880362712558573,47.5883597811934,0 7.887272295091545,47.58844979995808,0 7.893235785761005,47.58652705311808,0 7.898158585976434,47.5842428838771,0 7.904492767245889,47.58046298229544,0 7.907437528490719,47.57642207708861,0 7.910653978548376,47.57159158864898,0 7.910969112487701,47.56859222003786,0 7.91076960062485,47.56536581089654,0 7.908050389873143,47.56166010686994,0 7.908602998894725,47.55709819187117,0 7.91095760305941,47.55235419706552,0 7.915029390308741,47.54889740992021,0 7.920997120028033,47.54694139218785,0 7.931531308189903,47.54684791624898,0 7.9353145196866,47.54678240366824,0 7.941376393987662,47.5445314385588,0 7.947248544434238,47.54519775339161,0 7.950056670882231,47.54726890222963,0 7.95105136719193,47.55306074354958,0 7.956548040488753,47.55711737018968,0 7.96070935382259,47.55813524210654,0 7.96809971323529,47.55639946147258,0 7.977247795422901,47.55565472950638,0 7.993917377126129,47.55633623717236,0 8.002956640890888,47.55611643702206,0 8.011188927824829,47.55316414640602,0 8.015953492459717,47.55061695198626,0 8.020647119302966,47.55014065246834,0 8.025545898887749,47.5514126295181,0 8.035896008130432,47.55248274586065,0 8.049045898044778,47.55732713044245,0 8.05573314337664,47.56084995917668,0 8.059805927868259,47.56393503806207,0 8.061032641765822,47.56340403154471,0 8.063168954185906,47.56337303012221,0 8.069041677432129,47.56430862909694,0 8.073311870489004,47.56294015674313,0 8.077932697889638,47.5598499712004,0 8.084345288297417,47.55728371266252,0 8.093059864715165,47.55878295880672,0 8.0975091778643,47.56110900660712,0 8.100118425097435,47.56360395843499,0 8.102026877037895,47.5685996322571,0 8.101987392514925,47.57459372898333,0 8.104498635535096,47.57855754467981,0 8.108289585063348,47.58164811715296,0 8.111699900976594,47.58340045701163,0 8.11749239562905,47.58382765414365,0 8.12461220837298,47.583468554834,0 8.131130508336447,47.58384086586288,0 8.133573743178191,47.58355776812316,0 8.137720864013891,47.58452153017496,0 8.137770486963621,47.58767274242313,0 8.137507014890202,47.59015615213896,0 8.14354448287042,47.59321619135928,0 8.149108213603046,47.59572275919225,0 8.152738870448353,47.59575821790203,0 8.156162570152134,47.59446970093988,0 8.159460048809301,47.59374807121197,0 8.165419540365921,47.59424536166343,0 8.169678230633174,47.59686896995019,0 8.169492097115416,47.59699350912814,0 8.174102648400851,47.60084365321312,0 8.182428620703494,47.60411832526117,0 8.193768208631983,47.61584221070024,0 8.202667675850064,47.62094454290445,0 8.208351386048093,47.6210645329531,0 8.214947428599208,47.6196683644721,0 8.219375004769905,47.61759667785206,0 8.22144078160118,47.61420168935226,0 8.223015270805353,47.61011203888696,0 8.223746535832067,47.605856436591,0 8.22937242889126,47.60566645484717,0 8.23267095811582,47.60846191915384,0 8.235990225449489,47.61127470427776,0 8.246035006974283,47.61298213721562,0 8.257873719624527,47.61529828404353,0 8.261887512018639,47.61304092091287,0 8.262708488855711,47.61031641319693,0 8.265955468217815,47.60943504032021,0 8.273278649128732,47.61156649267104,0 8.281085133889752,47.61182138293173,0 8.287439629695781,47.61037695222536,0 8.292834011994351,47.60893000825007,0 8.297012650374887,47.60645002365619,0 8.297354582966367,47.60331707942348,0 8.295677341928471,47.59465400301811,0 8.29639898385075,47.59104793383707,0 8.298460245722939,47.58896021603475,0 8.302534858496845,47.5861000572498,0 8.309674045197655,47.58413528644807,0 8.317849028338184,47.57675492418208,0 8.321711441996191,47.57403322328889,0 8.324219943016056,47.57286140515347,0 8.327788100779632,47.5709899559271,0 8.339713215864981,47.57066267475192,0 8.35984569593113,47.56980229176134,0 8.375014200693231,47.56773114312221,0 8.383700444671067,47.56580004645463,0 8.389607962406899,47.5730853578354,0 8.396575730207816,47.57729352492225,0 8.404177825012436,47.57583580850239,0 8.411686897034958,47.57257377284638,0 8.420559557624401,47.56977787425173,0 8.427158043207113,47.5671698970715,0 8.434883986095421,47.56678936200667,0 8.442191177146123,47.56806508225724,0 8.449161601268083,47.5704542218778,0 8.455034900587455,47.57191637658304,0 8.460284602100893,47.57182451678154,0 8.465222647550377,47.57235152947848,0 8.471514776197468,47.5755076470419,0 8.477419535930794,47.57792761276838,0 8.484757271230487,47.57721686865688,0 8.49429332491207,47.58124789631972,0 8.500529845290712,47.58046101314687,0 8.510468356227836,47.57774355795471,0 8.52191070686221,47.57498881474599,0 8.536314239323708,47.57232952616972,0 8.545058296223573,47.56780826497207,0 8.549003509575622,47.56385532312905,0 8.55002639856659,47.55817698601307,0 8.553794610597878,47.55389369143037,0 8.557224629235696,47.55242772086199,0 8.564840102135447,47.55945902129699,0 8.568953602570344,47.56554696155454,0 8.571354446576624,47.57401031010868,0 8.575890551024266,47.57559392185037,0 8.580643084240613,47.57737233257595,0 8.577081949366928,47.58546098738354,0 8.578083622820529,47.58886708863005,0 8.580197117599278,47.59198080055242,0 8.584855610101489,47.59375988920043,0 8.590554359573964,47.59535508974752,0 8.593464785811458,47.59622047848936,0 8.59458066968716,47.5980633281108,0 8.595174472916266,47.60342362276852,0 8.596875515780054,47.60730801148476,0 8.603782171510385,47.61125281036387,0 8.60434787090901,47.61263773913361,0 8.605668644199307,47.61531652199996,0 8.601714265793824,47.62085026419065,0 8.596896671848711,47.62930248929465,0 8.596702098477216,47.63666223360359,0 8.595223528341569,47.64282216665692,0 8.599114990719785,47.64446445919097,0 8.602599447872999,47.64750798000541,0 8.604132799265976,47.65103320154742,0 8.60565018699746,47.65228991545266,0 8.61039419552961,47.65127184589495,0 8.614093821668492,47.64658745958021,0 8.613932910439031,47.64372138233415,0 8.610924426738668,47.64202815608882,0 8.606302147516971,47.64144742024365,0 8.602698845722889,47.63986164665451,0 8.603778244730684,47.63810472882921,0 8.608073272148026,47.6369224909612,0 8.617011078638443,47.63746770654695,0 8.625224820605041,47.64240231236292,0 8.628598184522804,47.65292214310889,0 8.61848144025023,47.6597207864724,0 8.611836223633237,47.66342656506675,0 8.608560587079614,47.66680570186601,0 8.610290389402735,47.67485175390051,0 8.613467491646624,47.6783066509301,0 8.619578832454058,47.67467466569653,0 8.625354698796524,47.67697159049325,0 8.627447047156556,47.68099934397032,0 8.625187437222072,47.68641044655423,0 8.623996447996012,47.68994596360662,0 8.624548110888639,47.69158458506869,0 8.627952893783901,47.69270573306284,0 8.633194871090605,47.69294119494116,0 8.638798568408735,47.69397576478498,0 8.642588723205707,47.69482663123163,0 8.64696267022774,47.69376948678496,0 8.651805041792748,47.69126420632868,0 8.655444960520596,47.68888477094537,0 8.660952962519735,47.68661041372576,0 8.667591553882643,47.68517634812387,0 8.670830202995575,47.6850149543397,0 8.676663729863654,47.68672362929271,0 8.68226252002666,47.69004928119227,0 8.688127065440053,47.69441220739612,0 8.690405963606747,47.69526317325704,0 8.693453656394425,47.69490876311944,0 8.700531959282145,47.69260607849213,0 8.70685259956459,47.68975317247887,0 8.713263656808252,47.68967070651523,0 8.719115208818051,47.69116202260272,0 8.724741762977439,47.69255393078279,0 8.732204998963436,47.69283519190675,0 8.73810675323652,47.69242257785967,0 8.741945534566714,47.69121077248751,0 8.745818868049165,47.69104512679198,0 8.751499664196793,47.69085010646348,0 8.755847671558188,47.68991943566796,0 8.76025842481752,47.68857141623308,0 8.764318864521087,47.68723068831571,0 8.767288722402247,47.68581821545452,0 8.770994564975236,47.68361960172599,0 8.77250001637162,47.68200010191168,0 8.774867729257455,47.68076929965954,0 8.7795720838135,47.67906984120053,0 8.784364218958025,47.67694275910966,0 8.790238420433546,47.67538669483973,0 8.792449383149197,47.67481069246395,0 8.796145506434032,47.67529545365655,0 8.798326097909818,47.67628871723786,0 8.800304918795669,47.67750680098422,0 8.803138446953017,47.67840117983551,0 8.810161805273921,47.67647078867839,0 8.815066901804592,47.6778087264554,0 8.818324421402217,47.67781824172083,0 8.820080398998766,47.67701358605267,0 8.825805695071601,47.67516466500874,0 8.830982817055732,47.67448861378595,0 8.83345631095985,47.67333719152582,0 8.837192554013573,47.67194436413957,0 8.839673984887153,47.6700590306393,0 8.840332270158767,47.66755235425602,0 8.841163637246218,47.66538845323477,0 8.843899415314745,47.66414843155095,0 8.850007853308767,47.66285622363681,0 8.854738847880228,47.66054726909743,0 8.859348653073875,47.65812940067313,0 8.864371440536985,47.65794075729988,0 8.868231653548166,47.6563362540893,0 8.874922849635173,47.65511677607283,0 8.883134146030365,47.65460549726089,0 8.886957622311108,47.65148988390261,0 8.896172787035805,47.64863062032894,0 8.913279494834974,47.65105667270078,0 8.928541610541851,47.6540010220309,0 8.951061063974564,47.66020119027792,0 8.982398870895402,47.67329921816212,0 9.014906154610626,47.67988228839283,0 9.049809514935173,47.68098470735401,0 9.068213110091548,47.68039098796832,0 9.090377105555721,47.67545416030315,0 9.094779874624683,47.67067431881865,0 9.098833385653517,47.66835103369867,0 9.10478236226842,47.66954391241728,0 9.10954423139885,47.66976313634298,0 9.120309432315825,47.66771561057488,0 9.127664300218933,47.66691012566543,0 9.130660492281189,47.66622280465161,0 9.134759987231293,47.66548397033614,0 9.137278141971681,47.66451733119746,0 9.139524749481847,47.66423864214021,0 9.143118591265093,47.66495192438662,0 9.14658139935986,47.66686837414196,0 9.149826445330156,47.66784431640257,0 9.1498268086377,47.66787001586403,0 9.153608511094225,47.66692156955737,0 9.155975453574579,47.66846326025224,0 9.159371774269161,47.66993522486641,0 9.162668776431143,47.67027239374935,0 9.166638032169294,47.67032487926878,0 9.169668550650037,47.66967838814245,0 9.173107491992429,47.66903323104393,0 9.174704375804833,47.66790043352347,0 9.177486887824207,47.66659265660745,0 9.180127252776904,47.6655963153407,0 9.186339602939578,47.66377349599567,0 
						</coordinates>
					</LineString>
				</Placemark>
				<Placemark>
					<name>Danube River</name>
					<description>Status: Operational</description>
					<styleUrl>#msn_ylw-pushpin01</styleUrl>
					<LineString>
						<tessellate>1</tessellate>
						<coordinates>
							29.78290806028053,45.14036832838756,0 29.72363781315323,45.1643667529483,0 29.71193114507081,45.16624973826346,0 29.70338680861882,45.16499991742721,0 29.68471379839673,45.16181903469746,0 29.65859699894233,45.1571944298749,0 29.63894360810963,45.15785111301707,0 29.625824926583,45.16010441568251,0 29.61268456177075,45.15950175274624,0 29.59389224244311,45.16490177300496,0 29.56919008352053,45.17289365768788,0 29.55295831633265,45.1801596013863,0 29.53872068347444,45.18367998833982,0 29.52666137945137,45.18342495715095,0 29.52003595987884,45.18156179522515,0 29.50992232288358,45.17403468164616,0 29.50516096197612,45.17253374025978,0 29.3502720609723,45.17557701951322,0 29.21914187254383,45.17938528396259,0 29.2065128548219,45.18304359498719,0 29.19033444695593,45.18267134008249,0 29.15545892706173,45.17874763083753,0 29.14143229809824,45.17390238377804,0 29.12027291211991,45.17384168714405,0 29.06022697879733,45.17512141529418,0 29.04374623087339,45.17375641204669,0 29.01971919055201,45.17158998594966,0 29.00385269612615,45.17422356006557,0 28.98071860625787,45.18780834658266,0 28.96979891336044,45.19218207649356,0 28.95541145758574,45.19401477899747,0 28.94879590943963,45.19391883870876,0 28.93118495511064,45.19100940826856,0 28.92392779254532,45.18979314887593,0 28.91754576623456,45.19039929117669,0 28.91150705962146,45.19014440799052,0 28.90454034346566,45.18825670544973,0 28.89750983946914,45.18691666498647,0 28.88930302836501,45.18809078519697,0 28.86692678857394,45.19871056468038,0 28.85123576085871,45.20266724848102,0 28.82397124663327,45.20123732921367,0 28.81517773581079,45.19579513410071,0 28.80737159120182,45.19078518514861,0 28.80429350209884,45.1865749747165,0 28.80398110231332,45.18230608194465,0 28.7975534329245,45.18139704232065,0 28.79194817065176,45.18545688721269,0 28.79112324208604,45.19050172913169,0 28.79105859256541,45.1969966846405,0 28.79410262464341,45.20613406710772,0 28.79044720083582,45.21106227233212,0 28.78266895319784,45.21450128310222,0 28.75153600460987,45.21644500694983,0 28.74583106800326,45.22111714693345,0 28.74169201357622,45.22632233540747,0 28.73408101819888,45.2277625034535,0 28.71082567392858,45.22407296527143,0 28.61667842258896,45.24431064916826,0 28.58183184699989,45.24706257751104,0 28.54675952383992,45.25437540816781,0 28.51987412812553,45.26695379984457,0 28.38359354730192,45.30860826724664,0 28.34801698609575,45.32171260631297,0 28.30980751262941,45.36868451674363,0 28.28527198490439,45.40569019291006,0 28.28391870842321,45.4382442148769,0 28.26872724351187,45.45249869942189,0 28.24762962335483,45.45996431978391,0 28.22468326201821,45.46358257448744,0 28.20576571919388,45.45788221162015,0 28.19381600098051,45.44282883314019,0 28.19175276099211,45.4183980119673,0 28.18819663051494,45.41648452085053,0 28.17032907187428,45.41929848942168,0 28.15337301975177,45.42856291482028,0 28.12635259640892,45.43940665869375,0 28.09337709251644,45.44086798190644,0 28.06373037390041,45.43067477464999,0 28.04335403114696,45.41821505884133,0 28.03037163204418,45.40131982094493,0 28.0253213293378,45.37252192344086,0 27.99951302754256,45.30030396824628,0 27.98094867813566,45.27077504518661,0 27.95474619617541,45.22249011850766,0 27.94404490204469,45.17778733051972,0 27.95225489625631,45.15570941376447,0 27.95796130510969,45.14174957863128,0 27.9095931671003,45.05731841636625,0 27.89342504728545,44.90592294821609,0 27.86885703034247,44.88314399244918,0 27.83900144218205,44.87302762090091,0 27.83596568598971,44.84857889206893,0 27.82790506990109,44.82470255329507,0 27.82636857935446,44.80927065016569,0 27.81801760864099,44.79490832199382,0 27.8294801930807,44.78160260496396,0 27.85212297927663,44.77714080907089,0 27.87046420843526,44.77242591259795,0 27.87936204290348,44.75721270688751,0 27.86474814981937,44.73159102721706,0 27.89795163253796,44.70074527988459,0 27.93267048851159,44.67846802181258,0 27.96410692223663,44.68015673900938,0 27.9859783642934,44.66878936671828,0 28.00665875485021,44.65534455789712,0 28.01869074488677,44.64138031809276,0 28.03121263623213,44.6239479336118,0 28.03432000254225,44.6102695012823,0 28.02297523389137,44.59775441212092,0 28.01448436013425,44.58525677983561,0 28.01159999691212,44.57166661534751,0 28.03495095285272,44.54762898190551,0 28.05250637148682,44.51070327652287,0 28.08117795072277,44.49581185064214,0 28.09531445307426,44.47489565783759,0 28.09758428006543,44.4559300193111,0 28.11011293932028,44.43870399488947,0 28.08968780441365,44.42044172009341,0 28.08213132842745,44.40901455395034,0 28.04665886971831,44.38625199811311,0 28.02331078403046,44.36260136100679,0 28.02095826516915,44.34874080698852,0 28.01126869629443,44.31959673146157,0 27.97963911077279,44.29242095995782,0 27.96350890348731,44.27032327822448,0 27.93611294064176,44.24973192333439,0 27.88446880130072,44.25101699788764,0 27.79378568955936,44.23868465409603,0 27.73196816291551,44.19964075152469,0 27.61791081852147,44.2014732871145,0 27.52661752500466,44.16905156145017,0 27.46034259074056,44.12883746602589,0 27.2798367138174,44.12816206671706,0 27.22032839341685,44.11513406844514,0 27.14030138188873,44.1364790755955,0 27.03456777564733,44.14249472448499,0 26.89024582906625,44.12788239598927,0 26.7400387264109,44.07199825605378,0 26.43701682499348,44.04006921639959,0 26.14415432919148,43.98692459915433,0 26.0414270217153,43.89808511476929,0 25.98893625565595,43.87656482088687,0 25.94972374162804,43.85696603975138,0 25.90426453625138,43.80778272544521,0 25.80411362164429,43.74314092439868,0 25.77404293645977,43.71043245607905,0 25.69846655237864,43.68860833262256,0 25.65802550469406,43.68615451871716,0 25.58817860979888,43.65721775965427,0 25.53859478252617,43.64343241380496,0 25.4905482310495,43.64468938558834,0 25.40201379683122,43.61918374737421,0 25.29785685045117,43.65229354970635,0 25.05359847599492,43.69614132775566,0 24.98298096513781,43.72082957760888,0 24.92181211674177,43.71460474435906,0 24.86831907530594,43.70913511244794,0 24.81300546816545,43.71106075046512,0 24.75071548922398,43.69505308052942,0 24.58670470843071,43.75323622733973,0 24.49822043592258,43.76506115188055,0 24.4475398872938,43.74191044003889,0 24.40276402784752,43.71711847390536,0 24.35966617290823,43.70378013440151,0 24.31777448228546,43.70014604270466,0 24.25395979621108,43.69300801889999,0 24.17853954136285,43.68372906034855,0 23.99128993626545,43.73940456436742,0 23.85655749029624,43.75608177494118,0 23.70315639180889,43.80441256555976,0 23.60652825750877,43.79378018611058,0 23.46966606222559,43.83902557888054,0 23.43125110465671,43.85075600875928,0 23.27810160478934,43.85092047513031,0 23.17977819737848,43.82308183261009,0 23.08828625313681,43.80246215980768,0 22.96353575995246,43.81509690677979,0 22.88014318877673,43.83537023550046,0 22.84147109788148,43.86209736860254,0 22.84897535820574,43.91303705715649,0 22.87954305385191,43.97837955940886,0 22.90376475522987,43.99798311002721,0 23.01039428969678,44.01891379618539,0 23.04093333512195,44.04945305496933,0 23.04626856780603,44.07304366951213,0 23.02431202431906,44.09170068116266,0 22.92385723370012,44.10495899792529,0 22.86431052381651,44.13413920273862,0 22.78824777516947,44.1688131011066,0 22.75095085739622,44.19763415997213,0 22.69075705868415,44.20695313709128,0 22.67338665870665,44.2191539971104,0 22.6714857776767,44.23013792047022,0 22.68504479545894,44.24965636265082,0 22.6775530205251,44.27769331862572,0 22.65739982221888,44.28712967779374,0 22.62312261600779,44.29094930822234,0 22.56467510265576,44.3056556571012,0 22.53289117730564,44.33991977044544,0 22.50293745375354,44.39059992942622,0 22.4942237029779,44.42709077989831,0 22.46263101192958,44.45503306065982,0 22.45580628584034,44.47473179141354,0 22.47294421775834,44.48233441367031,0 22.51354788286946,44.47551426163858,0 22.54368384515201,44.48168181188353,0 22.55802920326687,44.49669522091846,0 22.56006526399278,44.51622668672027,0 22.56829026528114,44.54377592834253,0 22.6193515802688,44.55396450125435,0 22.69452287467445,44.51717570736057,0 22.76174812748166,44.53975816067181,0 22.75993255788153,44.55657932130582,0 22.74452149825674,44.57728900574944,0 22.69847266948327,44.60534999566328,0 22.67661951915473,44.61760385964597,0 22.63278254788356,44.61394346636187,0 22.58160006354309,44.63121632806558,0 22.53818706636169,44.66237177035305,0 22.50048574706327,44.68932147120351,0 22.46755806018932,44.71463040355025,0 22.44387883688509,44.71492266770917,0 22.41423066501411,44.70537398382768,0 22.40378341419834,44.68964394195175,0 22.36710232255985,44.67402347937171,0 22.32686143383248,44.6715357558386,0 22.30172765198914,44.65876054396727,0 22.3003422647349,44.64024327558414,0 22.28755752369456,44.63067413530564,0 22.2781632156173,44.62565810970014,0 22.2726079428806,44.61904817558997,0 22.27274187127606,44.61295610696978,0 22.26766111959802,44.60176836645672,0 22.20436115619331,44.51680450148829,0 22.1788071493817,44.47839616471664,0 22.13173373312874,44.47231833728178,0 22.07466718395089,44.50578337551637,0 22.06846045458055,44.52862960841767,0 22.03316294518868,44.55258691073249,0 22.02754307354092,44.58712710086111,0 22.00897863124923,44.60801510929564,0 22.00293424791171,44.62301870077211,0 21.98774039255964,44.63375590995846,0 21.8331859876148,44.6537634700197,0 21.80017327338757,44.65788559750526,0 21.76725034983584,44.66007049880149,0 21.73056105674154,44.65438213299737,0 21.71003657772907,44.65562538777564,0 21.70139088327497,44.66183788231676,0 21.67910805583408,44.66514587255917,0 21.64558346129903,44.700830268785,0 21.61739072816575,44.7130787170478,0 21.59185149915019,44.7543287524949,0 21.56179205890367,44.76907868311467,0 21.4968081916214,44.77301519777249,0 21.4579962150912,44.77736278496471,0 21.39779740071918,44.77373410335555,0 21.37953431572216,44.81596303645891,0 21.34575762859657,44.82371459090979,0 21.31344542836263,44.81374833602735,0 21.21004449846975,44.78181435104209,0 21.14756620055835,44.73702718114413,0 21.10607257948332,44.73010400798594,0 21.07648789529301,44.71761836950893,0 20.99310617316158,44.72085153852185,0 20.95438953325945,44.69603416479157,0 20.92035512011012,44.67015621860847,0 20.8725999848909,44.66287751912358,0 20.81542049914723,44.65779742846767,0 20.7480044158545,44.6637510484173,0 20.69621962371401,44.70722767783437,0 20.67582037759431,44.7336980196674,0 20.63393607677453,44.7542716776212,0 20.6218937450376,44.77600171025953,0 20.64202319636269,44.8179851498885,0 20.64589378490794,44.82552057946457,0 20.63760296654348,44.83333053121164,0 20.61452744895691,44.84081010399353,0 20.59086446568783,44.84354035292309,0 20.56516770232111,44.84752264310435,0 20.52702139450367,44.82999257873141,0 20.49050244205832,44.82764437603395,0 20.4491063134422,44.83585090730084,0 20.38898300988906,44.86070454485939,0 20.36206915731526,44.88031397497713,0 20.34684175088943,44.8993036853354,0 20.32862590804639,44.92253153695532,0 20.29995068756266,44.94318092141926,0 20.28944017968221,44.97146156705526,0 20.30054662462712,44.99164279676624,0 20.34290023138285,45.00151628243316,0 20.36015840619649,45.02779223679665,0 20.35376194790659,45.05799887864772,0 20.28402318843818,45.12273193088663,0 20.23992670745069,45.16039860601968,0 20.18482274074755,45.18263223244642,0 20.15498730245495,45.18083779569827,0 20.13098643313977,45.16919388031429,0 20.0840680659763,45.17023128619399,0 20.03381498289684,45.17021462224398,0 19.97086834865641,45.18461573237578,0 19.93589868724942,45.21657343803368,0 19.91462767948401,45.24751393425088,0 19.89162398146621,45.25841809438145,0 19.87408060205585,45.26380597896393,0 19.86058334985407,45.26271826749517,0 19.85731750430254,45.2567117496268,0 19.85819164890622,45.24979581267771,0 19.85787381487543,45.24035342339416,0 19.84556440668468,45.23180663150028,0 19.82493056017799,45.22354765343524,0 19.80696074516986,45.22052200578138,0 19.75006351470882,45.2284794106407,0 19.70925138959862,45.23253726670123,0 19.6632876545432,45.2233240427945,0 19.62778958095118,45.22042126151086,0 19.60546093302786,45.21535673653824,0 19.58042423950986,45.2114079390398,0 19.56395272536047,45.22532872100826,0 19.56021492479139,45.23776453222854,0 19.55169392943284,45.24691642282499,0 19.54341602719075,45.25264658012975,0 19.52752408277502,45.2532273694812,0 19.48475260966528,45.23871216595754,0 19.4530004614515,45.23838018587409,0 19.41057697841255,45.23288180073896,0 19.33233587179467,45.23262478219534,0 19.26962416194544,45.24067152883148,0 19.22494608519127,45.25419085735597,0 19.12924220946412,45.28658598237094,0 19.1038505081689,45.29882760580051,0 19.10008934543208,45.3190305379846,0 19.09517836473022,45.33342316022888,0 19.07592811552747,45.34136567114468,0 19.04985604313655,45.34357734288183,0 19.02533506141269,45.3449156771815,0 19.00431011951057,45.35568917988595,0 18.97193263342026,45.37575752544533,0 18.96905204849075,45.38553798004956,0 18.97168627995602,45.39166174443359,0 18.98182108252372,45.39735350687673,0 18.99515400270083,45.400587729328,0 19.01433411355033,45.40085598669759,0 19.02771863308757,45.40689284670329,0 19.03127435294386,45.41326516519734,0 19.02917618366178,45.42245784829301,0 19.01371288063168,45.43122856719149,0 18.99310602344205,45.43966641142962,0 18.98674263558899,45.45428349388428,0 18.99278562187295,45.47796805822951,0 18.99869356547843,45.49330739815318,0 19.00672380312896,45.49739304486684,0 19.03824994941658,45.48549709659206,0 19.07649218597191,45.48749129462351,0 19.09398068730015,45.49362697790526,0 19.10024097906581,45.50183992799517,0 19.10126706811732,45.51151419865892,0 19.09610191601931,45.51961861638623,0 19.08205661049228,45.52531845510121,0 19.0654094969561,45.53196544490736,0 19.04738048636597,45.53293621177168,0 19.03532053967373,45.53417832023422,0 19.02515187137953,45.55472943588437,0 19.01928437233785,45.55771794181745,0 19.01007370338601,45.55709817697835,0 18.9920914284346,45.54007914165386,0 18.97563970187204,45.53498628962018,0 18.95143805960658,45.53420208237134,0 18.93705079152776,45.53946733400834,0 18.92294567171526,45.55079592202898,0 18.91698702617531,45.55505635327114,0 18.90315333797042,45.55740100839359,0 18.88807205116095,45.56570466923728,0 18.88894208678766,45.57354269465419,0 18.89800878784969,45.58483014454453,0 18.90904426364519,45.59239582999245,0 18.91376304467141,45.59687836133142,0 18.90707421253086,45.60530408408888,0 18.90526603532744,45.61462970423113,0 18.91014531393735,45.62241986154334,0 18.9318489443503,45.63044302691155,0 18.93693716602428,45.63949631395463,0 18.94503428372579,45.64908502462682,0 18.96195695979156,45.65901464805809,0 18.9660970764415,45.66891490639712,0 18.95732184196041,45.67802855449494,0 18.9339390843189,45.68724918993662,0 18.91405240731578,45.69895990751876,0 18.90284966050342,45.71589101424904,0 18.89644557218696,45.75386966493011,0 18.88936990939728,45.76920599560152,0 18.88482512406151,45.7797574050541,0 18.87256966759429,45.78554395632797,0 18.8612002957863,45.78769022925598,0 18.84735746997039,45.80660431808067,0 18.85107392132628,45.82315991694721,0 18.85736466087141,45.84437449087935,0 18.85513976433766,45.85807626611408,0 18.84909846083485,45.86389946828312,0 18.83263414106455,45.86872810238678,0 18.82373287387544,45.89827370140524,0 18.815303464159,45.90826516069232,0 18.78851355129803,45.92458541604476,0 18.76682162121964,45.94535364563767,0 18.76425642782868,45.95472729544025,0 18.7404815281788,45.96697544243005,0 18.72254513751492,45.97903391194026,0 18.7072787708381,45.98706403062521,0 18.68717247010612,46.00412457934577,0 18.68322648433844,46.02125414029999,0 18.68835989266741,46.02826983061247,0 18.71801140087337,46.04162153169934,0 18.73620262108869,46.04740764774633,0 18.75183645986949,46.06257925301652,0 18.76278860136636,46.08296390471658,0 18.77020770167638,46.09607978448567,0 18.79400044060162,46.1024375767744,0 18.81208402660597,46.11916469043219,0 18.83998396793087,46.14662032411172,0 18.84003373520987,46.16548650505283,0 18.84734341851354,46.17207286860459,0 18.85919368206262,46.17244804498093,0 18.89499828589878,46.16819032450949,0 18.91252034082904,46.17399550031331,0 18.92393976821377,46.18307424389088,0 18.92662042251907,46.19512025154862,0 18.91601705627871,46.20945960001627,0 18.90751478460543,46.220831064278,0 18.91226623603522,46.23655841052273,0 18.91113711484295,46.26832052941413,0 18.91640975588015,46.28768441135168,0 18.92245331441391,46.30639042041432,0 18.91687283014394,46.31760181783361,0 18.8990842211302,46.33393891931853,0 18.89458777631766,46.36812888496857,0 18.88551609552751,46.38739236392269,0 18.88493936521049,46.40271660179696,0 18.89969775287235,46.42407429897219,0 18.91993103777769,46.44682520206815,0 18.92220978423089,46.47155013503269,0 18.91645258424616,46.49509444550644,0 18.89761513714422,46.51603152725249,0 18.89425744377484,46.53169051578092,0 18.89677611375431,46.54467228841139,0 18.8933607208485,46.56409317980921,0 18.88263102325573,46.5786796219626,0 18.86486464131185,46.59289829674241,0 18.85924577960438,46.60679420469011,0 18.86334446026145,46.61875894020223,0 18.87606574422495,46.63007315477778,0 18.88535060353594,46.63625792771163,0 18.92357705215345,46.63515565580417,0 18.95502096882567,46.64594210563672,0 18.97412851289755,46.66396106148964,0 18.99633886014603,46.68474644444181,0 19.00813660061509,46.69793833512529,0 19.00625566138326,46.71307798524801,0 18.98794726309193,46.73217147569596,0 18.98539239412029,46.74856954686387,0 18.98604884831186,46.76052623534775,0 18.97377488170708,46.77646879610378,0 18.96122947183543,46.78835872711579,0 18.95787220346011,46.79730006118461,0 18.94816812585453,46.8022312040292,0 18.9376461301018,46.80752282986229,0 18.92467219551564,46.81928872979249,0 18.92915894495111,46.87108325111808,0 18.95040980014369,46.89376153553043,0 18.9616158384657,46.91391115647144,0 18.9664314582291,46.93785635903075,0 18.94972546547039,46.97434432914318,0 18.95045123397397,46.99225795331902,0 18.96522282044426,47.00730754926101,0 18.96957727122077,47.02045500286409,0 18.96678778590656,47.03294815445855,0 18.94453696748194,47.05021067557903,0 18.91508002388323,47.06651191931382,0 18.90121715460988,47.07324586835854,0 18.8721320662608,47.15423705109635,0 18.87788087955996,47.18680355201009,0 18.88873383541879,47.20730538976817,0 18.90654077385665,47.22600784543469,0 18.91254112653542,47.24652495198627,0 18.92014871981805,47.26063504310125,0 18.91782386962073,47.27609239714663,0 18.91719600661958,47.29112642251313,0 18.94687777519943,47.32909143002886,0 18.95087998641404,47.34399000969533,0 18.9507322218214,47.35657396187662,0 18.96125989851794,47.37494238896061,0 18.98878520907457,47.386341558403,0 19.01364551396891,47.38955280089319,0 19.03356732519215,47.39762698209859,0 19.04521035022319,47.41441744566948,0 19.04918201807191,47.43029605019706,0 19.05165422019918,47.44779122361091,0 19.05955970222325,47.45798335899481,0 19.06809833514177,47.46663009655173,0 19.06603150321211,47.47548403895328,0 19.05797241509361,47.48299412014826,0 19.04423446285381,47.49903501990227,0 19.04198273600505,47.51481052591361,0 19.04051569665671,47.52348227532875,0 19.04862424972838,47.53518417401948,0 19.06216393468862,47.55096831500783,0 19.07255023829254,47.58640369746777,0 19.0858954884337,47.60166803794323,0 19.10115574415974,47.61576733852672,0 19.1165494565131,47.64761044854029,0 19.12150161035488,47.67663769881706,0 19.12692621957162,47.7057066527142,0 19.12909860353841,47.72987336834012,0 19.13280795318895,47.73842059658072,0 19.1288043183006,47.76385104388412,0 19.11080229792307,47.78895006608359,0 19.08218548345119,47.80415480283312,0 19.06111867938377,47.81508439599006,0 19.0273012226196,47.82006357289939,0 19.00884356480012,47.81951792960638,0 18.99141760812256,47.81361643856442,0 18.9785146349351,47.80312325668867,0 18.96338903730372,47.78695089068286,0 18.95241174691606,47.77265881867634,0 18.93810020020734,47.76459742808601,0 18.9217561603828,47.76543912880362,0 18.90982088111384,47.77216192345163,0 18.9023951935229,47.80185905617502,0 18.87918571735138,47.81046760111561,0 18.83129223009866,47.81479059107748,0 18.80462213613546,47.81811330846079,0 18.77379218823134,47.81841439907457,0 18.74373701768359,47.81423849028791,0 18.73411940809088,47.80960387823734,0 18.72731643465712,47.78991864123889,0 18.69308613528554,47.77262614495362,0 18.65965787458491,47.76050616996809,0 18.62458310288614,47.75814372564792,0 18.61090664980109,47.75820869816462,0 18.57177945326433,47.76614828971127,0 18.55040652946377,47.7649953461546,0 18.53593210872301,47.76357343316663,0 18.5262192469246,47.75882221877167,0 18.49073047754118,47.75274752566367,0 18.47569483977323,47.75931715981304,0 18.45832628928265,47.7646868669872,0 18.44490271465703,47.76417020197922,0 18.43054765044085,47.76114385714651,0 18.40665573811177,47.75274582446383,0 18.38886735659718,47.75085916407312,0 18.37629159195406,47.74549363348395,0 18.32947110764944,47.73697609879897,0 18.30452211333533,47.73342576219187,0 18.28554630077408,47.73189452822935,0 18.26298775812387,47.73789949170795,0 18.24042766838411,47.7401394141164,0 18.21927673400538,47.74321310717716,0 18.18925010444307,47.74007461210177,0 18.16537021761442,47.74246664668993,0 18.15140723938026,47.74660686934479,0 18.10625377762131,47.7527981479255,0 18.08779535156857,47.7563002988121,0 18.03550438199376,47.75652382650602,0 18.02077237060764,47.75333103216308,0 18.00452165275841,47.74659073966029,0 17.98713193483809,47.75156941872253,0 17.97252418314768,47.75726204954407,0 17.95605934415764,47.75158175207647,0 17.94304697172605,47.74406007756644,0 17.91227033117045,47.74344544055811,0 17.89955642972309,47.74027340084188,0 17.88748491564419,47.74070621936982,0 17.87157982080444,47.74458402125575,0 17.86604499840084,47.7454957199054,0 17.82113324405803,47.74039619062504,0 17.79733119422797,47.74164341130848,0 17.7817613607645,47.74000019485356,0 17.76192214814196,47.74922452506899,0 17.72203670286754,47.75409942353253,0 17.70793455326427,47.75809659221656,0 17.68991432380089,47.77378433420822,0 17.65027311645483,47.79353216284833,0 17.63142760845784,47.80275034369887,0 17.54245323965386,47.87563575906845,0 17.50966669385038,47.90479491681397,0 17.44773090611672,47.94246596389497,0 17.3657836007702,47.99323059419955,0 17.31132557056393,48.00134923566058,0 17.24049132808961,48.03258782177205,0 17.22589304637708,48.04569296273379,0 17.16659544003259,48.06668678043998,0 17.13830046237896,48.10222361627481,0 17.13933434615713,48.11170116260035,0 17.1466859574276,48.12343072216568,0 17.14596878350161,48.12885595933724,0 17.137558615022,48.13533644082191,0 17.12263637999116,48.13764474602906,0 17.0907221170564,48.13928646901978,0 17.06595106602965,48.14372143711277,0 17.04707514866775,48.14175066518624,0 17.03674428333648,48.13988713381445,0 17.02747073741954,48.14195064804822,0 17.01426218721999,48.15054294745401,0 17.00944084577153,48.15402944283752,0 16.97464933438317,48.17233596115788,0 16.96491857009769,48.1729996990267,0 16.95703654778212,48.16855526501151,0 16.95068232950317,48.16243061953834,0 16.94064985315168,48.15030645902258,0 16.92697421035796,48.14845363836342,0 16.91073618009799,48.14731412994578,0 16.89579850414592,48.1404099858247,0 16.88595955671637,48.13469228799429,0 16.85485105643131,48.12622062626378,0 16.79800468005574,48.1166364060606,0 16.78496301597405,48.11769262856609,0 16.74359775902483,48.12836359462986,0 16.73323837944345,48.12843128918101,0 16.7045591597798,48.11997463870227,0 16.69176983157528,48.11860589541338,0 16.64837655731622,48.12825238347766,0 16.62249870490198,48.1306860146382,0 16.59952652746827,48.13225782746378,0 16.58112289376875,48.13446829904351,0 16.56082889185155,48.13923513336911,0 16.54462541890719,48.14307300752789,0 16.53720057565565,48.14676304801797,0 16.53118549876226,48.15190256707441,0 16.52902446025777,48.15499628703813,0 16.52541440649453,48.15730312177675,0 16.51285092806157,48.16315527324353,0 16.50584667940778,48.16638444549439,0 16.49929226692238,48.17055126396571,0 16.44003856739581,48.20899276562725,0 16.42710028262025,48.21799340056915,0 16.41417115883776,48.22656676143571,0 16.40424996627094,48.23396712217967,0 16.39864557567685,48.23851609533602,0 16.3818573745218,48.25778286297128,0 16.36783480747989,48.27399175223513,0 16.35206616837405,48.29366840550756,0 16.3460686504658,48.30109407568312,0 16.3423021699647,48.30646964131995,0 16.33845824258448,48.31882071636079,0 16.32789369612026,48.33252460430451,0 16.30442499064985,48.34301206264528,0 16.28416477730455,48.35211328629616,0 16.24268532170997,48.35437007705854,0 16.21026601917831,48.34917505439341,0 16.16729785455082,48.33958955071745,0 16.12859830975804,48.33659677455282,0 16.10111144054172,48.33425355243956,0 16.07986944482442,48.33559306878599,0 16.039453748046,48.33560249166565,0 16.01987089857816,48.33570591569818,0 16.00957752367752,48.34025736927346,0 15.99858355561996,48.34200758373521,0 15.94259796150799,48.3397090209189,0 15.91767876445406,48.34872010125673,0 15.89209885486663,48.3536908349657,0 15.88515324164934,48.35998909666756,0 15.87589941624233,48.36799022052631,0 15.86856018126971,48.37335372112119,0 15.84530132464622,48.37920322528833,0 15.82620310883749,48.38104427210812,0 15.79559533508489,48.38148159135177,0 15.77590183644949,48.37571716109745,0 15.75107039733959,48.37163488023878,0 15.74089542723936,48.37270411245363,0 15.73276231547769,48.38017511403831,0 15.71743126368931,48.38587621450968,0 15.7025380429774,48.38826799232033,0 15.68858243613202,48.38436575916934,0 15.67229772317473,48.38128543663608,0 15.65987932370562,48.38676900282718,0 15.6469453997302,48.39818649347227,0 15.63387096433369,48.40273310732036,0 15.6211886658289,48.40364594603265,0 15.6046686678161,48.40221150333527,0 15.59280109872782,48.40207976735157,0 15.57953709285495,48.39942505840879,0 15.56703973657807,48.39540302223256,0 15.55795923973962,48.3911356544702,0 15.54362766437276,48.3847251423556,0 15.53273410558272,48.38415281713775,0 15.52557319606368,48.38589724428131,0 15.51802890336456,48.3918305280279,0 15.51507526595479,48.40026760369484,0 15.50959526790585,48.40551452151132,0 15.50084935170913,48.40941751775313,0 15.49205867604601,48.40712425346531,0 15.48304627989471,48.40320675917024,0 15.47499371780038,48.39555986938324,0 15.44892488142325,48.37386340186283,0 15.44143691077118,48.37089148184441,0 15.4240907494785,48.36511884142589,0 15.41794416462141,48.36075157401785,0 15.41158780513381,48.35640344207947,0 15.40857633826366,48.35240723684023,0 15.40727744443236,48.33977500821094,0 15.40901953097926,48.32861651234007,0 15.41243377994231,48.31561381665656,0 15.40891247731343,48.30737399195157,0 15.40650183521541,48.29644910785911,0 15.40283631724058,48.28724083692707,0 15.39305587633253,48.27804400769465,0 15.38702412642426,48.27585245634175,0 15.37806201713921,48.26749289288479,0 15.37325741866346,48.26189643145213,0 15.36916735422814,48.25524794347784,0 15.3603706215238,48.25051993951277,0 15.35343979307072,48.24653217504083,0 15.33776376182702,48.23974528370535,0 15.32693536487274,48.23479721929525,0 15.31896033420181,48.22916054021167,0 15.30645069301668,48.22507988986246,0 15.28522678734971,48.22407595232491,0 15.27037818901109,48.22361834398009,0 15.25035159829864,48.22079844959632,0 15.23690814655953,48.21752557995744,0 15.22286040801498,48.21503541258518,0 15.20004227941489,48.21536584856279,0 15.171635795325,48.21533384692162,0 15.15578331476485,48.21296207586966,0 15.13522994743672,48.21115551745424,0 15.12526604722807,48.20862875563029,0 15.11738697397514,48.20522257634014,0 15.11261466249301,48.20037751154035,0 15.11105514227556,48.19482715018311,0 15.11270371416392,48.18857344953841,0 15.11686242970925,48.18191045555646,0 15.1181477575644,48.17796952593574,0 15.11601291206351,48.17526436003914,0 15.11122628891506,48.17225148485452,0 15.10480981375378,48.17177035540799,0 15.09671696771294,48.17273218909534,0 15.08828297248373,48.17613494833254,0 15.08469764849269,48.18183037966923,0 15.07530379206246,48.18652234771258,0 15.05217843790876,48.19687211391995,0 15.01912054386004,48.19418205732637,0 15.00286690562111,48.19423358921092,0 14.98271316090584,48.19634191465318,0 14.96832957792445,48.20064147711722,0 14.95902912159275,48.20538425988433,0 14.9507721218462,48.21680734528266,0 14.94557239348987,48.22573977701661,0 14.94069752907907,48.22945539518584,0 14.9343854228371,48.23161591826536,0 14.91492481639059,48.2325638614722,0 14.90703429606183,48.23174249655719,0 14.90036400127665,48.22991684672857,0 14.89499532036252,48.22782737026634,0 14.88220378037057,48.23064527019297,0 14.87416143076116,48.22968883384411,0 14.86818118751291,48.22727395360837,0 14.86106592175389,48.22691647115872,0 14.85517090566869,48.22467590794993,0 14.85607711017481,48.21842557233523,0 14.85618158243281,48.21180981881531,0 14.85261303276663,48.20629948091692,0 14.84687580235432,48.20019946074364,0 14.84026049736064,48.19298453077726,0 14.82565044615881,48.18930197637738,0 14.80702759042311,48.18759517697722,0 14.79386110216318,48.18326602380287,0 14.77924925505915,48.1816365343638,0 14.7641563437277,48.17794482786288,0 14.74910874773192,48.17532658469708,0 14.7319271615429,48.17434751916588,0 14.71626514884922,48.17460899522699,0 14.70844937991221,48.17170755086149,0 14.69221622647965,48.16745899143264,0 14.67282926997968,48.16577693930651,0 14.65514716716146,48.16937693714259,0 14.63201334592894,48.18228561575869,0 14.62732526265977,48.18737338903713,0 14.61082273893675,48.1959830830412,0 14.59816875081455,48.20956507472489,0 14.5875611822357,48.22203048340423,0 14.56013260585052,48.2307942440774,0 14.53192229098959,48.23725423308339,0 14.5149500156805,48.23880897369783,0 14.5009487699912,48.24441381762191,0 14.48916954074424,48.24231786817095,0 14.47245825947155,48.23734490810962,0 14.45778097337728,48.23508265420951,0 14.4456471632405,48.24229228101238,0 14.44066671559405,48.24629694973831,0 14.41810289319965,48.25404855810695,0 14.39732957174814,48.25959012788618,0 14.38178124162516,48.26883557696053,0 14.36419799902559,48.27279986221947,0 14.34872698829949,48.27922286304643,0 14.33794701591589,48.30117980120693,0 14.33212069963519,48.30973760558388,0 14.32154747140906,48.31848031486558,0 14.31280052636174,48.3219212673084,0 14.30454748787316,48.32221710227203,0 14.29732235518802,48.318561884124,0 14.2922065274538,48.31345534443308,0 14.2860739878828,48.30883152293718,0 14.28127535822775,48.30682550570013,0 14.27435248119878,48.30533215144847,0 14.26839010655203,48.3056846281671,0 14.25827644111488,48.30932973467804,0 14.24799143833856,48.31070099968171,0 14.23642051148043,48.30814155956624,0 14.22504208934613,48.30938265160025,0 14.21588924160867,48.31259258987664,0 14.20922269148287,48.3183584331334,0 14.2008291864036,48.32290979117798,0 14.19350083262547,48.32859246321632,0 14.1891287577638,48.33178427337162,0 14.18056726724185,48.33072156859131,0 14.1587484346461,48.32206032268464,0 14.14012453694642,48.314629689451,0 14.12986623162908,48.31109543669962,0 14.11760326956378,48.30929962343737,0 14.10285815808461,48.3128170399189,0 14.08907631450239,48.31610929047512,0 14.06970856545259,48.31792867338278,0 14.05530052525543,48.32524270615266,0 14.04039391511056,48.32972346308664,0 14.02949991589528,48.33491222495267,0 14.02279912854629,48.34229908714836,0 14.02249132614642,48.35446834673208,0 14.02760737855542,48.36635099313774,0 14.03019927045337,48.37236933415551,0 14.02746448907153,48.38011215861063,0 14.00716789193381,48.40388942753476,0 13.99928209610456,48.41531136802514,0 13.99100037486791,48.41993802922299,0 13.9826824768564,48.42179586436376,0 13.97395590807241,48.41845617269138,0 13.96744007417471,48.41708674316789,0 13.95648141350394,48.4171770403333,0 13.95236445890375,48.41430107019154,0 13.95171053306146,48.41021988454018,0 13.94944044120478,48.40574323695618,0 13.94325370547141,48.40421975566831,0 13.93817990297044,48.40483949416232,0 13.93309825373598,48.41073777101623,0 13.92857846427742,48.41544645509863,0 13.92539945591103,48.42253952451742,0 13.92601040110822,48.43072411465872,0 13.91989230595808,48.43813554448808,0 13.9194616310827,48.44890680770025,0 13.90448932921631,48.45517271263369,0 13.89207129688272,48.44699923591425,0 13.88331565891303,48.44461321651684,0 13.87489500626405,48.44525579827021,0 13.86576053455084,48.44970733379039,0 13.85944164506339,48.45041481707397,0 13.85342540804516,48.44840748467837,0 13.85377552373204,48.44623732025459,0 13.85447235303558,48.44191720918079,0 13.85918960854033,48.43846449601706,0 13.86789214527643,48.43568945003302,0 13.87281830598852,48.43225063684049,0 13.87481967288367,48.42863755753386,0 13.87064192546708,48.42607714539978,0 13.86389796406883,48.42662095762822,0 13.85302007904162,48.43088193865862,0 13.83346475739139,48.44360153381787,0 13.81648671793999,48.4565627341654,0 13.80166620435413,48.46484156034328,0 13.78200411460967,48.46790361402569,0 13.7742909521076,48.47276827347744,0 13.77287790165431,48.47599337238282,0 13.7460368712738,48.49119666811092,0 13.73305654659417,48.50854308716154,0 13.72845865837445,48.51262311165606,0 13.70735136804119,48.5176062579075,0 13.68348779596557,48.52914901527173,0 13.66392187755831,48.53466448920485,0 13.65438834540777,48.54840870412166,0 13.64396287896635,48.5518977928129,0 13.62556936858013,48.55416108877544,0 13.60375856367864,48.5672081473756,0 13.59492446575356,48.56955218510991,0 13.58766460352428,48.56581296461066,0 13.58287412498714,48.56196676276954,0 13.57792269908815,48.56000184627202,0 13.56641855653829,48.56283335266423,0 13.55446539463208,48.56801327469095,0 13.54187662277509,48.57727158112198,0 13.53240161627252,48.58325937000068,0 13.52430622827587,48.5885680660721,0 13.51344610188181,48.59048607959127,0 13.50753507061403,48.5891182447231,0 13.50477774682434,48.58657139538973,0 13.49894405230333,48.57780705119255,0 13.4946401791068,48.57552337234242,0 13.47924811033529,48.57338150402244,0 13.47764004606655,48.57465829128892,0 13.46838963486284,48.57605791210478,0 13.45926059131519,48.57709832038739,0 13.44809404424484,48.57595195429397,0 13.43777663735836,48.57442392775298,0 13.43282360350638,48.57598082669869,0 13.42141788107522,48.57450297773731,0 13.41762612772334,48.57537143681395,0 13.40692523161152,48.57788582956529,0 13.39443204484488,48.588885861313,0 13.38102508453946,48.59621426957563,0 13.36757020343961,48.59860071260866,0 13.34871692390164,48.60107838355417,0 13.33431195902623,48.60171807224002,0 13.30916992686944,48.60540628204928,0 13.28714590738541,48.61136354398431,0 13.27730188175287,48.611498158108,0 13.26229641812416,48.60676476426904,0 13.2423618759134,48.61065702841206,0 13.21107289900617,48.62564367870825,0 13.18460410086525,48.63757962169322,0 13.1694795971399,48.64725782684413,0 13.15241217829566,48.65773625681167,0 13.14516111403971,48.6608564954756,0 13.13441941505632,48.66185018629314,0 13.12380997235615,48.66200661608953,0 13.11787438835037,48.66377590426793,0 13.11304619186041,48.66973299638273,0 13.1138939942067,48.6808890717379,0 13.11201813964713,48.68451422568988,0 13.1082970600482,48.68585806417034,0 13.10472406231258,48.6855565002836,0 13.09434266091082,48.68375193046751,0 13.0894039145494,48.68417519541301,0 13.08586225405753,48.68617643094853,0 13.08532764760108,48.68926768734617,0 13.08794409326909,48.69226058074798,0 13.09485373693436,48.69738181934734,0 13.09706904493042,48.70042596966071,0 13.09765180360302,48.70343375976962,0 13.09697715742708,48.706249785772,0 13.09168198108937,48.71121613025149,0 13.08605240706329,48.71570755188062,0 13.08269550065999,48.71739573154895,0 13.0782636626669,48.71722143972271,0 13.07380838950119,48.71648420663943,0 13.06978796833673,48.71580221769161,0 13.06635438434018,48.71650331997992,0 13.06074149227015,48.72205481930366,0 13.05626288920079,48.72547518167102,0 13.05156270936771,48.72723103642044,0 13.04810932617406,48.72670055085322,0 13.04611474620575,48.72631310459532,0 13.04355268103981,48.72362695049222,0 13.04009233394826,48.71995656793059,0 13.03638789409368,48.71841286560924,0 13.02907640981094,48.71682892664966,0 13.02391526739184,48.71645477779223,0 13.01802020773056,48.71830227199315,0 13.01524961476321,48.72055517976079,0 13.0139300361849,48.72362062467796,0 13.01463421203625,48.7266364206618,0 13.01753312837957,48.72865693142703,0 13.02282852245718,48.73079959719999,0 13.02918403183186,48.73278209698723,0 13.03326097328291,48.73542043179262,0 13.03569893661239,48.73801163437123,0 13.03781403353518,48.74239109695771,0 13.03713974298664,48.74616465094033,0 13.03428494815187,48.75064803240973,0 13.02977921516382,48.75518666353908,0 13.02267774963857,48.75914968604285,0 13.0181867732411,48.76455352265599,0 13.01158366168363,48.77006572843136,0 13.00825646057636,48.77452605247074,0 13.00628101553841,48.77934620528088,0 13.00687600714977,48.78378201807238,0 13.00527404594027,48.78663886615724,0 13.00195991761663,48.78966167961877,0 12.98588101025796,48.79913749190168,0 12.97756141677789,48.80314879021236,0 12.9713095439982,48.80708504678626,0 12.9692591288095,48.81273388421367,0 12.96809631578095,48.8177719515684,0 12.96597635603852,48.82224040714101,0 12.95118002440737,48.82748007697022,0 12.90928636667595,48.84441536167679,0 12.90165673639625,48.84471219272116,0 12.87757352204928,48.84136775390618,0 12.86036329170382,48.84368824137561,0 12.85366491415521,48.84307855890908,0 12.84709937173085,48.84045861891822,0 12.84067693174964,48.83532087542234,0 12.83564910364239,48.83063657840473,0 12.82072752631511,48.82538662612513,0 12.80553239231489,48.82481288744076,0 12.79396868190578,48.82630330006739,0 12.78239502796532,48.8304947109714,0 12.76873646286397,48.83825472246855,0 12.7649919046023,48.84289594313354,0 12.76496528830068,48.85068389749856,0 12.76123905221329,48.86251570253309,0 12.75938292336919,48.86729559158347,0 12.75203326555996,48.87358448830667,0 12.74872068993201,48.87741269665138,0 12.74373084069299,48.88051040663798,0 12.7379566534337,48.88358607934079,0 12.72907828149798,48.8856001117209,0 12.71937306764033,48.88677798409316,0 12.71156063498482,48.89145318856757,0 12.7048978216684,48.89343154807386,0 12.69595301311224,48.89699772471397,0 12.6902685157485,48.90062368600221,0 12.68527629044959,48.9026613937666,0 12.67927129880507,48.9040082198227,0 12.66960864803024,48.90501575827938,0 12.66320197475932,48.90686663027894,0 12.65798165355561,48.90817054152834,0 12.65253959404334,48.90834988560381,0 12.64826867346686,48.90704644305754,0 12.64398245570634,48.90469638784085,0 12.63915229036235,48.90607705664257,0 12.63576404762031,48.90793712570434,0 12.63213126815555,48.90886921331574,0 12.62841164719103,48.90872043346808,0 12.62452418186716,48.90704190245226,0 12.6231569583495,48.90462765524848,0 12.62234551018794,48.90222365651767,0 12.62039956301244,48.89902712980624,0 12.6169050985592,48.8973999285886,0 12.61347648422999,48.8972296981085,0 12.61003255432543,48.89861503679127,0 12.60287999819594,48.9016057616543,0 12.59951707408665,48.9024524252891,0 12.59534568631495,48.9023980181891,0 12.59290178863846,48.90132516851844,0 12.59086629974455,48.89972141775281,0 12.58886987704795,48.89823163881542,0 12.58565860964058,48.89720828309488,0 12.57588802924457,48.89806363629436,0 12.56956774849251,48.89898877456579,0 12.56582809938483,48.89963289263954,0 12.55732828460077,48.89993730678808,0 12.53869023588321,48.90042208466613,0 12.52483021084592,48.90684115871302,0 12.51503393019287,48.91719088784527,0 12.50939677913406,48.9299206915691,0 12.51051189145483,48.93364149261581,0 12.5176527494464,48.93761744978493,0 12.5231819465158,48.9418498967765,0 12.52156683807677,48.94449099232671,0 12.51744092640038,48.94642222677156,0 12.5052655900289,48.9469362673642,0 12.49880922987689,48.95074611898028,0 12.49660037209317,48.95692692815545,0 12.48882866412438,48.96025253382195,0 12.48313592137418,48.95894229638034,0 12.47800293548924,48.95310496579854,0 12.47159308625949,48.95209921290117,0 12.46764213613051,48.95457834930265,0 12.46827229425411,48.95873168124145,0 12.46852914644387,48.96109156783046,0 12.46753427340989,48.96401160004818,0 12.46534938405871,48.96618427694759,0 12.46220701184723,48.96728115855306,0 12.44543225908166,48.96756594819155,0 12.43453490206217,48.97232831875112,0 12.42961634101975,48.97406036323097,0 12.41895230721067,48.97722283109656,0 12.41333421153487,48.97931141653139,0 12.40916229934187,48.9817272210973,0 12.40521831617313,48.98228799562428,0 12.38378945759636,48.97978051869729,0 12.38062255527892,48.97809700406209,0 12.37849437481018,48.97477717299881,0 12.37565985287951,48.97223934422152,0 12.37179513182773,48.97108802366361,0 12.36641769636032,48.97203412053129,0 12.36088261594527,48.97499301556783,0 12.35330625225577,48.976071263396,0 12.34124775645215,48.9756702173716,0 12.32871505809347,48.98018682943392,0 12.32626721658859,48.98431888237863,0 12.34228578006341,48.99041067743426,0 12.34426072110814,48.99657476867026,0 12.34027760214925,49.00173170426357,0 12.32267444239418,49.01127218018406,0 12.31332312913224,49.01389900875037,0 12.2941235687033,49.01538870353392,0 12.26686561864117,49.01005455933361,0 12.25635702293961,49.01977054075596,0 12.23207164428928,49.02585706212219,0 12.21640644925217,49.02841157414375,0 12.20617615378816,49.02265441152585,0 12.20182029796547,49.02121657871068,0 12.19720525031302,49.01501978244147,0 12.1950963866772,49.01066906780765,0 12.18117212088183,49.00957033064202,0 12.17374045458296,49.01322092927802,0 12.1652693075223,49.01601367147332,0 12.1587364196421,49.01649175033597,0 12.14301873154989,49.02270870498597,0 12.13725201641559,49.02324691887434,0 12.12894611207736,49.02210214324045,0 12.12038542540597,49.02036559977422,0 12.11456991905643,49.01945430858213,0 12.10760544186888,49.02010437884943,0 12.09098649890947,49.02229014269329,0 12.08347700285476,49.02360347503318,0 12.07588152411959,49.02826389283874,0 12.07308991172742,49.03006643395948,0 12.06277805981758,49.03148677379709,0 12.0535525990821,49.02929878488379,0 12.04536965722278,49.02552924760466,0 12.03200479774187,49.01596818971823,0 12.02876440240214,49.01297748018636,0 12.02801238415906,49.00973160391639,0 12.03104857967826,49.00647514280003,0 12.04009375567344,48.99950172818641,0 12.0441617608271,48.99369800173174,0 12.04576414994879,48.99138582238023,0 12.04583121466505,48.98865987264113,0 12.04398998284536,48.98555641711382,0 12.04035454795537,48.98108116453033,0 12.0323477982839,48.97375535494355,0 12.02718227130988,48.9711916076856,0 12.01979133100482,48.96890339953111,0 12.00983961980516,48.96746581386357,0 12.00120518396204,48.96533854472148,0 11.99438251144332,48.96278963578035,0 11.98961521792986,48.95939119004323,0 11.98788293283466,48.95655755159317,0 11.98739276178257,48.95452339217553,0 11.98883634053209,48.9518693852214,0 11.99381710704022,48.95025099976277,0 12.0003908561346,48.9501577274546,0 12.00439682715556,48.94954001825312,0 12.00955055051251,48.94796520895585,0 12.01543222618158,48.94545710665169,0 12.01943935439743,48.94414532918168,0 12.02285585735713,48.94221342565255,0 12.02480281695203,48.93984148195695,0 12.02569767717056,48.93808707407487,0 12.02603612199408,48.93577407402552,0 12.02534984027721,48.93376319580868,0 12.02337445867242,48.93127250606994,0 12.02063188445263,48.92945797753578,0 12.01571440412313,48.92804713806786,0 12.01103243086754,48.92778172967961,0 12.00408908534111,48.92951287336484,0 11.99412389335737,48.93106029050946,0 11.98505019526842,48.92822635504032,0 11.97443174483503,48.92296144523798,0 11.97088500901307,48.91876991461292,0 11.96976484554347,48.91566596549936,0 11.97013418995079,48.91278027908297,0 11.96958283446992,48.91016716976738,0 11.96622366439732,48.90722220238238,0 11.96337052654524,48.90588519354846,0 11.95772764352803,48.90455737747615,0 11.95366121671771,48.90447036706049,0 11.94611940485421,48.90606802650731,0 11.94068626984408,48.90870269873517,0 11.93471979605782,48.91073399930303,0 11.93017490006801,48.91154136520731,0 11.90950224701316,48.91041102994158,0 
						</coordinates>
					</LineString>
				</Placemark>
				<Placemark>
					<name>Lower Mississippi Deep-Draft Corridor</name>
					<description>Status: Operational
Route: Baton Rouge — the head of deep-draft navigation, where ocean tankers end 380 km inland — past the St. James hub and the Garyville, Norco and St. Charles refineries, through New Orleans, to the Gulf via Southwest Pass
Owner/Operator: US Army Corps of Engineers (channel); pilots&apos; associations govern transit
Handles: Crude in by tanker to the refining row; products, chemicals and grain out; above Baton Rouge the river continues as the barge system feeding the Midwest — America&apos;s Rhine, complete with its own low-water crises (2022–23 barge restrictions)
Recent: The 2022–23 drought forced draft and tow-size restrictions on the barge system — the American echo of Kaub, moving freight rates the same way
Strategic role: The reason the corridor exists — deep water, barge connectivity, cooling water and pipeline convergence on one river; its chokepoint is Southwest Pass, the single dredged mouth all deep-draft traffic transits
Risks: Dredging and sediment economics; hurricane closures; drought restricting the barge leg; a Southwest Pass blockage would idle the row</description>
					<styleUrl>#ww1</styleUrl>
					<LineString>
						<tessellate>1</tessellate>
						<coordinates>
							-91.19462010671839,30.45760328751572,0 -91.19733425272544,30.42337360188235,0 -91.21390014522699,30.39412564880111,0 -91.23624251045774,30.37499591262549,0 -91.2395308004504,30.35512045905064,0 -91.2332984517632,30.34295423023054,0 -91.22209994152475,30.33747333997549,0 -91.19815143434022,30.3432163858359,0 -91.17462206415735,30.34623913693139,0 -91.15621752450697,30.33945835272303,0 -91.14371719157865,30.3299100128541,0 -91.14249054275173,30.320200574532,0 -91.15294218324483,30.31324727215122,0 -91.17754181197334,30.31472644671276,0 -91.20149815840077,30.31415514135844,0 -91.22473167394074,30.30564593101412,0 -91.23283975234308,30.30017322929569,0 -91.22689650046456,30.28806743413996,0 -91.19693057318025,30.27795975879408,0 -91.14681114066043,30.27936909105543,0 -91.11637945384435,30.26414963515166,0 -91.10849878907864,30.24945755401385,0 -91.116311288549,30.24091804817153,0 -91.14289914072953,30.22678794608428,0 -91.15336514557234,30.2057367593137,0 -91.15365726006549,30.18442652598912,0 -91.12802460527344,30.18416255472212,0 -91.09901377443586,30.20584134951647,0 -91.05169294181479,30.21179562768703,0 -91.02754941332657,30.19976896083972,0 -91.00621915784541,30.17269104642135,0 -90.99616747116872,30.14935320871553,0 -91.02052443762547,30.12991316789309,0 -91.026549762888,30.12097939767356,0 -91.01856761080373,30.11208757478185,0 -90.99486883950068,30.1145410675668,0 -90.96294284596657,30.10507850544185,0 -90.94876564401149,30.11114662116439,0 -90.94694616037785,30.12430904012333,0 -90.9343067991438,30.1356865422982,0 -90.91937397578717,30.12813703818012,0 -90.91528185101559,30.11069044372892,0 -90.90930595453297,30.08604885862404,0 -90.90015199536002,30.06511417663175,0 -90.87316798468089,30.06267124508689,0 -90.85782849282069,30.06358656579846,0 -90.83980756783259,30.04929556539321,0 -90.82753559874595,29.98570576083999,0 -90.81514657565853,29.9824984073246,0 -90.77974760845731,30.01199643028293,0 -90.74386497510763,30.01367206893046,0 -90.71953504164526,30.01241819891663,0 -90.68971847466844,30.03965305357848,0 -90.65948355037996,30.05133700142757,0 -90.64126445160976,30.04790438945334,0 -90.62092254873988,30.03172703097248,0 -90.58499283696055,30.05210290668588,0 -90.55280662157892,30.04959716520627,0 -90.52437728659035,30.04815470165915,0 -90.50328771130789,30.05117735338447,0 -90.48560170816114,30.05056657503992,0 -90.47615346697116,30.03479398640571,0 -90.47517896529733,30.00997160721646,0 -90.45706630819087,29.99543863754169,0 -90.41753688346108,29.99303074396057,0 -90.4010736414027,29.98534611144022,0 -90.39434544416743,29.96624750125745,0 -90.39385403673249,29.95304305246428,0 -90.34874078123352,29.93495256500883,0 -90.32338920115905,29.93497932612181,0 -90.29519064894285,29.96166914950432,0 -90.27276673856856,29.96882639517098,0 -90.23895423706836,29.9670983550662,0 -90.22324412040867,29.94774874713744,0 -90.21826857943805,29.92881674502657,0 -90.20732110571146,29.92232747703255,0 -90.19259029957836,29.92740865658575,0 -90.15212328714503,29.95400880870983,0 -90.14107607723528,29.95090002226803,0 -90.13717880748368,29.91681054495276,0 -90.11637398743537,29.90805623300175,0 -90.09013810943803,29.91181842362003,0 -90.06340422407622,29.92684014966246,0 -90.05775808877016,29.94309926531955,0 -90.05932330644329,29.95586705267841,0 -90.04347424891024,29.9585652141661,0 -90.00208203705199,29.94148632380227,0 -89.97743127371469,29.92647253764858,0 -89.95977831354782,29.92346591902807,0 -89.93132021797608,29.92146080882441,0 -89.91320357195235,29.90719160483338,0 -89.90363900270042,29.87313007959225,0 -89.92131981232535,29.86348009258753,0 -89.95508123266274,29.87687896368526,0 -89.96780062631404,29.88108949924112,0 -89.9751842326386,29.87338902965072,0 -89.97654724622559,29.85656884832305,0 -89.9949672620445,29.83238933965502,0 -90.00255404679854,29.8092329321035,0 -90.01833916530691,29.78354280548588,0 -90.02255154978067,29.7630814284619,0 -90.01685777195405,29.74698193652688,0 -89.99252858441017,29.72701768165104,0 -89.97278834385401,29.69087056022771,0 -89.96111164714992,29.67823328011493,0 -89.95816578038058,29.6574445756799,0 -89.94943664944796,29.64389493815164,0 -89.92998502656295,29.63534714038549,0 -89.91189727782766,29.62349097470902,0 -89.87589810630554,29.60657938020828,0 -89.8478575064575,29.60313496539767,0 -89.81034993853719,29.58253376448962,0 -89.76102828848521,29.54112559314865,0 -89.73566816870434,29.5284796960356,0 -89.70808611543475,29.50843046717284,0 -89.68602532382654,29.47895906988278,0 -89.66368853250098,29.46284411394176,0 -89.6155489104726,29.45476650346911,0 -89.59928969451809,29.43993649602455,0 -89.60575285098973,29.41931732134798,0 -89.59662300706457,29.39405570306222,0 -89.55133819417127,29.36911795738004,0 -89.48516248075286,29.34546513562568,0 -89.46935264781091,29.34819702058095,0 -89.44802204692853,29.36139804111359,0 -89.41850174421494,29.35088588633164,0 -89.37539432942322,29.3120136816239,0 -89.34034235875797,29.27034423333217,0 -89.28484231687587,29.22160573619591,0 -89.2752703089385,29.19508070698342,0 -89.25583544586618,29.16151209807774,0 -89.25639929446393,29.13818350426567,0 -89.27073518716897,29.10817780766072,0 -89.29099900901791,29.07474456794617,0 -89.30455144842121,29.06557754565279,0 -89.31548054483588,29.0482161443793,0 -89.34122613580725,29.01969855536724,0 -89.36230165562564,28.9923082657181,0 -89.37927380204192,28.96977862182989,0 -89.4484168474297,28.88623826401697,0 
						</coordinates>
					</LineString>
				</Placemark>
			</Folder>
			<Folder>
				<name>Gauge / reference points</name>
				<Placemark>
					<name>Kaub</name>
					<description>Status: Reduced
Operated by: German Federal Waterways and Shipping Administration (WSV)
Role: Reference gauge for Rhine navigation — the shallowest stretch of the Middle Rhine, between Mainz and Koblenz; the single reading fuel and freight markets watch to set barge loadings between ARA and southern Germany / Switzerland. Normal August level ~200 cm; below the ~78 cm equivalent most barges must lighten; around 40 cm shipping runs in emergency mode
Recent: All-time record low in August 2026 — ~21 cm on 3–4 Aug, ~16–17 cm on 10–11 Aug, below 10 cm on 14 Aug; forecast hovering near 20 cm before edging above 30 cm around 23 Aug
Strategic role: Where a weather event becomes a freight premium and an inland supply squeeze — the textbook case of a physical constraint setting prices
Risks: Third major low-water shock since 2018; heat and low soil moisture across southern Germany; recovery needs weeks of sustained rain</description>
					<LookAt>
						<longitude>7.762195600000029</longitude>
						<latitude>50.0880599</latitude>
						<altitude>0</altitude>
						<heading>-9.621177911427134e-14</heading>
						<tilt>0</tilt>
						<range>9609.166468307194</range>
						<gx:altitudeMode>relativeToSeaFloor</gx:altitudeMode>
					</LookAt>
					<styleUrl>#msn_firedept</styleUrl>
					<Point>
						<gx:drawOrder>1</gx:drawOrder>
						<coordinates>7.762195600000029,50.0880599,0</coordinates>
					</Point>
				</Placemark>
			</Folder>
		</Folder>
	</Folder>
	<Folder>
		<name>D. Storage &amp; Pricing</name>
		<Folder>
			<name>Storage &amp; Depots</name>
			<Folder>
				<name>Crude Storage</name>
				<Placemark>
					<name>LOOP Clovelly Storage Hub</name>
					<description>Status: Operational
Owner/Operator: LOOP LLC
Role: The onshore half of the LOOP system — crude storage in salt-dome caverns and tanks at Clovelly, buffering offshore tanker operations against pipeline schedules
Storage capacity: Tens of millions of barrels across eight caverns and surface tankage
Connectivity: Subsea pipeline from the marine terminal; LOCAP onward to St. James; Mars and other offshore Gulf grades also land in this system
Strategic role: The cavern buffer that makes VLCC economics work on the US Gulf — and a delivery point in the Gulf sour crude market alongside St. James
Risks: Hurricane corridor; cavern-integrity management; dependence on the single offshore terminal upstream</description>
					<styleUrl>#msn_red-circle11</styleUrl>
					<Point>
						<coordinates>-90.26957160699486,29.44742710537982,0</coordinates>
					</Point>
				</Placemark>
				<Placemark>
					<name>Enbridge Cushing Terminal</name>
					<description>Status: Operational
Owner/Operator: Enbridge
Role: The largest single-operator position at the WTI delivery hub — ~20 million barrels of floating-roof crude tankage south of Cushing town
Storage capacity: ~20 million barrels within the hub&apos;s ~90 million total working capacity (~300 tanks)
Connectivity: Manifolded into the hub&apos;s inbound lines (Keystone, Basin, Flanagan South, White Cliffs) and outbound systems (Seaway, Marketlink, Ozark to Wood River)
Strategic role: Where a large share of the barrels that settle NYMEX WTI physically sit — the tanks behind the world&apos;s most-watched Wednesday inventory number
Risks: Basis blowouts when inbound exceeds outbound capacity (the April 2020 lesson); tornado alley weather; contract-storage cycle swings</description>
					<styleUrl>#default0</styleUrl>
					<Point>
						<coordinates>-96.75,35.94,0</coordinates>
					</Point>
				</Placemark>
				<Placemark>
					<name>Plains All American Cushing Terminal</name>
					<description>Status: Operational
Owner/Operator: Plains All American Pipeline
Role: Co-largest tank farm at the hub — ~20 million barrels, tied into Plains&apos; Permian and Mid-Continent gathering systems
Storage capacity: ~20 million barrels of floating-roof tankage
Connectivity: Inbound from the Basin pipeline (Permian barrels) among others; outbound to the Gulf systems; Diamond pipeline (Plains–Valero JV, 200,000 b/d to the Memphis refinery) departs the hub
Strategic role: The Permian&apos;s traditional inland parking lot — Plains connects wellhead gathering in Texas to the paper market in Oklahoma
Risks: Storage-contract renewal cycles; the structural shift of Permian barrels flowing straight to Houston instead of via Cushing</description>
					<styleUrl>#default0</styleUrl>
					<Point>
						<coordinates>-96.72458171451837,35.95998675420457,0</coordinates>
					</Point>
				</Placemark>
				<Placemark>
					<name>Cushing Independent &amp; Midstream Terminals</name>
					<description>Status: Operational
Owner/Operator: ONEOK (~7.8 million barrels, ex-Magellan), Energy Transfer (~7.6 million at the Rose Rock terminal), Enterprise Products (~3.1 million) and smaller operators
Role: The rest of the world&apos;s largest tank farm — the multi-operator tankage that makes Cushing storage a tradable service, not one company&apos;s asset
Storage capacity: ~20+ million barrels combined across the independent and midstream positions
Connectivity: Fully manifolded into the hub — any tank can in principle serve any pipeline, which is what makes WTI delivery frictionless
Strategic role: The competitive depth behind the benchmark — multiple operators quoting storage is why the delivery mechanism is trusted
Risks: Consolidation reducing operator diversity; ageing tankage; utilisation swings between contango and backwardation</description>
					<styleUrl>#default0</styleUrl>
					<Point>
						<coordinates>-96.75158953706269,36.00946085727618,0</coordinates>
					</Point>
				</Placemark>
			</Folder>
			<Folder>
				<name>Commercial depots &amp; tank farms</name>
				<Placemark>
					<name>PSO Zulfiqarabad Oil Terminal (ZOT)</name>
					<description>Status: Operational
Role: Pakistan&apos;s largest oil storage facility (~450,000 t of products) — PSO&apos;s principal coastal tank farm at Pipri, under expansion</description>
					<styleUrl>#default3</styleUrl>
					<Point>
						<coordinates>67.30377660265292,24.82195395640225,0</coordinates>
					</Point>
				</Placemark>
				<Placemark id="0131F7C7AC3E47528898">
					<name>oil terminal at Barrancabermeja</name>
					<description>Status: Operational</description>
					<LookAt>
						<longitude>-73.87982496976572</longitude>
						<latitude>7.067257792960224</latitude>
						<altitude>78.82518001388942</altitude>
						<heading>0</heading>
						<tilt>0</tilt>
						<gx:fovy>35</gx:fovy>
						<range>5752.594125845936</range>
						<altitudeMode>absolute</altitudeMode>
					</LookAt>
					<styleUrl>#default3</styleUrl>
					<Point>
						<coordinates>-73.88462355019486,7.073652529560514,73.42292414192707</coordinates>
					</Point>
				</Placemark>
				<Placemark>
					<name>Mersin Karaduvar Fuel Terminals Cluster</name>
					<description>Status: Operational
Owner/Operator: Multiple independents — Opet (240,000 m³, pier, mooring buoy, rail and customs transit tanks), Kadoil Akdeniz (141,000 m³, offshore platform berthing two 65,000 dwt vessels), Soil Petrol (96,500 m³) and others alongside ATAŞ
Role: Turkey&apos;s Mediterranean products-import cluster — seaborne gasoline, diesel and fuel oil landed, stored, blended and distributed to southern and central Anatolia by truck and rail
Connectivity: No pipeline serves this coast — when the ATAŞ refinery closed in 2004, the region&apos;s fuel had to come 485 km by road from Kırıkkale, and the logistics haven&apos;t fundamentally changed
Strategic role: The demand-side mirror of Ceyhan next door — one bay exports crude the country doesn&apos;t refine, the other imports products the country doesn&apos;t produce
Risks: Full seaborne dependence; road-distribution bottlenecks; transit-trade compliance exposure</description>
					<styleUrl>#msn_red-circle40</styleUrl>
					<Point>
						<coordinates>34.68769017933675,36.82386007525118,0</coordinates>
					</Point>
				</Placemark>
				<Placemark>
					<name>ATAŞ Terminal Mersin (former refinery)</name>
					<description>Status: Operational
Owner/Operator: ATAŞ — Petrol Ofisi (Vitol) 61.45%, Shell &amp; Turcas 38.55%; Turcas sold its direct stake in March 2026
Role: The Mediterranean coast&apos;s products hub — a 1962 refinery (Mobil/Shell/BP/Caltex heritage, 3.2 Mt/yr) that ceased refining in June 2004 and was converted into one of Turkey&apos;s largest fuel terminals
Storage capacity: 577,000 m³ of gasoline, diesel, fuel oil and biofuel components; jetty for large product tankers; rail and truck loading
Recent: August 2026 — the MR tanker Wendrix loaded gasoline here bound for Russia, the first identified Turkey-to-Russia seaborne gasoline route of the sanctions era; Mersin port sits on Ukraine&apos;s sanctions list over suspected Russian links
Strategic role: A trader-owned Mediterranean blending and re-export platform — where stored molecules change direction when the market flips, as Russia&apos;s 2026 switch from fuel exporter to importer demonstrated
Risks: Sanctions-compliance exposure on re-export flows; earthquake vulnerability of the tank farm; single-coast products dependence for the region since refining ended</description>
					<styleUrl>#msn_red-circle6</styleUrl>
					<Point>
						<coordinates>34.70087210231715,36.8193020811484,0</coordinates>
					</Point>
				</Placemark>
				<Placemark>
					<name>Novi Sad NIS site</name>
					<description>Status: Operational
Owner/Operator: NIS (Naftna Industrija Srbije)
Role: Former crude refinery, no longer processing fuels — now NIS&apos;s head office, a lubricants operation and a Danube logistics base
Recent: Heavily damaged in the 1999 NATO bombing and never returned to full crude refining; NIS concentrated all refining at Pančevo
Strategic role: A reminder that Serbia went from two refineries to one — why the Pančevo sanctions crisis had no domestic fallback</description>
					<LookAt>
						<longitude>19.86802091458377</longitude>
						<latitude>45.27519971406137</latitude>
						<altitude>0</altitude>
						<heading>-0.5870989562253861</heading>
						<tilt>12.86049340360877</tilt>
						<range>3708.395036660953</range>
						<gx:altitudeMode>relativeToSeaFloor</gx:altitudeMode>
					</LookAt>
					<styleUrl>#m_ylw-pushpin00</styleUrl>
					<Point>
						<gx:drawOrder>1</gx:drawOrder>
						<coordinates>19.86391819970226,45.27467057240916,0</coordinates>
					</Point>
				</Placemark>
				<Placemark id="0231264C8F3F60C76B1D">
					<name>TotalEnergies - Dépôt Pétrolier de Saint-Quentin-Fallavier</name>
					<description>Status: Operational</description>
					<LookAt>
						<longitude>5.1149018</longitude>
						<latitude>45.6155196</latitude>
						<altitude>0</altitude>
						<heading>0</heading>
						<tilt>0</tilt>
						<gx:fovy>35</gx:fovy>
						<range>1697.810766376264</range>
						<altitudeMode>relativeToGround</altitudeMode>
					</LookAt>
					<styleUrl>#m_ylw-pushpin00</styleUrl>
					<Point>
						<altitudeMode>relativeToGround</altitudeMode>
						<coordinates>5.1149018,45.6155196,0</coordinates>
					</Point>
				</Placemark>
				<Placemark id="0E16C2BDCB3F625F7E2A">
					<name>GFS German Fuel Service</name>
					<description>Status: Operational</description>
					<LookAt>
						<longitude>8.5559148</longitude>
						<latitude>50.0286872</latitude>
						<altitude>0</altitude>
						<heading>0</heading>
						<tilt>0</tilt>
						<gx:fovy>35</gx:fovy>
						<range>1537.549630437695</range>
						<altitudeMode>relativeToGround</altitudeMode>
					</LookAt>
					<styleUrl>#m_ylw-pushpin00</styleUrl>
					<Point>
						<altitudeMode>relativeToGround</altitudeMode>
						<coordinates>8.5559148,50.0286872,0</coordinates>
					</Point>
				</Placemark>
				<Placemark id="08F5E005523EB856C896">
					<name>Vopak Terminal Vlaardingen</name>
					<description>Status: Operational
Owner/Operator: Royal Vopak
Role: Independent liquid-bulk terminal in the Port of Rotterdam specialised in biofuels and specialty products — vegetable oils, animal fats, biodiesel, oleochemicals, base oils, sustainable feedstocks
Storage capacity: ~564,000–600,000 m³ in ~292 tanks (250–6,240 m³); 3 seagoing berths (max ~13 m draught), 10 barge berths, rail and road access
Recent: 16 new tanks (64,000 m³) commissioned in 2023 for waste-based feedstocks used in biodiesel, renewable diesel and SAF production
Strategic role: A major European hub for biofuel feedstocks within the ARA trading area — the storage side of the renewable-fuels chain
Risks: Fire and contamination; product-segregation requirements; Rhine and port logistics; dependence on European biofuel demand</description>
					<LookAt>
						<longitude>4.327444530134892</longitude>
						<latitude>51.88757475793151</latitude>
						<altitude>0.26670479144419</altitude>
						<heading>0</heading>
						<tilt>0</tilt>
						<gx:fovy>35</gx:fovy>
						<range>23013.69924402796</range>
						<altitudeMode>absolute</altitudeMode>
					</LookAt>
					<styleUrl>#m_ylw-pushpin00</styleUrl>
					<Point>
						<coordinates>4.2828162,51.8913455,0.2735449984056348</coordinates>
					</Point>
				</Placemark>
				<Placemark id="MERGED0000AMSWESTPOORT">
					<name>Amsterdam Westpoort (Vopak + oil terminals + Petroleumhaven)</name>
					<description>Status: Operational
Role: One of Amsterdam&apos;s largest fuel-storage areas — Vopak and other terminals, including the older Petroleumhaven oil harbour, now less central but still active</description>
					<LookAt>
						<longitude>4.786598134495219</longitude>
						<latitude>52.41053286954726</latitude>
						<altitude>2</altitude>
						<heading>0</heading>
						<tilt>0</tilt>
						<gx:fovy>35</gx:fovy>
						<range>3000</range>
						<altitudeMode>absolute</altitudeMode>
					</LookAt>
					<styleUrl>#m_ylw-pushpin00</styleUrl>
					<Point>
						<coordinates>4.786598134495219,52.41053286954726,2</coordinates>
					</Point>
				</Placemark>
				<Placemark id="0E04548DF53EB8BAB7DB">
					<name>Maasvlakte / Europoort storage (Rotterdam)</name>
					<description>Status: Operational
Role: One of Europe&apos;s largest oil-storage zones — the deep-water crude and products tank farms of Rotterdam&apos;s outer port</description>
					<LookAt>
						<longitude>4.140520334330686</longitude>
						<latitude>51.95601173126482</latitude>
						<altitude>3.887980124462795</altitude>
						<heading>351.1063456290323</heading>
						<tilt>0</tilt>
						<gx:fovy>35</gx:fovy>
						<range>15750.88389459299</range>
						<altitudeMode>absolute</altitudeMode>
					</LookAt>
					<styleUrl>#m_ylw-pushpin00</styleUrl>
					<Point>
						<coordinates>4.141333829543958,51.94799525328288,12.57155851531995</coordinates>
					</Point>
				</Placemark>
				<Placemark id="0DC08DEA7E3EB8C05CFF">
					<name>Vopak terminal Eurotank</name>
					<description>Status: Operational</description>
					<LookAt>
						<longitude>4.359007418395937</longitude>
						<latitude>51.24953550795927</latitude>
						<altitude>0.9775420492682363</altitude>
						<heading>359.9997683807277</heading>
						<tilt>0</tilt>
						<gx:fovy>35</gx:fovy>
						<range>2243.808004093299</range>
						<altitudeMode>absolute</altitudeMode>
					</LookAt>
					<styleUrl>#m_ylw-pushpin00</styleUrl>
					<Point>
						<coordinates>4.354385179949142,51.24937599132093,2.513679747653361</coordinates>
					</Point>
				</Placemark>
				<Placemark id="02411B8AE03EB8C242B1">
					<name>ATPC Antwerp Terminal and Processing Company</name>
					<description>Status: Operational
Owner/Operator: Antwerp Terminal and Processing Company (ATPC)
Role: Independent storage and processing terminal in the Port of Antwerp</description>
					<LookAt>
						<longitude>4.370783050258007</longitude>
						<latitude>51.25068851850505</latitude>
						<altitude>2.935524090415089</altitude>
						<heading>359.9997653385016</heading>
						<tilt>0</tilt>
						<gx:fovy>35</gx:fovy>
						<range>1914.193430132582</range>
						<altitudeMode>absolute</altitudeMode>
					</LookAt>
					<styleUrl>#m_ylw-pushpin00</styleUrl>
					<Point>
						<coordinates>4.369067045891983,51.25177384885958,3.305894788988312</coordinates>
					</Point>
				</Placemark>
				<Placemark id="0162C7DA0B3ED2BC8880">
					<name>Mer Rouge Oil Storage Terminal</name>
					<description>Status: Operational
Role: Main fuel storage and distribution terminal of Mauritius — gasoline, diesel, LPG; supplies the whole country via the distribution network</description>
					<LookAt>
						<longitude>57.50155405263364</longitude>
						<latitude>-20.15355070419144</latitude>
						<altitude>7.216009544888711</altitude>
						<heading>0</heading>
						<tilt>0</tilt>
						<gx:fovy>35</gx:fovy>
						<range>1845.695836351079</range>
						<altitudeMode>absolute</altitudeMode>
					</LookAt>
					<styleUrl>#m_ylw-pushpin00</styleUrl>
					<Point>
						<coordinates>57.48908302397544,-20.14461293115252,6.373579975660162</coordinates>
					</Point>
				</Placemark>
				<Placemark id="02690C57FB3ED2BF4CDB">
					<name>Port Louis</name>
					<description>Status: Operational
Role: Mauritius&apos; main port — handles nearly all of the country&apos;s imports, including petroleum products; Indian Ocean bunkering and redistribution point (LSFO, marine gasoil)
Strategic role: A secondary hub for Indian Ocean flows — when Singapore economics weaken, traders redirect fuel here for regional redistribution</description>
					<LookAt>
						<longitude>57.49463343785061</longitude>
						<latitude>-20.14321604946481</latitude>
						<altitude>5.860959815242246</altitude>
						<heading>353.9305954060587</heading>
						<tilt>0</tilt>
						<gx:fovy>35</gx:fovy>
						<range>3620.237184350844</range>
						<altitudeMode>absolute</altitudeMode>
					</LookAt>
					<styleUrl>#m_ylw-pushpin00</styleUrl>
					<Point>
						<coordinates>57.4947021908326,-20.14141803191107,4.18707365313888</coordinates>
					</Point>
				</Placemark>
				<Placemark id="07380DAB883ED2C1EDE3">
					<name>Port of Maputo</name>
					<description>Status: Operational
Role: Major southern-African port — includes the Maputo and Matola industrial terminals; receives fuel cargoes for regional distribution, industrial demand and ship bunkering
Strategic role: A regional distribution hub — cargoes are redirected here when southern-African demand and margins beat Singapore flows</description>
					<LookAt>
						<longitude>32.56126295617292</longitude>
						<latitude>-25.97157100455324</latitude>
						<altitude>3.814655890430014</altitude>
						<heading>0</heading>
						<tilt>0</tilt>
						<gx:fovy>35</gx:fovy>
						<range>3241.859351807507</range>
						<altitudeMode>absolute</altitudeMode>
					</LookAt>
					<styleUrl>#m_ylw-pushpin00</styleUrl>
					<Point>
						<coordinates>32.56336455789477,-25.96982451454338,5.677996084971806</coordinates>
					</Point>
				</Placemark>
				<Placemark id="03514F93A13ED2C2BE98">
					<name>Matola Petroleum Terminal (inside Maputo complex)</name>
					<description>Status: Operational
Role: Dedicated oil and fuel terminal inside the Maputo port complex — diesel, gasoline, fuel oil
Connectivity: Inland markets — South Africa, Zimbabwe and the wider region</description>
					<LookAt>
						<longitude>32.49888822985296</longitude>
						<latitude>-25.96002605899472</latitude>
						<altitude>4.994032608525742</altitude>
						<heading>0</heading>
						<tilt>0</tilt>
						<gx:fovy>35</gx:fovy>
						<range>1718.658487156208</range>
						<altitudeMode>absolute</altitudeMode>
					</LookAt>
					<styleUrl>#m_ylw-pushpin00</styleUrl>
					<Point>
						<coordinates>32.49949090624551,-25.95965481985363,5.284837326036451</coordinates>
					</Point>
				</Placemark>
				<Placemark id="0A3736E8B13ED2D34AD8">
					<name>Kendal–Ogies–eMalahleni (Witbank)</name>
					<description>Status: Operational
Role: Clustered inland fuel-logistics zone in Mpumalanga, South Africa — fuel depots and rail/road logistics; the inland pipeline system ties in here
Strategic role: A distribution node of South Africa&apos;s inland fuel supply — a logistics zone rather than a single terminal</description>
					<LookAt>
						<longitude>29.04925956287903</longitude>
						<latitude>-26.05231112682893</latitude>
						<altitude>1596.784226076892</altitude>
						<heading>0</heading>
						<tilt>0</tilt>
						<gx:fovy>35</gx:fovy>
						<range>2519.468649739575</range>
						<altitudeMode>absolute</altitudeMode>
					</LookAt>
					<styleUrl>#m_ylw-pushpin00</styleUrl>
					<Point>
						<coordinates>29.04438675583706,-26.05027122129684,1586.762756987893</coordinates>
					</Point>
				</Placemark>
				<Placemark id="06D7DDADB63F32DB299F">
					<name>Mont Belvieu, Texas</name>
					<description>Status: Operational
Role: North America&apos;s largest NGL and LPG storage and fractionation hub — and the global pricing benchmark for propane and butane (&quot;Mt. Belvieu&quot;), as Henry Hub is for gas and Cushing for crude
Infrastructure: Massive underground salt-cavern storage in the Barbers Hill dome (propane, butane, ethane, iso-butane, natural gasoline, mixed Y-grade); large-scale fractionation plants; LPG export links to the Houston Ship Channel
Connectivity: Pipeline inflows from the Permian, Eagle Ford, Bakken and Marcellus; petrochemical feedstock distribution networks
Recent: US shale growth turned it from a regional LPG centre into the dominant export supply hub for propane and butane to Asia, Europe and Latin America
Strategic role: The central balancing point of US NGL production — spot prices, futures, swaps and international cargo pricing all key off Mont Belvieu assessments
Risks: Gulf hurricanes; fractionation and cavern outages; export-dock congestion</description>
					<LookAt>
						<longitude>-94.89785834136593</longitude>
						<latitude>29.84798420123239</latitude>
						<altitude>26.72798639134514</altitude>
						<heading>0</heading>
						<tilt>0</tilt>
						<gx:fovy>35</gx:fovy>
						<range>12456.51559872553</range>
						<altitudeMode>absolute</altitudeMode>
					</LookAt>
					<styleUrl>#m_ylw-pushpin00</styleUrl>
					<Point>
						<coordinates>-94.89773417913777,29.84779574732718,26.72588759351757</coordinates>
					</Point>
				</Placemark>
				<Placemark id="0F484CD4503F3A061AC7">
					<name>SKA Fuel Terminal</name>
					<description>Status: OperationalStatus: Operational
Owner/Operator: SKA International Group — independent fuel logistics operator
Role: Independent refined-products import and storage terminal in the Umm Qasr / Khor al-Zubair port zone — diesel, gasoline and jet fuel landed by tanker for distribution into southern Iraq
Connectivity: Truck loading into the Basra region; part of the private import infrastructure covering the products Iraq&apos;s refineries don&apos;t yet supply
Strategic role: A window into Iraq&apos;s paradox — OPEC&apos;s second crude producer importing its own road fuels through private coastal terminals
Risks: Import dependence on Gulf shipping; storage capacity and specifications to verify; congestion in the port zone</description>
					<LookAt>
						<longitude>47.8872989</longitude>
						<latitude>30.1783531</latitude>
						<altitude>0</altitude>
						<heading>0</heading>
						<tilt>0</tilt>
						<gx:fovy>35</gx:fovy>
						<range>898.5032577756459</range>
						<altitudeMode>relativeToGround</altitudeMode>
					</LookAt>
					<styleUrl>#msn_red-circle00</styleUrl>
					<Point>
						<altitudeMode>relativeToGround</altitudeMode>
						<coordinates>47.88729410000001,30.1783967,0</coordinates>
					</Point>
				</Placemark>
				<Placemark id="09F771CFD83F3A0A2DFF">
					<name>Aqaba storage</name>
					<description>Status: Operational
Owner/Operator: Jordanian state port entities (Aqaba Development Corporation area)
Role: Jordan&apos;s sole maritime energy gateway — crude and refined-product imports, LPG, and LNG via a floating import terminal
Connectivity: Onward largely by road toward the Zarqa refinery region and inland demand centres
Strategic role: Virtually all of Jordan&apos;s hydrocarbon imports enter through this short stretch of coast — the country&apos;s single energy artery
Risks: Same Bab el-Mandeb exposure as neighbouring Eilat (freight and insurance costs spiked in the Red Sea crisis); single-gateway dependence; limited storage depth</description>
					<LookAt>
						<longitude>34.9696079145146</longitude>
						<latitude>29.38012319358461</latitude>
						<altitude>24.34250821688701</altitude>
						<heading>0</heading>
						<tilt>0</tilt>
						<gx:fovy>35</gx:fovy>
						<range>1927.914198111976</range>
						<altitudeMode>absolute</altitudeMode>
					</LookAt>
					<styleUrl>#m_ylw-pushpin00</styleUrl>
					<Point>
						<coordinates>34.96799563995901,29.38178999956056,33.40967143232309</coordinates>
					</Point>
				</Placemark>
				<Placemark id="0BA72CF2403F3A11B078">
					<name>Beniyas storage</name>
					<description>Status: Operational</description>
					<LookAt>
						<longitude>35.97485362686777</longitude>
						<latitude>35.2181526155423</latitude>
						<altitude>46.57940928101495</altitude>
						<heading>0</heading>
						<tilt>0</tilt>
						<gx:fovy>35</gx:fovy>
						<range>5785.393581093522</range>
						<altitudeMode>absolute</altitudeMode>
					</LookAt>
					<styleUrl>#m_ylw-pushpin00</styleUrl>
					<Point>
						<coordinates>35.96653381958463,35.22235976149776,36.24013392066996</coordinates>
					</Point>
				</Placemark>
				<Placemark id="06B3C0CB073F3CC33504">
					<name>Russia inland storage (Volga-Urals region)</name>
					<description>Status: Operational</description>
					<LookAt>
						<longitude>52.22037580476277</longitude>
						<latitude>54.92813120507305</latitude>
						<altitude>127.48866911771</altitude>
						<heading>4.717358361696921</heading>
						<tilt>0</tilt>
						<gx:fovy>35</gx:fovy>
						<range>7475.071725114249</range>
						<altitudeMode>absolute</altitudeMode>
					</LookAt>
					<styleUrl>#m_ylw-pushpin00</styleUrl>
					<Point>
						<coordinates>52.21994947792797,54.92568048328462,135.0925367481317</coordinates>
					</Point>
				</Placemark>
				<Placemark id="01EBA3ACAD3F3CC46964">
					<name>Ukraine pipeline storage (Druzhba route)</name>
					<description>Status: Operational</description>
					<LookAt>
						<longitude>25.13549189915301</longitude>
						<latitude>50.0737421625865</latitude>
						<altitude>222.8344798462779</altitude>
						<heading>4.717358361580049</heading>
						<tilt>0</tilt>
						<gx:fovy>35</gx:fovy>
						<range>4643.867886980879</range>
						<altitudeMode>absolute</altitudeMode>
					</LookAt>
					<styleUrl>#m_ylw-pushpin00</styleUrl>
					<Point>
						<coordinates>25.12478137865085,50.07026397362587,225.7785784856151</coordinates>
					</Point>
				</Placemark>
				<Placemark id="0CCBA58C8F3F53AEF5B6">
					<name>Chiba storage terminal (Japan)</name>
					<description>Status: Operational</description>
					<LookAt>
						<longitude>140.0301458090232</longitude>
						<latitude>35.49344699577473</latitude>
						<altitude>-2.80929930445236</altitude>
						<heading>0</heading>
						<tilt>0</tilt>
						<gx:fovy>35</gx:fovy>
						<range>18384.48961256538</range>
						<altitudeMode>absolute</altitudeMode>
					</LookAt>
					<styleUrl>#m_ylw-pushpin00</styleUrl>
					<Point>
						<coordinates>140.0214638468653,35.49237444730526,6.897529595340323</coordinates>
					</Point>
				</Placemark>
				<Placemark id="0C59D1331B3F60C12E3B">
					<name>DEPOTS PETROLIERS DE FOS S.A.</name>
					<description>Status: Operational</description>
					<LookAt>
						<longitude>4.9160405</longitude>
						<latitude>43.43479699999999</latitude>
						<altitude>0</altitude>
						<heading>0</heading>
						<tilt>0</tilt>
						<gx:fovy>35</gx:fovy>
						<range>1774.084589935238</range>
						<altitudeMode>relativeToGround</altitudeMode>
					</LookAt>
					<styleUrl>#m_ylw-pushpin00</styleUrl>
					<Point>
						<altitudeMode>relativeToGround</altitudeMode>
						<coordinates>4.916040499999999,43.434797,0</coordinates>
					</Point>
				</Placemark>
				<Placemark id="017F97CF753FA091D7BB">
					<name>Gelsenkirchen storage terminal (Germany)</name>
					<description>Status: Operational</description>
					<LookAt>
						<longitude>7.061505665274048</longitude>
						<latitude>51.53320957481906</latitude>
						<altitude>30.18608891952865</altitude>
						<heading>0</heading>
						<tilt>0</tilt>
						<gx:fovy>35</gx:fovy>
						<range>2851.57249787153</range>
						<altitudeMode>absolute</altitudeMode>
					</LookAt>
					<styleUrl>#m_ylw-pushpin00</styleUrl>
					<Point>
						<coordinates>7.070367879298738,51.52976345771804,33.83028083796033</coordinates>
					</Point>
				</Placemark>
			</Folder>
			<Folder>
				<name>Inland distribution depots</name>
				<Placemark>
					<name>Machike Terminal (Sheikhupura)</name>
					<description>Status: Operational
Role: Major oil storage and distribution hub of the Lahore region — northern end of the MFM pipeline and origin of the planned MTT-WOP toward Peshawar</description>
					<styleUrl>#default00</styleUrl>
					<Point>
						<coordinates>73.98999999999999,31.65,0</coordinates>
					</Point>
				</Placemark>
				<Placemark>
					<name>Mahmoodkot Storage &amp; Pipeline Hub</name>
					<description>Status: Operational
Role: Pakistan&apos;s inland pipeline junction — KMK and WOP end here, MFM starts here; PARCO refinery tanks, PAPCO terminal and strategic product storage side by side</description>
					<styleUrl>#default00</styleUrl>
					<Point>
						<coordinates>70.92767383942596,30.16252815377668,0</coordinates>
					</Point>
				</Placemark>
				<Placemark id="0E6E8239333F9FF0FF11">
					<name>Geneva fuel infrastructure</name>
					<description>Status: Operational</description>
					<LookAt>
						<longitude>6.098200736439592</longitude>
						<latitude>46.21548194741699</latitude>
						<altitude>409.7615737024962</altitude>
						<heading>0</heading>
						<tilt>0</tilt>
						<gx:fovy>35</gx:fovy>
						<range>1374.209322501265</range>
						<altitudeMode>absolute</altitudeMode>
					</LookAt>
					<styleUrl>#default00</styleUrl>
					<Point>
						<coordinates>6.101515340222317,46.21589967767904,409.7536698553555</coordinates>
					</Point>
				</Placemark>
				<Placemark id="0DD541FB773F9FFBE1F4">
					<name>Le Havre port storage (France)</name>
					<description>Status: Operational</description>
					<LookAt>
						<longitude>0.1340858743287265</longitude>
						<latitude>49.46310360361049</latitude>
						<altitude>8.458222682819619</altitude>
						<heading>0</heading>
						<tilt>0</tilt>
						<gx:fovy>35</gx:fovy>
						<range>12446.22251956026</range>
						<altitudeMode>absolute</altitudeMode>
					</LookAt>
					<styleUrl>#default00</styleUrl>
					<Point>
						<coordinates>0.1591582776677547,49.4651087863507,8.434378666648374</coordinates>
					</Point>
				</Placemark>
				<Placemark id="0B121B0EA13FA002D0B3">
					<name>Paris region storage (Île-de-France pipeline network)</name>
					<description>Status: Operational</description>
					<LookAt>
						<longitude>2.176400251509862</longitude>
						<latitude>48.90220289459533</latitude>
						<altitude>28.26293177313273</altitude>
						<heading>0</heading>
						<tilt>0</tilt>
						<gx:fovy>35</gx:fovy>
						<range>3566.298645962379</range>
						<altitudeMode>absolute</altitudeMode>
					</LookAt>
					<styleUrl>#default00</styleUrl>
					<Point>
						<coordinates>2.185023301465163,48.90105116833551,25.9229733781971</coordinates>
					</Point>
				</Placemark>
				<Placemark>
					<name>Strasbourg oil terminal</name>
					<description>Status: Operational
Owner/Operator: Seven Seveso high-threshold sites run by independent storage companies (incl. Bolloré Energy, Tepsa) within the Port Autonome de Strasbourg
Role: Inland refined-products storage and distribution hub — France&apos;s second river port; diesel, gasoline, heating oil, jet — no crude; dedicated oil basin (1920s, rebuilt post-war) with barge berths, rail and truck loading
Connectivity: Supplied mainly by barge from the ARA hub via the Rhine through Kaub; distributes across Alsace and eastern France
Recent: Directly exposed to the August 2026 record low water — reduced barge loads and a ~400% freight surge tighten and reprice inland supply
Strategic role: The end-point of the ARA-to-Alsace product chain — where a Rhine low-water event becomes a local fuel-supply and price issue
Risks: Rhine navigability (2018, 2022, 2026); Seveso sites 100 m from housing (contested risk plan); limited pipeline alternatives for the region</description>
					<LookAt>
						<longitude>7.810384275813795</longitude>
						<latitude>48.59896112534291</latitude>
						<altitude>0</altitude>
						<heading>0.03761259590973835</heading>
						<tilt>12.33929695322486</tilt>
						<range>3728.000555799524</range>
						<gx:altitudeMode>relativeToSeaFloor</gx:altitudeMode>
					</LookAt>
					<styleUrl>#default00</styleUrl>
					<Point>
						<gx:drawOrder>1</gx:drawOrder>
						<coordinates>7.803447355785695,48.60168919049215,0</coordinates>
					</Point>
				</Placemark>
				<Placemark>
					<name>Birsfelden Tank Farms</name>
					<description>Status: Operational
Owner/Operator: Port owned by the canton of Basel-Landschaft, managed by Schweizerische Rheinhäfen; tank farms privately run — VARO operates two fuel tank farms here; Birsterminal AG runs the largest cargo facility in the Swiss Rhine ports
Role: Northern half of Switzerland&apos;s barge-fed fuel gateway — diesel, gasoline, heating oil and jet landed by Rhine barge; also containers, steel and general cargo
Connectivity: End-point of the ARA–Basel corridor through Kaub; rail and truck distribution into the Swiss network
Recent: Designated site of the H2-Hub Schweiz — announced 2021 (ports, VARO, AVIA, IWB), association founded Feb 2024; IWB pilot green-hydrogen plant planned from 2026/27, European-network imports early 2030s
Strategic role: With Muttenz, the physical entry point of Switzerland&apos;s seaborne fuel supply — where the Rhine corridor from ARA ends and Swiss inland distribution begins
Risks: Total dependence on Rhine navigability (2018, 2022, record 2026); landlocked market with limited alternatives (Fos–Cressier pipeline and rail only)</description>
					<LookAt>
						<longitude>7.636677907105755</longitude>
						<latitude>47.55498926526166</latitude>
						<altitude>0</altitude>
						<heading>0.006970041236957261</heading>
						<tilt>3.170333229084024</tilt>
						<range>1840.506306391863</range>
						<gx:altitudeMode>relativeToSeaFloor</gx:altitudeMode>
					</LookAt>
					<styleUrl>#default00</styleUrl>
					<Point>
						<gx:drawOrder>1</gx:drawOrder>
						<coordinates>7.637289037624486,47.55480931641503,0</coordinates>
					</Point>
				</Placemark>
				<Placemark>
					<name>Muttenz Tank Farms</name>
					<description>Status: Operational
Owner/Operator: Port managed by Schweizerische Rheinhäfen; principal operators TAU Tanklager Auhafen (134 tanks, ~530,000 m³, up to seven barges discharging simultaneously, rail and truck loading) and AVIA (grouping ten independent Swiss firms)
Role: Switzerland&apos;s main liquid-fuel import and storage terminal — the largest tank-farm concentration in the Swiss Rhine ports; also edible oils, grains and dry bulk
Connectivity: Delivered almost entirely by Rhine barge from ARA via Kaub; onward by rail and truck across Switzerland; designated storage site for compulsory Swiss fuel stocks
Recent: Built 1937–40 and repeatedly expanded; Basel-area tank capacity consolidating toward Auhafen; part of the H2-Hub Schweiz initiative; directly hit by the August 2026 record low water, with ARA–Upper Rhine freight near €200/tonne
Strategic role: The single most important node of Switzerland&apos;s fuel import chain — when barge freight surges, Swiss inland prices decouple from Rotterdam
Risks: Rhine low water; Seveso-class constraints in a dense urban area; national fuel imports concentrated at one complex</description>
					<LookAt>
						<longitude>7.662464518482993</longitude>
						<latitude>47.54249605421212</latitude>
						<altitude>0</altitude>
						<heading>0.009930929039841285</heading>
						<tilt>13.1583500931029</tilt>
						<range>1800.782002598348</range>
						<gx:altitudeMode>relativeToSeaFloor</gx:altitudeMode>
					</LookAt>
					<styleUrl>#default00</styleUrl>
					<Point>
						<gx:drawOrder>1</gx:drawOrder>
						<coordinates>7.658912232872749,47.54331506122355,0</coordinates>
					</Point>
				</Placemark>
				<Placemark>
					<name>Gustavsburg/Raunheim fuel depots</name>
					<description>Status: Operational
Owner/Operator: Independent tank-storage operators; the airport-side kerosene lines are run by dedicated pipeline companies (Mainline, Dettmer — second Gustavsburg link opened 2012)
Role: Jet-fuel and products tank farms at the southern end of the RMR pipeline — the last storage step before Frankfurt Airport; also diesel, gasoline and heating oil for the Rhine-Main region
Connectivity: RMR southern branch (Udenheim fork); Kelsterbach river port on the Main for barge supply; the NATO pipeline also feeds the area; kerosene reaches the airport exclusively by pipeline — two lines from Gustavsburg, one from Raunheim, two from Kelsterbach
Recent: Frankfurt Airport stayed fully supplied through the 2018, 2022 and 2026 Rhine crises while barge-fed regions upstream saw shortages — the pipeline-protected side of the Kaub story
Strategic role: Where a national products pipeline turns into airport supply — Germany&apos;s largest hub is fuelled through these tanks
Risks: One airport&apos;s fuel supply concentrated on a few depots and pipes; RMR outage exposure; Main low water for the barge alternative</description>
					<LookAt>
						<longitude>8.471792092560262</longitude>
						<latitude>50.02285929459713</latitude>
						<altitude>0</altitude>
						<heading>-0.002698904057902983</heading>
						<tilt>14.57517205499049</tilt>
						<range>2240.367061950285</range>
						<gx:altitudeMode>relativeToSeaFloor</gx:altitudeMode>
					</LookAt>
					<styleUrl>#default00</styleUrl>
					<Point>
						<gx:drawOrder>1</gx:drawOrder>
						<coordinates>8.470888570319858,50.02471829397918,0</coordinates>
					</Point>
				</Placemark>
			</Folder>
			<Folder>
				<name>Strategic / emergency reserves</name>
				<Placemark>
					<name>Bayou Choctaw Strategic Petroleum Reserve</name>
					<description>Status: Operational
Owner/Operator: US Department of Energy
Role: One of the four sites of the US Strategic Petroleum Reserve — crude stored in salt-dome caverns ~20 km southwest of Baton Rouge, within pumping distance of the river refining row
Storage capacity: ~76 million barrels of the SPR&apos;s ~714 million authorised; the national reserve held ~370 million entering 2026 after the 2021–23 drawdowns, under a mandated refill programme buying below $79
Connectivity: Pipeline ties into the St. James hub and the Capline corridor — release barrels reach refineries in days
Recent: The 2022 release — the largest in SPR history — moved through sites like this one; the 2026 price spike reopened the release-vs-refill debate with the reserve at half strength
Strategic role: The emergency barrel next door to the refineries that would need it — geography chosen precisely for that
Risks: Cavern maintenance backlog; refill economics above the price cap; the policy whiplash of using reserves as market policy</description>
					<styleUrl>#msn_red-circle11</styleUrl>
					<Point>
						<coordinates>-91.30880945651951,30.31751225264369,0</coordinates>
					</Point>
				</Placemark>
				<Placemark id="046817027C3F1D289C38">
					<name>Strategic petroleum reserve</name>
					<description>Status: Operational</description>
					<LookAt>
						<longitude>-93.26342524114123</longitude>
						<latitude>30.23209963056129</latitude>
						<altitude>5.499257677465119</altitude>
						<heading>356.1555370597143</heading>
						<tilt>0</tilt>
						<gx:fovy>35</gx:fovy>
						<range>9553.644769163802</range>
						<altitudeMode>absolute</altitudeMode>
					</LookAt>
					<styleUrl>#m_ylw-pushpin000</styleUrl>
					<ExtendedData>
						<SchemaData schemaUrl="#__managed_schema00">
							<SimpleData name="08BBF2E27F3F1D289C3A">0</SimpleData>
						</SchemaData>
					</ExtendedData>
					<Point>
						<extrude>1</extrude>
						<coordinates>-93.26470846972511,30.24157264510889,2.155820442835319</coordinates>
					</Point>
				</Placemark>
				<Placemark id="0FDE3D443D3F1D2A5045">
					<name>strategic petroleum reserve</name>
					<description>Status: Operational</description>
					<LookAt>
						<longitude>-91.1829425511756</longitude>
						<latitude>30.47227480791091</latitude>
						<altitude>16.43096550069897</altitude>
						<heading>351.7538506816</heading>
						<tilt>0</tilt>
						<gx:fovy>35</gx:fovy>
						<range>8528.162454476114</range>
						<altitudeMode>absolute</altitudeMode>
					</LookAt>
					<styleUrl>#m_ylw-pushpin000</styleUrl>
					<ExtendedData>
						<SchemaData schemaUrl="#__managed_schema00">
							<SimpleData name="173EEA12AD3F1D2A5045">0</SimpleData>
						</SchemaData>
					</ExtendedData>
					<Point>
						<extrude>1</extrude>
						<coordinates>-91.18227309402447,30.48067221676243,20.49523298456038</coordinates>
					</Point>
				</Placemark>
			</Folder>
		</Folder>
		<Folder>
			<name>Pricing Hubs</name>
			<Placemark>
				<name>ARA Pricing Hub (Amsterdam–Rotterdam–Antwerp)</name>
				<description>Status: Operational
Role: Europe&apos;s refined-products pricing hub — the zone whose barge deals set the continent&apos;s fuel prices
Benchmark instruments: Platts and Argus FOB ARA barge assessments (gasoline, diesel, jet, VLSFO); ICE Low Sulphur Gasoil futures, physically delivered inside this ring
Physical basis: The assets within this circle on the map — Port of Rotterdam, Port of Antwerp-Bruges, Port of Amsterdam, the Pernis refining cluster, Vopak Vlaardingen, Maasvlakte storage, Moerdijk and the RRP pipeline feeding the Rhine corridor
Relationship to Brent: ARA is the natural buyer of the Dated Brent (BFOET) basket loading at North Sea terminals like Hound Point — and since 2023, WTI Midland delivered CIF Rotterdam counts within Dated Brent itself
Recent: 2026 — the record Rhine low water decoupled inland prices from ARA quotes: barge freight, not product value, drove the spread upstream
Strategic role: Where European paper meets barges — the price the whole Rhine story keys off
Risks: Structural demand decline; refinery closures shrinking the physical base; low-water distortions</description>
				<styleUrl>#hub1</styleUrl>
				<LineString>
					<tessellate>1</tessellate>
					<coordinates>
						4.45,52.4488,0 4.6091,52.4411,0 4.7644,52.41799999999999,0 4.9118,52.3803,0 5.0479,52.3287,0 5.1693,52.2646,0 5.273,52.1896,0 5.3564,52.1055,0 5.4175,52.0143,0 5.4548,51.9184,0 5.4673,51.82000000000001,0 5.4548,51.7216,0 5.4175,51.6257,0 5.3564,51.5345,0 5.273,51.4504,0 5.1693,51.3754,0 5.0479,51.3113,0 4.9118,51.2597,0 4.7644,51.222,0 4.6091,51.1989,0 4.45,51.1912,0 4.2909,51.1989,0 4.1356,51.222,0 3.9882,51.2597,0 3.8521,51.3113,0 3.7307,51.3754,0 3.627,51.4504,0 3.5436,51.5345,0 3.482499999999999,51.6257,0 3.445199999999999,51.7216,0 3.4327,51.82000000000001,0 3.445199999999999,51.9184,0 3.482499999999999,52.0143,0 3.5436,52.1055,0 3.627,52.1896,0 3.7307,52.2646,0 3.8521,52.3287,0 3.9882,52.3803,0 4.1356,52.41799999999999,0 4.2909,52.4411,0 4.45,52.4488,0 
					</coordinates>
				</LineString>
			</Placemark>
			<Placemark>
				<name>Cushing Pricing Hub (WTI delivery point)</name>
				<description>Status: Operational
Role: The settlement point of the world&apos;s most traded oil future — a landlocked Oklahoma tank-farm town, the &quot;pipeline crossroads of the world&quot;
Benchmark instruments: NYMEX/CME WTI Light Sweet crude futures, physically delivered in Cushing — the screen price the world calls &quot;WTI&quot;
Physical basis: ~90 million barrels of commercial tank capacity at the junction of inbound pipelines from the Permian, Rockies and Canada and outbound systems to the Gulf — the Seaway link toward Freeport and Texas City appears on this map
Recent: April 2020&apos;s negative prices were a Cushing event — futures holders facing delivery into brim-full tanks; the export era keeps pulling physical price discovery to the coast while the paper anchor stays here
Strategic role: The inland reference of the US price — its weekly storage number is a market signal in itself
Risks: Landlocked basis blowouts; relevance migration toward Houston; pipeline reversals rewriting its flows</description>
				<styleUrl>#hub1</styleUrl>
				<LineString>
					<tessellate>1</tessellate>
					<coordinates>
						-96.76999999999998,36.0608,0 -96.7544,36.0599,0 -96.73909999999998,36.0569,0 -96.7246,36.052,0 -96.71130000000001,36.0454,0 -96.6994,36.0372,0 -96.6892,36.0275,0 -96.681,36.0167,0 -96.67500000000001,36.005,0 -96.6713,35.9926,0 -96.67010000000002,35.98,0 -96.6713,35.9674,0 -96.67500000000001,35.955,0 -96.681,35.9433,0 -96.6892,35.9325,0 -96.6994,35.9228,0 -96.71130000000001,35.9146,0 -96.7246,35.908,0 -96.73909999999998,35.9031,0 -96.7544,35.9001,0 -96.76999999999998,35.8992,0 -96.78560000000002,35.9001,0 -96.80089999999998,35.9031,0 -96.81540000000001,35.908,0 -96.8287,35.9146,0 -96.84059999999999,35.9228,0 -96.85079999999999,35.9325,0 -96.85899999999999,35.9433,0 -96.86499999999999,35.955,0 -96.86869999999999,35.9674,0 -96.8699,35.98,0 -96.86869999999999,35.9926,0 -96.86499999999999,36.005,0 -96.85899999999999,36.0167,0 -96.85079999999999,36.0275,0 -96.84059999999999,36.0372,0 -96.8287,36.0454,0 -96.81540000000001,36.052,0 -96.80089999999998,36.0569,0 -96.78560000000002,36.0599,0 -96.76999999999998,36.0608,0 
					</coordinates>
				</LineString>
			</Placemark>
			<Placemark>
				<name>US Gulf Coast Pricing Hub (Houston)</name>
				<description>Status: Operational
Role: The export-parity pricing hub of US crude and the products pricing centre of the Gulf Coast
Benchmark instruments: WTI Houston (MEH) and Platts AGS export-grade assessments; USGC products quotes; the marginal barrel the world buys is priced here
Physical basis: On this map — the Houston Ship Channel / Buffalo Bayou complex, Port of Texas City, Port Freeport, Mont Belvieu (the global NGL/LPG benchmark inside the same ring), with Corpus Christi down the coast and the Permian pipelines behind them
Recent: Since the 2015 export-ban lift, price discovery has shifted coastward; WTI Midland&apos;s inclusion in Dated Brent tied this shore directly to Europe&apos;s benchmark
Strategic role: Where American production meets world prices — the Cushing–Houston spread is pipeline economics made visible
Risks: Hurricanes; export-dock congestion; benchmark fragmentation across competing assessments</description>
				<styleUrl>#hub1</styleUrl>
				<LineString>
					<tessellate>1</tessellate>
					<coordinates>
						-95.04999999999998,30.0941,0 -94.9611,30.088,0 -94.87439999999999,30.0699,0 -94.792,30.0402,0 -94.71599999999999,29.9997,0 -94.6482,29.9494,0 -94.5903,29.8904,0 -94.54370000000002,29.8243,0 -94.50960000000001,29.7527,0 -94.4888,29.6773,0 -94.48180000000001,29.6,0 -94.4888,29.5227,0 -94.50960000000001,29.4473,0 -94.54370000000002,29.3757,0 -94.5903,29.3096,0 -94.6482,29.2506,0 -94.71599999999999,29.2003,0 -94.792,29.1598,0 -94.87439999999999,29.1301,0 -94.9611,29.11199999999999,0 -95.04999999999998,29.10589999999999,0 -95.13890000000001,29.11199999999999,0 -95.2256,29.1301,0 -95.30800000000001,29.1598,0 -95.384,29.2003,0 -95.45180000000001,29.2506,0 -95.50970000000001,29.3096,0 -95.55629999999999,29.3757,0 -95.59039999999999,29.4473,0 -95.6112,29.5227,0 -95.6182,29.6,0 -95.6112,29.6773,0 -95.59039999999999,29.7527,0 -95.55629999999999,29.8243,0 -95.50970000000001,29.8904,0 -95.45180000000001,29.9494,0 -95.384,29.9997,0 -95.30800000000001,30.0402,0 -95.2256,30.0699,0 -95.13890000000001,30.088,0 -95.04999999999998,30.0941,0 
					</coordinates>
				</LineString>
			</Placemark>
			<Placemark>
				<name>Singapore Pricing Hub (MOPS)</name>
				<description>Status: Operational
Role: Asia&apos;s products pricing hub — the proof that refining, storage, shipping and trading can make a benchmark without a single oil field
Benchmark instruments: MOPS (Mean of Platts Singapore) assessments — gasoline 92/95/97, jet, 10ppm gasoil, VLSFO and HSFO, naphtha; the world&apos;s reference bunker prices; even the Dubai crude benchmark is assessed during the Singapore trading window
Physical basis: On this map — Singapore–Jurong Island, the ExxonMobil Jurong and Aster Bukom refineries, Pulau Bukom terminal, the independent tank farms and the bunkering anchorages, with Malacca at the doorstep
Recent: 2026 — record strait traffic and Hormuz-rerouted flows reinforced its role as Asia&apos;s clearing house
Strategic role: The price every Asian fuel contract references — formed where the flows squeeze past
Risks: Malacca disruption; competition from Chinese pricing ambitions; a thinning local refining base</description>
				<styleUrl>#hub1</styleUrl>
				<LineString>
					<tessellate>1</tessellate>
					<coordinates>
						103.78,1.5734,0 103.8306,1.5694,0 103.88,1.5576,0 103.9269,1.5381,0 103.9701,1.5116,0 104.0087,1.4787,0 104.0417,1.4401,0 104.0682,1.3968,0 104.0876,1.3499,0 104.0995,1.3006,0 104.1035,1.25,0 104.0995,1.1994,0 104.0876,1.1501,0 104.0682,1.1032,0 104.0417,1.0599,0 104.0087,1.0213,0 103.9701,0.9883999999999999,0 103.9269,0.9619,0 103.88,0.9424,0 103.8306,0.9306,0 103.78,0.9266000000000001,0 103.7294,0.9306,0 103.68,0.9424,0 103.6331,0.9619,0 103.5899,0.9883999999999999,0 103.5513,1.0213,0 103.5183,1.0599,0 103.4918,1.1032,0 103.4724,1.1501,0 103.4605,1.1994,0 103.4565,1.25,0 103.4605,1.3006,0 103.4724,1.3499,0 103.4918,1.3968,0 103.5183,1.4401,0 103.5513,1.4787,0 103.5899,1.5116,0 103.6331,1.5381,0 103.68,1.5576,0 103.7294,1.5694,0 103.78,1.5734,0 
					</coordinates>
				</LineString>
			</Placemark>
			<Placemark>
				<name>Fujairah &amp; Gulf of Oman Pricing Hub</name>
				<description>Status: Operational
Role: The East-of-Suez crude and bunkering pricing zone — outside the strait, which 2026 turned from convenience into consecration
Benchmark instruments: IFAD Murban futures, physically delivered at Fujairah; the FOIZ weekly inventory data — the Gulf&apos;s stock signal; Platts Fujairah bunker assessments; the DME Oman contract delivers FOB Mina al-Fahal down this coast (on this map), completing the eastern benchmark trio with the Dubai assessment
Physical basis: Port of Fujairah, the ADCOP pipeline terminus, the FOIZ tank farms and the bunkering anchorage — with the Omani system southward
Recent: 2026 — the working price point of a closed-strait world: bunker demand, storage value and Murban&apos;s non-Hormuz delivery all gained weight
Strategic role: Where the Gulf&apos;s oil gets priced when the Gulf itself is shut
Risks: Tanker incidents (2019 precedent); anchorage congestion; dependence on ADCOP throughput</description>
				<styleUrl>#hub2</styleUrl>
				<LineString>
					<tessellate>1</tessellate>
					<coordinates>
						56.5,25.5773,0 56.5652,25.5726,0 56.6289,25.5588,0 56.6893,25.5362,0 56.74509999999999,25.5052,0 56.7948,25.4668,0 56.8373,25.4218,0 56.8715,25.3713,0 56.8966,25.3166,0 56.9118,25.259,0 56.917,25.2,0 56.9118,25.141,0 56.8966,25.0834,0 56.8715,25.0287,0 56.8373,24.9782,0 56.7948,24.9332,0 56.74509999999999,24.8948,0 56.6893,24.8638,0 56.6289,24.8412,0 56.5652,24.8274,0 56.5,24.8227,0 56.4348,24.8274,0 56.37109999999999,24.8412,0 56.3107,24.8638,0 56.2549,24.8948,0 56.2052,24.9332,0 56.1627,24.9782,0 56.1285,25.0287,0 56.1034,25.0834,0 56.0882,25.141,0 56.083,25.2,0 56.0882,25.259,0 56.1034,25.3166,0 56.1285,25.3713,0 56.1627,25.4218,0 56.2052,25.4668,0 56.2549,25.5052,0 56.3107,25.5362,0 56.37109999999999,25.5588,0 56.4348,25.5726,0 56.5,25.5773,0 
					</coordinates>
				</LineString>
			</Placemark>
			<Placemark>
				<name>Mediterranean Pricing Hub (Augusta, Sicily)</name>
				<description>Status: Operational
Role: The Mediterranean&apos;s traditional cargo-pricing anchor — and this map&apos;s example of a hub outliving its benchmark
Benchmark instruments: CIF Augusta was the basis of the Urals Mediterranean quote for decades; Mediterranean assessments for CPC Blend, Libyan, Caspian and Saharan grades still reference the Sicily delivery zone as differentials to Dated Brent
Physical basis: The Augusta refinery (Sonatrach), the giant ISAB Priolo complex next door, the Santa Panagia terminals and storage — central Mediterranean geography between Suez, Gibraltar and the Adriatic
Recent: The 2022–23 embargo killed the Urals CIF Augusta trade that made the location famous; ISAB&apos;s forced sale from Lukoil scrambled its anchor tenant; Med pricing increasingly leans on other baskets
Strategic role: Still the reference point for cross-Med cargoes — and the demonstration that a benchmark can die while its infrastructure remains
Risks: Sicilian refining rationalisation; benchmark migration; the hub&apos;s fate if ISAB closes</description>
				<styleUrl>#hub1</styleUrl>
				<LineString>
					<tessellate>1</tessellate>
					<coordinates>
						15.24,37.3897,0 15.2753,37.3875,0 15.3097,37.3809,0 15.3424,37.3701,0 15.3726,37.3553,0 15.3995,37.337,0 15.4225,37.3156,0 15.441,37.2916,0 15.4545,37.2655,0 15.4628,37.2381,0 15.4656,37.21,0 15.4628,37.1819,0 15.4545,37.1545,0 15.441,37.1284,0 15.4225,37.1044,0 15.3995,37.083,0 15.3726,37.0647,0 15.3424,37.0499,0 15.3097,37.0391,0 15.2753,37.0325,0 15.24,37.0303,0 15.2047,37.0325,0 15.1703,37.0391,0 15.1376,37.0499,0 15.1074,37.0647,0 15.0805,37.083,0 15.0575,37.1044,0 15.039,37.1284,0 15.0255,37.1545,0 15.0172,37.1819,0 15.0144,37.21,0 15.0172,37.2381,0 15.0255,37.2655,0 15.039,37.2916,0 15.0575,37.3156,0 15.0805,37.337,0 15.1074,37.3553,0 15.1376,37.3701,0 15.1703,37.3809,0 15.2047,37.3875,0 15.24,37.3897,0 
					</coordinates>
				</LineString>
			</Placemark>
			<Folder>
				<name>Benchmark assessment locations</name>
			</Folder>
		</Folder>
	</Folder>
	<Folder>
		<name>E. Demand Centres</name>
		<visibility>0</visibility>
		<Folder>
			<name>Petrol stations</name>
			<visibility>0</visibility>
			<open>1</open>
		</Folder>
		<Folder>
			<name>Petrochemical Plants</name>
			<visibility>0</visibility>
			<Folder>
				<name>Steam-cracker complexes</name>
				<visibility>0</visibility>
				<Placemark>
					<name>Rompetrol Petrochemicals Năvodari</name>
					<visibility>0</visibility>
					<description>Status: Operational
Owner: Rompetrol Rafinare (KMG International), on the Petromidia platform
Configuration: Romania&apos;s only petrochemical producer — polypropylene and low-density polyethylene lines fed directly by the refinery next door
Main feedstocks: Propylene and other streams from Petromidia — the classic platform integration
Main products: PP and LDPE polymers for Romanian and regional converters
Markets: Romania and southeast Europe — the domestic plastics industry&apos;s sole local source
Strategic role: The demand-side of the Năvodari platform — the reason Petromidia&apos;s naphtha and LPG have a home on site; a national monopoly by default, since every competitor closed
Risks: Single-site national dependence for polymers; petrochemical margin cycles; platform interdependence with the refinery&apos;s turnarounds</description>
					<styleUrl>#msn_icon?color=000000&amp;id=2000&amp;scale=4</styleUrl>
					<Point>
						<coordinates>28.6431447951377,44.34213864754286,0</coordinates>
					</Point>
				</Placemark>
				<Placemark>
					<name>LyondellBasell Wesseling</name>
					<visibility>0</visibility>
					<description>Status: Operational
Owner/Operator: LyondellBasell (plants operated with Basell Polyolefine); in operation since 1953, 2.7 km², own 470 MW power plant; Knapsack sub-site ~10 miles away
Configuration: Two steam crackers (~1.04 Mt/yr ethylene combined), four HDPE, two LDPE and three PP plants plus an advanced-polyolefins unit — &gt;2.2 Mt/yr of polyolefins
Main feedstocks: Naphtha by pipeline from the neighbouring Shell Rheinland refineries plus external imports; trials of Neste bio-based hydrocarbons for partly bio-based PE/PP
Connectivity: Pipeline-linked to Godorf/Wesseling and Dormagen; olefin lines toward Ludwigshafen, Antwerp and Chemelot; Rhine barge access
Recent: The end of Shell Wesseling crude distillation (2025) removed a local naphtha source — the cluster&apos;s three crackers need ~3 Mt/yr; LyondellBasell is building its first commercial-scale MoReTec chemical-recycling plant here; 2024 European footprint review amid ethylene overcapacity
Strategic role: The demand-side half of the Cologne cluster — the reason the Rhineland naphtha balance matters
Risks: Naphtha supply as regional refining shrinks; European overcapacity; Rhine low water; energy-cost gap versus US and Middle East crackers</description>
					<LookAt>
						<longitude>7.005447645998057</longitude>
						<latitude>50.84226741789946</latitude>
						<altitude>0</altitude>
						<heading>0.005919220212794063</heading>
						<tilt>1.79464545559259</tilt>
						<range>11804.49933446533</range>
						<gx:altitudeMode>relativeToSeaFloor</gx:altitudeMode>
					</LookAt>
					<styleUrl>#msn_icon?color=000000&amp;id=2000&amp;scale=40</styleUrl>
					<Point>
						<gx:drawOrder>1</gx:drawOrder>
						<coordinates>7.002894992897522,50.8164512557096,0</coordinates>
					</Point>
				</Placemark>
				<Placemark>
					<name>BASF Ludwigshafen</name>
					<visibility>0</visibility>
					<description>Status: Operational
Owner/Operator: BASF SE (headquarters on site)
Configuration: The world&apos;s largest integrated chemical complex (Verbund) — two steam crackers and several hundred interconnected plants on ~10 km², each unit feeding the next with by-products and heat; supplied by naphtha, LPG and natural gas
Main products: Ethylene, propylene and the full downstream chain — plastics, plasticisers, coatings, agro and pharma intermediates, ammonia, fertilisers
Connectivity: Rhine barge harbour; southern terminus of the RMR products pipeline (connected at Oppau); MIDAL gas pipeline; dense rail; river water for cooling
Recent: August 2026 — force majeure declared on DINP and DPHP plasticisers citing extreme weather and severe Rhine logistics constraints, with a switch to shallow-draft vessels; 2018 and 2022 low water also forced output cuts
Strategic role: The demand anchor of the Rhine chemical corridor — pipeline-protected for products (RMR) yet river-dependent for cooling and feedstock logistics
Risks: Rhine low water (cooling and barges); European gas and energy costs; deep plant-network interdependence</description>
					<LookAt>
						<longitude>8.450823352850181</longitude>
						<latitude>49.53131678747764</latitude>
						<altitude>0</altitude>
						<heading>0.02021009179859431</heading>
						<tilt>31.5785025023715</tilt>
						<range>7292.518746099889</range>
						<gx:altitudeMode>relativeToSeaFloor</gx:altitudeMode>
					</LookAt>
					<styleUrl>#msn_icon?color=000000&amp;id=2000&amp;scale=400</styleUrl>
					<Point>
						<gx:drawOrder>1</gx:drawOrder>
						<coordinates>8.421289375773636,49.52744511654924,0</coordinates>
					</Point>
				</Placemark>
				<Placemark id="00C02568723EB7B9A5C6">
					<name>MOL Petrochemicals Tiszaújváros</name>
					<visibility>0</visibility>
					<description>Status: Operational
Owner/Operator: MOL Petrochemicals (MOL Group); the synthetic-rubber unit is a JV with Japan&apos;s ENEOS
Configuration: Two steam crackers (~660,000 t/yr ethylene, ~130,000 t/yr butadiene), five polymer units (~765,000 t/yr PE+PP), a 200,000 t/yr polyether-polyol complex, and an SSBR rubber unit; a 100,000 t/yr propylene (OCT) unit due on stream in 2026 after delays
Main feedstocks: Naphtha and LPG piped from MOL&apos;s Duna refinery and Slovnaft Bratislava, plus imports; first ISCC PLUS-certified circular feedstock processed September 2025
Main products: Olefins, HDPE, LDPE, PP, polyether polyols, propylene glycol, hydrogen peroxide, solution SBR
Markets: Hungary and Central Europe
Strategic role: The petrochemical arm of the MOL system — the downstream customer of the Duna and Bratislava refineries on this map
Risks: Feedstock dependence on two refineries (and thus on their crude supply); European petrochemical margins; project delays</description>
					<LookAt>
						<longitude>21.0491307468206</longitude>
						<latitude>47.89381560823652</latitude>
						<altitude>91.84558328701513</altitude>
						<heading>0</heading>
						<tilt>0</tilt>
						<gx:fovy>35</gx:fovy>
						<range>6673.615556481527</range>
						<altitudeMode>absolute</altitudeMode>
					</LookAt>
					<styleUrl>#msn_icon?color=000000&amp;id=2000&amp;scale=400</styleUrl>
					<Point>
						<coordinates>21.02832293073626,47.89420784451342,93.98698311388492</coordinates>
					</Point>
				</Placemark>
				<Placemark id="0C008C1AB53EB8584258">
					<name>Dow Terneuzen</name>
					<visibility>0</visibility>
					<description>Status: Operational
Owner/Operator: Dow Benelux (Dow Inc.)
Configuration: Three steam crackers (LHC1–3) — ~1.8 Mt/yr ethylene, ~900,000 t/yr propylene, 240,000 t/yr butadiene, 900,000 t/yr aromatics; 16 plants and ~800 products, with Trinseo and Olin co-located
Main feedstocks: Naphtha and LPG in roughly equal shares by pipeline from Rotterdam and Antwerp, plus ship and rail; small volumes of bio-naphtha and pyrolysis oil
Markets: NW European converter and specialty-chemicals industry
Recent: The 600,000 t/yr LHC3 cracker was idled from June 2025 on weak European demand and restarted in June 2026 as polyethylene and polyurethane chains tightened
Strategic role: The Netherlands&apos; largest cracker site — the Scheldt-side counterpart of the Antwerp cluster
Risks: European demand weakness; energy costs; cracker overcapacity; single-site concentration for Dow in Europe</description>
					<LookAt>
						<longitude>3.787764908666296</longitude>
						<latitude>51.34081760073316</latitude>
						<altitude>3.924655696200103</altitude>
						<heading>0</heading>
						<tilt>0</tilt>
						<gx:fovy>35</gx:fovy>
						<range>7707.195568123134</range>
						<altitudeMode>absolute</altitudeMode>
					</LookAt>
					<styleUrl>#msn_icon?color=000000&amp;id=2000&amp;scale=400</styleUrl>
					<Point>
						<coordinates>3.786962797359981,51.34445943366449,3.911769979405457</coordinates>
					</Point>
				</Placemark>
				<Placemark id="05EE12FD073EB86434EF">
					<name>BASF Antwerp</name>
					<visibility>0</visibility>
					<description>Status: Operational
Owner/Operator: BASF Antwerpen (BASF SE)
Configuration: ~50 plants in ~15 integrated value chains on ~6 km² — the Verbund model; steam cracker of ~1.1 Mt/yr ethylene plus propylene and C4s; ethylene-oxide capacity expanded by ~400,000 t/yr in 2023
Main feedstocks: Naphtha and LPG sourced globally by ship, plus natural gas; some pyrolysis-oil co-processing
Main products: Olefins, ethylene oxide and glycols, acrylic acid and superabsorbents, amines, aniline, caprolactam, MDI, surfactants
Recent: October 2025 — structural cost-cutting target raised from €100m to €150m by end-2028, with ~600 job cuts (about one position in six)
Strategic role: Europe&apos;s second-largest chemical complex, inside the Antwerp port cluster
Risks: European energy costs; demand weakness; restructuring execution; port and Scheldt dependence</description>
					<LookAt>
						<longitude>4.27482130396456</longitude>
						<latitude>51.36300578009773</latitude>
						<altitude>6.864890533245029</altitude>
						<heading>0</heading>
						<tilt>0</tilt>
						<gx:fovy>35</gx:fovy>
						<range>4850.543096734327</range>
						<altitudeMode>absolute</altitudeMode>
					</LookAt>
					<styleUrl>#msn_icon?color=000000&amp;id=2000&amp;scale=400</styleUrl>
					<Point>
						<coordinates>4.267771448412327,51.36534927375749,19.10874670620181</coordinates>
					</Point>
				</Placemark>
				<Placemark id="0467A13A993EB8752C2C">
					<name>INEOS Antwerp</name>
					<visibility>0</visibility>
					<description>Status: Operational
Owner/Operator: INEOS — Oxide at Zwijndrecht, Phenol at Doel, Olefins Belgium for Project ONE at Lillo/Zandvliet
Configuration: INEOS Phenol ~680,000 t/yr (historically the world&apos;s largest single phenol plant) with co-product acetone; INEOS Oxide ethylene oxide and derivatives plus ENB and its own CHP plant; Project ONE under construction — a 1.45 Mt/yr ethane cracker plus a propane-dehydrogenation unit
Main feedstocks: Imported US ethane by dedicated gas carriers for Project ONE; propane for the PDH; benzene, propylene and ethylene by pipeline and the deep-sea ethylene terminal
Markets: European polymers, engineering plastics, coatings, surfactants, pharma intermediates
Strategic role: Europe&apos;s biggest cracker investment in a generation — betting US ethane economics against naphtha-based rivals
Risks: Project ONE execution and its permitting history; ethane freight exposure; European demand; energy costs</description>
					<LookAt>
						<longitude>4.273925657437596</longitude>
						<latitude>51.36379448949879</latitude>
						<altitude>5.888479591567424</altitude>
						<heading>0</heading>
						<tilt>0</tilt>
						<gx:fovy>35</gx:fovy>
						<range>6042.380869329209</range>
						<altitudeMode>absolute</altitudeMode>
					</LookAt>
					<styleUrl>#msn_icon?color=000000&amp;id=2000&amp;scale=400</styleUrl>
					<Point>
						<coordinates>4.262152203735479,51.36047499017207,7.21164629532076</coordinates>
					</Point>
				</Placemark>
				<Placemark>
					<name>RAPID Petrochemical Complex</name>
					<visibility>0</visibility>
					<description>Status: Operational
Owner/Operator: PRefChem (Petronas) for the cracker; downstream JVs with LyondellBasell, BASF, Evonik, Itochu and PTT Global Chemical
Configuration: Mixed-feed steam cracker of ~3 Mt/yr olefins feeding ~4.5 Mt/yr of petrochemicals — 900,000 t/yr PP, PE lines, MEG, isononanol, 1-butene, hydrogen peroxide; 1.22 GW cogeneration and air-separation units on site
Main feedstocks: Naphtha and refinery streams from the RAPID refinery next door, plus imported LPG and ethane-range feed
Markets: Malaysia, SE Asia and export
Strategic role: The petrochemical half of Pengerang — integrated with the 300,000 b/d refinery inside one 2,000-hectare footprint, competing with Singapore&apos;s Jurong hub
Risks: Shared-site exposure to refinery outages; Asian petrochemical overcapacity; margin weakness</description>
					<LookAt>
						<longitude>104.173959524285</longitude>
						<latitude>1.369043572799601</latitude>
						<altitude>0</altitude>
						<heading>0.00404357389608191</heading>
						<tilt>8.021265484862365</tilt>
						<range>12044.48650734411</range>
						<gx:altitudeMode>relativeToSeaFloor</gx:altitudeMode>
					</LookAt>
					<styleUrl>#msn_icon?color=000000&amp;id=2000&amp;scale=400</styleUrl>
					<Point>
						<gx:drawOrder>1</gx:drawOrder>
						<coordinates>104.1730854479987,1.371470785966274,0</coordinates>
					</Point>
				</Placemark>
				<Placemark>
					<name>Stenungsund petrochemical cluster</name>
					<visibility>0</visibility>
					<description>Status: Operational
Owner/Operator: Borealis (cracker + polyethylene, majority OMV), INEOS Inovyn (PVC, caustic soda), Perstorp (specialities + Scandinavia&apos;s largest RME biodiesel plant), Nouryon; ~2,500 direct jobs
Role: Sweden&apos;s largest chemical cluster and its only steam-cracker site
Main feedstocks: Naphtha and LPG delivered by sea; growing share of renewable and recycled feeds
Main products: Ethylene, propylene, polyethylene (incl. cable-grade XLPE), PVC, speciality chemicals, RME biodiesel
Recent: Borealis cracker revamp completed, XLPE expansion by 2027; ~SEK 10bn cluster decarbonisation plan (−1 Mt CO₂/yr); Project Air renewable methanol
Strategic role: The main light-feedstock customer on Sweden&apos;s west coast, sitting between the Lysekil and Gothenburg refineries
Risks: Naphtha/LPG price exposure; energy costs vs US and Middle East crackers; one cracker for the whole country</description>
					<LookAt>
						<longitude>11.82943450000002</longitude>
						<latitude>58.06783879999998</latitude>
						<altitude>0</altitude>
						<heading>1.590277340731758e-14</heading>
						<tilt>0</tilt>
						<range>8768.886561946525</range>
						<gx:altitudeMode>relativeToSeaFloor</gx:altitudeMode>
					</LookAt>
					<styleUrl>#msn_icon?color=000000&amp;id=2000&amp;scale=400</styleUrl>
					<Point>
						<gx:drawOrder>1</gx:drawOrder>
						<coordinates>11.81839682497015,58.08188838771623,0</coordinates>
					</Point>
				</Placemark>
			</Folder>
			<Folder>
				<name>Chlor-alkali &amp; speciality sites</name>
				<visibility>0</visibility>
				<Placemark>
					<name>Lülsdorf chemical site</name>
					<visibility>0</visibility>
					<description>Status: Operational
Owner/Operator: International Chemical Investors Group (ICIG) since June 2023, ex-Evonik; KFS Biodiesel operates the on-site biodiesel unit; 600+ employees
Main products: Cyanuric chloride (crop-protection intermediates), potassium derivatives, sodium/potassium alkoxides — the transesterification catalysts of the biodiesel industry, produced exclusively for Evonik until 2027; FAME biodiesel
Connectivity: Rhine barge access on the right bank, opposite Wesseling; road and rail
Recent: Divested by Evonik in 2023 as the first step of its Performance Materials exit; ICIG committed to invest, with no operational redundancies until 2032
Strategic role: The right-bank half of the Wesseling cluster — and a quiet link between Rhine chemistry and the biodiesel value chain
Risks: Rhine dependence; ownership transition; niche-product demand</description>
					<LookAt>
						<longitude>7.02437347916173</longitude>
						<latitude>50.82751034400295</latitude>
						<altitude>0</altitude>
						<heading>0.03002718415569789</heading>
						<tilt>25.26520116472778</tilt>
						<range>6247.887296874514</range>
						<gx:altitudeMode>relativeToSeaFloor</gx:altitudeMode>
					</LookAt>
					<styleUrl>#msn_icon?color=000000&amp;id=2000&amp;scale=400</styleUrl>
					<Point>
						<gx:drawOrder>1</gx:drawOrder>
						<coordinates>7.021277066441063,50.82532377608872,0</coordinates>
					</Point>
				</Placemark>
			</Folder>
		</Folder>
		<Folder>
			<name>Aviation Fuel Demand</name>
			<visibility>0</visibility>
			<Folder>
				<name>Civil airports</name>
				<visibility>0</visibility>
				<Placemark id="0A13A17C423F60CC8404">
					<name>Aéroport de Francfort</name>
					<visibility>0</visibility>
					<description>Status: Operational</description>
					<LookAt>
						<longitude>8.576477350000001</longitude>
						<latitude>50.04138315</latitude>
						<altitude>0</altitude>
						<heading>0</heading>
						<tilt>0</tilt>
						<gx:fovy>35</gx:fovy>
						<range>16155.05371856183</range>
						<altitudeMode>relativeToGround</altitudeMode>
					</LookAt>
					<styleUrl>#msn_icon?color=1976d2&amp;id=2000&amp;scale=44000</styleUrl>
					<Point>
						<altitudeMode>relativeToGround</altitudeMode>
						<coordinates>8.559255799999999,50.0377252,0</coordinates>
					</Point>
				</Placemark>
				<Placemark id="0CFDF2A4BB3F60CCF64F">
					<name>Amsterdam Airport Schiphol</name>
					<visibility>0</visibility>
					<description>Status: Operational</description>
					<LookAt>
						<longitude>4.76376725</longitude>
						<latitude>52.30836884999999</latitude>
						<altitude>0</altitude>
						<heading>0</heading>
						<tilt>0</tilt>
						<gx:fovy>35</gx:fovy>
						<range>7689.862848302019</range>
						<altitudeMode>relativeToGround</altitudeMode>
					</LookAt>
					<styleUrl>#msn_icon?color=1976d2&amp;id=2000&amp;scale=44000</styleUrl>
					<Point>
						<altitudeMode>relativeToGround</altitudeMode>
						<coordinates>4.7401699,52.31278660000001,0</coordinates>
					</Point>
				</Placemark>
				<Placemark>
					<name>Airport Beauvais Paris</name>
					<visibility>0</visibility>
					<description>Status: Operational</description>
					<LookAt>
						<longitude>2.117111164112455</longitude>
						<latitude>49.4589658701825</latitude>
						<altitude>0</altitude>
						<heading>-9.103155176311535</heading>
						<tilt>15.50642489538724</tilt>
						<range>1033.032044548523</range>
						<gx:altitudeMode>relativeToSeaFloor</gx:altitudeMode>
					</LookAt>
					<styleUrl>#msn_icon?color=1976d2&amp;id=2000&amp;scale=44000</styleUrl>
					<Point>
						<gx:drawOrder>1</gx:drawOrder>
						<coordinates>2.112999806139586,49.45889362701349,0</coordinates>
					</Point>
				</Placemark>
				<Placemark id="03F5DE74B53F60CD68D5">
					<name>Brussels Airport</name>
					<visibility>0</visibility>
					<description>Status: Operational</description>
					<LookAt>
						<longitude>4.486484449999999</longitude>
						<latitude>50.90044155</latitude>
						<altitude>0</altitude>
						<heading>0</heading>
						<tilt>0</tilt>
						<gx:fovy>35</gx:fovy>
						<range>7932.079709198912</range>
						<altitudeMode>relativeToGround</altitudeMode>
					</LookAt>
					<styleUrl>#msn_icon?color=1976d2&amp;id=2000&amp;scale=44000</styleUrl>
					<Point>
						<altitudeMode>relativeToGround</altitudeMode>
						<coordinates>4.4859439,50.90024,0</coordinates>
					</Point>
				</Placemark>
				<Placemark id="0A281DA7373F60CDCD71">
					<name>Aéroport international de Zurich</name>
					<visibility>0</visibility>
					<description>Status: Operational</description>
					<LookAt>
						<longitude>8.558360149999999</longitude>
						<latitude>47.4556824</latitude>
						<altitude>0</altitude>
						<heading>0</heading>
						<tilt>0</tilt>
						<gx:fovy>35</gx:fovy>
						<range>8504.22362764342</range>
						<altitudeMode>relativeToGround</altitudeMode>
					</LookAt>
					<styleUrl>#msn_icon?color=1976d2&amp;id=2000&amp;scale=44000</styleUrl>
					<Point>
						<altitudeMode>relativeToGround</altitudeMode>
						<coordinates>8.550859899999999,47.4617142,0</coordinates>
					</Point>
				</Placemark>
				<Placemark>
					<name>Marseille airport</name>
					<visibility>0</visibility>
					<description>Status: Operational</description>
					<LookAt>
						<longitude>5.203902826188582</longitude>
						<latitude>43.46101201027555</latitude>
						<altitude>0</altitude>
						<heading>0.049410225637598</heading>
						<tilt>0</tilt>
						<range>28819.78486148693</range>
						<gx:altitudeMode>relativeToSeaFloor</gx:altitudeMode>
					</LookAt>
					<styleUrl>#msn_icon?color=1976d2&amp;id=2000&amp;scale=44000</styleUrl>
					<Point>
						<gx:drawOrder>1</gx:drawOrder>
						<coordinates>5.21707365311721,43.43171227922502,0</coordinates>
					</Point>
				</Placemark>
				<Placemark>
					<name>Charles de Gaulle aireport</name>
					<visibility>0</visibility>
					<description>Status: Operational</description>
					<LookAt>
						<longitude>2.586182828293779</longitude>
						<latitude>48.99997207435537</latitude>
						<altitude>0</altitude>
						<heading>46.31055763860077</heading>
						<tilt>0</tilt>
						<range>17160.34693415708</range>
						<gx:altitudeMode>relativeToSeaFloor</gx:altitudeMode>
					</LookAt>
					<styleUrl>#msn_airports00</styleUrl>
					<Point>
						<gx:drawOrder>1</gx:drawOrder>
						<coordinates>2.570549718845594,49.00648307635816,0</coordinates>
					</Point>
				</Placemark>
				<Placemark>
					<name>Basel Mulhouse Freiburg Airport</name>
					<visibility>0</visibility>
					<description>Status: Operational</description>
					<LookAt>
						<longitude>7.53879858684955</longitude>
						<latitude>47.59573707537173</latitude>
						<altitude>0</altitude>
						<heading>-1.378633825595211</heading>
						<tilt>21.30472851113158</tilt>
						<range>5044.230350961614</range>
						<gx:altitudeMode>relativeToSeaFloor</gx:altitudeMode>
					</LookAt>
					<styleUrl>#msn_airports0</styleUrl>
					<Point>
						<gx:drawOrder>1</gx:drawOrder>
						<coordinates>7.529745611359258,47.59912742107864,0</coordinates>
					</Point>
				</Placemark>
				<Placemark>
					<name>Cologne airport</name>
					<visibility>0</visibility>
					<description>Status: Operational</description>
					<Camera>
						<longitude>7.130277558053908</longitude>
						<latitude>50.85367056460566</latitude>
						<altitude>10186.66164587584</altitude>
						<heading>1.699551770571844</heading>
						<tilt>7.397840968673264</tilt>
						<roll>0.8422261733692127</roll>
						<gx:altitudeMode>relativeToSeaFloor</gx:altitudeMode>
					</Camera>
					<styleUrl>#msn_airports1</styleUrl>
					<Point>
						<gx:drawOrder>1</gx:drawOrder>
						<coordinates>7.129666912335358,50.871260706672,0</coordinates>
					</Point>
				</Placemark>
				<Placemark>
					<name>Dusseldorf airport</name>
					<visibility>0</visibility>
					<description>Status: Operational</description>
					<LookAt>
						<longitude>6.816861289018535</longitude>
						<latitude>51.2832029844156</latitude>
						<altitude>0</altitude>
						<heading>0.0426936706476377</heading>
						<tilt>20.49039903992008</tilt>
						<range>18531.42834390487</range>
						<gx:altitudeMode>relativeToSeaFloor</gx:altitudeMode>
					</LookAt>
					<styleUrl>#msn_airports1</styleUrl>
					<Point>
						<gx:drawOrder>1</gx:drawOrder>
						<coordinates>6.766428997963374,51.2879007935403,0</coordinates>
					</Point>
				</Placemark>
				<Placemark>
					<name>Geneva airport</name>
					<visibility>0</visibility>
					<description>Status: Operational</description>
					<LookAt>
						<longitude>6.097967555578751</longitude>
						<latitude>46.22869430875269</latitude>
						<altitude>0</altitude>
						<heading>-5.859524415229509</heading>
						<tilt>2.987847676010799</tilt>
						<range>9044.528560199982</range>
						<gx:altitudeMode>relativeToSeaFloor</gx:altitudeMode>
					</LookAt>
					<styleUrl>#msn_airports</styleUrl>
					<Point>
						<gx:drawOrder>1</gx:drawOrder>
						<coordinates>6.110798858228748,46.2339543113842,0</coordinates>
					</Point>
				</Placemark>
				<Placemark>
					<name>Changi airport</name>
					<visibility>0</visibility>
					<LookAt>
						<longitude>103.9929111407713</longitude>
						<latitude>1.348576402136079</latitude>
						<altitude>0</altitude>
						<heading>0.003626816218004209</heading>
						<tilt>4.847087304208334</tilt>
						<range>10084.79888756686</range>
						<gx:altitudeMode>relativeToSeaFloor</gx:altitudeMode>
					</LookAt>
					<styleUrl>#m_ylw-pushpin1</styleUrl>
					<Point>
						<gx:drawOrder>1</gx:drawOrder>
						<coordinates>103.9884301503658,1.356693114772583,0</coordinates>
					</Point>
				</Placemark>
				<Placemark>
					<name>Muscat airport</name>
					<visibility>0</visibility>
					<Camera>
						<longitude>58.2923061996456</longitude>
						<latitude>23.53647364187227</latitude>
						<altitude>8036.167572588221</altitude>
						<heading>0.3265927306445093</heading>
						<tilt>41.86923187806013</tilt>
						<roll>0.8106460287606966</roll>
						<gx:altitudeMode>relativeToSeaFloor</gx:altitudeMode>
					</Camera>
					<styleUrl>#msn_airports2</styleUrl>
					<Point>
						<gx:drawOrder>1</gx:drawOrder>
						<coordinates>58.28461070875992,23.59934694291435,0</coordinates>
					</Point>
				</Placemark>
			</Folder>
			<Folder>
				<name>Military air bases</name>
				<visibility>0</visibility>
				<Placemark id="07A2E4942F3F60CB6ECD">
					<name>Ramstein Air Base</name>
					<visibility>0</visibility>
					<description>Status: Operational</description>
					<LookAt>
						<longitude>7.596436599999999</longitude>
						<latitude>49.4398562</latitude>
						<altitude>0</altitude>
						<heading>0</heading>
						<tilt>0</tilt>
						<gx:fovy>35</gx:fovy>
						<range>1559.343537544582</range>
						<altitudeMode>relativeToGround</altitudeMode>
					</LookAt>
					<styleUrl>#msn_icon?color=1976d2&amp;id=2000&amp;scale=44000</styleUrl>
					<Point>
						<altitudeMode>relativeToGround</altitudeMode>
						<coordinates>7.5964366,49.4398562,0</coordinates>
					</Point>
				</Placemark>
			</Folder>
		</Folder>
		<Folder>
			<name>Chokepoints</name>
			<visibility>0</visibility>
			<Folder>
				<name>Straits &amp; canals</name>
				<visibility>0</visibility>
				<Placemark>
					<name>Strait of Hormuz</name>
					<visibility>0</visibility>
					<description>Status: Offline
Role: The world&apos;s most important oil chokepoint — the only sea passage out of the Persian Gulf; ~21 million b/d (~20% of global petroleum liquids) and ~20% of LNG in normal times; 39 km wide at the narrowest, with 3.2 km shipping lanes each way
Handles: Crude, products and LNG of Saudi Arabia, Iraq, Kuwait, UAE, Qatar and Iran — overwhelmingly toward Asia
Alternatives: Petroline to Yanbu (Saudi), ADCOP to Fujairah (UAE), STS transfers off Oman — Iraq, Kuwait and Qatar have none
Recent: Effectively closed since 28 February 2026 (Iran war) — transits ~10% of pre-war levels; the June MOU collapsed in July; escorted convoys, transit fees demanded up to $2m, thousands of vessels backlogged at the peak; VLCC Gulf–China earnings above $520,000/day and Brent near $94 (Aug 2026)
Strategic role: The reason the whole 2026 map looks the way it does — every corridor, bypass and freight rate on it reprices off this strait
Risks: Mines, drones, seizures; no reopening timeline; months of clearance work even after a deal</description>
					<styleUrl>#m_ylw-pushpin0</styleUrl>
					<Point>
						<coordinates>56.45,26.6,0</coordinates>
					</Point>
				</Placemark>
				<Placemark>
					<name>Strait of Malacca &amp; Singapore Strait</name>
					<visibility>0</visibility>
					<description>Status: Operational
Role: The main artery between the Indian Ocean and East Asia — Malacca and the Singapore Strait/Phillips Channel form one continuous chokepoint, ~2.8 km wide at its tightest; ~24 million b/d in normal times, the largest oil flow of any strait — ahead even of Hormuz
Handles: Middle Eastern and African crude eastbound to China, Japan and Korea; products, fuel oil and bunkers into the Singapore hub
Vessels: Draft-limited &quot;Malaccamax&quot; — the deepest-laden VLCCs must detour via Lombok or Sunda
Alternatives: Lombok/Sunda (+3 days); the ESPO/Kozmino route avoids it entirely from the north
Recent: 2026 — absorbing rerouted and record Asia-bound traffic through the Hormuz crisis; chronic congestion and piracy cycles
Strategic role: Singapore&apos;s raison d&apos;être — the strait made the trading, refining and bunkering hub
Risks: Extreme traffic density and collision risk; armed robbery; any closure reroutes the world&apos;s largest oil flow</description>
					<styleUrl>#m_ylw-pushpin0</styleUrl>
					<Point>
						<coordinates>101.85,2.2,0</coordinates>
					</Point>
				</Placemark>
				<Placemark>
					<name>Bab el-Mandeb Strait</name>
					<visibility>0</visibility>
					<description>Status: Reduced
Role: The gate between the Red Sea and the Gulf of Aden — southern door of the entire Suez/SUMED corridor; ~29 km wide; ~8.7 million b/d of oil and products pre-crisis
Handles: Gulf-to-Europe crude and products, Asia-bound Russian barrels, and all Suez-routed trade
Recent: Houthi attacks since late 2023 collapsed transits by ~70%; on 20 July 2026 the Houthis declared a naval blockade of Saudi Arabia — no tracked Saudi oil transits by mid-August; major Chinese shippers avoiding the strait; Yanbu cargoes shifting north into SUMED and the Jeddah land bridge instead
Strategic role: The chokepoint that turned the Cape of Good Hope into a main road — and pushed the Port of Eilat into insolvency (both visible on this map)
Risks: Missile, drone and unmanned-boat attacks; war-risk premiums; its simultaneous squeeze with Hormuz is the 2026 nightmare realised</description>
					<styleUrl>#m_ylw-pushpin0</styleUrl>
					<Point>
						<coordinates>43.33,12.58,0</coordinates>
					</Point>
				</Placemark>
				<Placemark>
					<name>Suez Canal</name>
					<visibility>0</visibility>
					<description>Status: Reduced
Role: The 193 km lock-free canal between the Mediterranean and the Red Sea — in normal times ~10% of world seaborne trade; with the parallel SUMED pipeline, ~5–9 million b/d of oil moves through the Egyptian corridor
Handles: Laden tankers northbound, containers and dry cargo both ways; VLCCs too deep for full transit lighten into SUMED at Ain Sokhna
Recent: Traffic roughly halved since the Red Sea crisis began (2023); in 2026 the two directions decoupled — northbound crude via Egypt rose ~30% after Hormuz closed (Saudi barrels reloading at Sidi Kerir), while Asia–Europe trade routes via the Cape; the 2021 Ever Given grounding remains the single-point-failure textbook case
Strategic role: Works as one system with SUMED — Egypt&apos;s twin toll booths on the Europe–Asia energy road
Risks: Bab el-Mandeb exposure at its southern approach; blockage precedent; canal-revenue collapse pressuring Egypt</description>
					<styleUrl>#m_ylw-pushpin0</styleUrl>
					<Point>
						<coordinates>32.31,30.45,0</coordinates>
					</Point>
				</Placemark>
				<Placemark>
					<name>Turkish Straits (Bosphorus &amp; Dardanelles)</name>
					<visibility>0</visibility>
					<description>Status: Operational
Role: The only exit from the Black Sea — the Bosphorus narrows to ~700 m through a city of 16 million, followed by the Dardanelles; ~3 million b/d of crude and products in normal times
Handles: Russian Urals and products from Novorossiysk and Tuapse, CPC Blend carrying Kazakh exports, Romanian, Bulgarian and Ukrainian trade
Recent: Carrying the CPC and Novorossiysk flows this map&apos;s Black Sea assets depend on; shadow-fleet tankers face mounting insurance documentation checks; the Montreux Convention has limited warship transits since 2022
Strategic role: The pinch where Kazakh oil, Russian exports and NATO geography share seven hundred metres of water
Risks: Collisions and groundings in an urban strait; fog and current closures; insurance-check delays; Black Sea escalation spilling into transit rules</description>
					<styleUrl>#m_ylw-pushpin0</styleUrl>
					<Point>
						<coordinates>29.06,41.12,0</coordinates>
					</Point>
				</Placemark>
				<Placemark>
					<name>Danish Straits (Great Belt &amp; Øresund)</name>
					<visibility>0</visibility>
					<description>Status: Operational
Role: The Baltic Sea&apos;s exit to the world — shallow, winding passages carrying ~3 million b/d of Russian crude and products from Primorsk and Ust-Luga (both on this map) plus all Baltic trade
Handles: Urals and diesel westbound largely on the &quot;shadow fleet&quot;; regional products, LNG and dry cargo
Recent: The front line of price-cap enforcement — Danish and EU inspection and insurance-verification regimes tightened through 2025–26 under successive sanctions packages; uninsured tankers anchored in the straits are a standing environmental fear
Strategic role: Where the G7 price cap is enforced — or evaded; the western mirror of Kozmino in Russia&apos;s export system
Risks: Navigation hazards in shallow water; winter ice; a major uninsured-tanker spill; escalation over inspections</description>
					<styleUrl>#m_ylw-pushpin0</styleUrl>
					<Point>
						<coordinates>11.03,55.35,0</coordinates>
					</Point>
				</Placemark>
				<Placemark>
					<name>Panama Canal</name>
					<visibility>0</visibility>
					<description>Status: Operational
Role: The lock-based shortcut between the Pacific and the Atlantic — ~5% of world seaborne trade; oil products, LPG, LNG, grain and containers; Neopanamax locks since 2016
Handles: US Gulf product and LPG exports toward Asia and the Pacific; the representative route of Canadian Cold Lake barrels toward Europe on this map
Recent: The 2023–24 drought cut transits by about a third and imposed draft limits — the world&apos;s first climate-driven chokepoint squeeze; operations and watershed management since restored and reformed
Strategic role: The LPG road from Mont Belvieu to Asia, and the freight variable in every US Gulf arbitrage eastward
Risks: Drought recurrence; lock outages; auctioned transit slots repricing freight at short notice</description>
					<styleUrl>#m_ylw-pushpin0</styleUrl>
					<Point>
						<coordinates>-79.68000000000001,9.1,0</coordinates>
					</Point>
				</Placemark>
				<Placemark>
					<name>Cape of Good Hope Route</name>
					<visibility>0</visibility>
					<description>Status: Operational
Role: The open-ocean bypass — no canal, no strait, no toll, no capacity limit: the default route whenever Suez/Bab el-Mandeb or Hormuz economics fail; adds ~10–14 days between Europe and Asia
Handles: Diverted container trade, crude and products in both directions — including Sidi Kerir loadings sailing the long way to Asia in 2026
Recent: The great beneficiary of 2024–26 — Red Sea diversions, then Hormuz-era reroutings, pushed record tonnage around Africa; Saldanha Bay and Durban (both on this map) service and monitor the flow
Strategic role: The world&apos;s insurance policy — its cost is measured in time, bunkers and working capital rather than risk premiums
Risks: Southern Ocean weather; bunker-price exposure; South African port congestion and bunkering capacity</description>
					<styleUrl>#m_ylw-pushpin0</styleUrl>
					<Point>
						<coordinates>18.3,-34.75,0</coordinates>
					</Point>
				</Placemark>
			</Folder>
		</Folder>
	</Folder>
</Document>
</kml>
